time,fed,ecb,boj,pboc,boe,snb,boc
2014-01-01T00:00:00Z,3663.49,3151.79,2136.40,5240.79,643.76,550.90,85.83
2014-01-02T00:00:00Z,3799.01,3121.40,2129.04,5243.57,641.79,544.21,85.89
2014-01-03T00:00:00Z,3852.65,3106.59,2145.59,5238.98,638.92,543.17,86.04
2014-01-04T00:00:00Z,3852.65,3106.59,2145.59,5238.98,638.92,543.17,86.04
2014-01-05T00:00:00Z,3852.65,3106.59,2145.59,5238.98,638.92,543.17,86.04
2014-01-06T00:00:00Z,3827.26,3099.30,2143.26,5242.05,637.54,541.45,85.67
2014-01-07T00:00:00Z,3842.29,3108.18,2147.14,5242.63,638.71,540.90,85.40
2014-01-08T00:00:00Z,3873.88,3097.47,2141.25,5243.94,639.17,538.34,82.48
2014-01-09T00:00:00Z,3901.33,3101.58,2135.23,5241.00,641.52,539.71,82.10
2014-01-10T00:00:00Z,3902.55,3017.00,2135.04,5242.45,638.61,539.85,81.97
2014-01-11T00:00:00Z,3902.55,3017.00,2135.04,5242.45,638.61,539.85,81.97
2014-01-12T00:00:00Z,3902.55,3017.00,2135.04,5242.45,638.61,539.85,81.97
2014-01-13T00:00:00Z,3884.12,3031.88,2165.30,5249.08,638.90,542.51,81.71
2014-01-14T00:00:00Z,3889.26,3034.77,2163.54,5250.52,639.70,543.38,81.86
2014-01-15T00:00:00Z,3936.85,3021.22,2150.24,5247.67,637.80,540.08,80.98
2014-01-16T00:00:00Z,3931.35,3019.22,2143.53,5238.02,635.89,539.90,81.22
2014-01-17T00:00:00Z,3925.68,2985.57,2147.67,5244.48,639.86,540.17,80.87
2014-01-18T00:00:00Z,3925.68,2985.57,2147.67,5244.48,639.86,540.17,80.87
2014-01-19T00:00:00Z,3925.68,2985.57,2147.67,5244.48,639.86,540.17,80.87
2014-01-20T00:00:00Z,3925.68,2981.62,2156.23,5241.93,639.01,539.23,81.11
2014-01-21T00:00:00Z,3904.91,2972.83,2141.82,5243.65,638.90,536.77,80.65
2014-01-22T00:00:00Z,3907.48,2981.62,2148.31,5242.19,644.63,538.88,81.63
2014-01-23T00:00:00Z,3925.84,2997.66,2153.48,5243.51,645.93,543.02,80.32
2014-01-24T00:00:00Z,3938.80,3040.29,2188.96,5244.04,642.45,547.64,80.91
2014-01-25T00:00:00Z,3938.80,3040.29,2188.96,5244.04,642.45,547.64,80.91
2014-01-26T00:00:00Z,3938.80,3040.29,2188.96,5244.04,642.45,547.64,80.91
2014-01-27T00:00:00Z,3919.54,3033.85,2181.05,5246.68,644.24,545.99,81.07
2014-01-28T00:00:00Z,3913.35,3031.85,2176.21,5243.48,645.53,545.14,80.32
2014-01-29T00:00:00Z,3912.23,3022.74,2183.33,5239.59,644.18,544.52,80.31
2014-01-30T00:00:00Z,3934.86,3015.19,2184.92,5232.85,641.25,544.14,80.09
2014-01-31T00:00:00Z,3911.43,2996.58,2271.86,5463.97,640.80,550.10,79.99
2014-02-01T00:00:00Z,3911.43,2996.58,2271.86,5463.97,640.80,550.10,79.99
2014-02-02T00:00:00Z,3911.43,2996.58,2271.86,5463.97,640.80,550.10,79.99
2014-02-03T00:00:00Z,3955.96,2992.59,2273.94,5465.03,636.42,549.10,80.85
2014-02-04T00:00:00Z,3924.13,2997.24,2290.27,5462.52,634.99,550.45,80.87
2014-02-05T00:00:00Z,3931.48,3002.57,2298.86,5464.88,633.71,551.11,79.55
2014-02-06T00:00:00Z,3971.70,2991.92,2288.21,5465.69,634.09,549.07,79.54
2014-02-07T00:00:00Z,3974.04,2973.16,2270.76,5461.62,635.77,551.69,79.47
2014-02-08T00:00:00Z,3974.04,2973.16,2270.76,5461.62,635.77,551.69,79.47
2014-02-09T00:00:00Z,3974.04,2973.16,2270.76,5461.62,635.77,551.69,79.47
2014-02-10T00:00:00Z,3975.74,2987.18,2273.76,5464.66,638.61,554.43,79.65
2014-02-11T00:00:00Z,3947.51,2995.51,2268.05,5464.88,641.05,555.93,79.71
2014-02-12T00:00:00Z,3992.88,2972.95,2268.96,5462.61,643.31,551.11,80.62
2014-02-13T00:00:00Z,3975.71,2995.29,2277.32,5461.52,648.22,556.75,80.59
2014-02-14T00:00:00Z,3998.61,3001.97,2281.66,5458.63,650.65,557.83,80.94
2014-02-15T00:00:00Z,3998.61,3001.97,2281.66,5458.63,650.65,557.83,80.94
2014-02-16T00:00:00Z,3998.61,3001.97,2281.66,5458.63,650.65,557.83,80.94
2014-02-17T00:00:00Z,3998.61,3000.22,2278.37,5461.42,651.46,557.50,80.90
2014-02-18T00:00:00Z,3985.30,3007.22,2264.71,5457.62,649.45,558.80,80.86
2014-02-19T00:00:00Z,4016.18,3010.29,2278.19,5450.49,648.69,559.70,80.81
2014-02-20T00:00:00Z,4012.01,3001.75,2274.48,5443.05,649.29,558.61,79.85
2014-02-21T00:00:00Z,3996.83,2994.77,2265.10,5436.86,649.47,559.02,79.25
2014-02-22T00:00:00Z,3996.83,2994.77,2265.10,5436.86,649.47,559.02,79.25
2014-02-23T00:00:00Z,3996.83,2994.77,2265.10,5436.86,649.47,559.02,79.25
2014-02-24T00:00:00Z,3997.17,3000.89,2266.66,5431.31,648.58,559.52,79.73
2014-02-25T00:00:00Z,3999.90,3005.04,2270.44,5408.54,650.02,561.03,79.90
2014-02-26T00:00:00Z,4002.43,2998.92,2268.24,5406.96,649.77,559.65,80.39
2014-02-27T00:00:00Z,4001.63,2983.63,2278.56,5404.14,648.23,558.49,80.14
2014-02-28T00:00:00Z,3999.46,3012.72,2361.76,5289.10,652.51,559.93,80.23
2014-03-01T00:00:00Z,3999.46,3012.72,2361.76,5289.10,652.51,559.93,80.23
2014-03-02T00:00:00Z,3999.46,3012.72,2361.76,5289.10,652.51,559.93,80.23
2014-03-03T00:00:00Z,4027.92,3002.91,2372.96,5290.13,652.91,559.21,80.39
2014-03-04T00:00:00Z,4049.21,3002.91,2361.28,5291.70,651.69,557.24,80.57
2014-03-05T00:00:00Z,4049.83,2995.06,2346.57,5303.32,652.28,555.14,79.65
2014-03-06T00:00:00Z,4056.52,2997.89,2340.31,5310.24,651.55,555.48,79.87
2014-03-07T00:00:00Z,4057.12,3018.23,2335.91,5305.93,654.55,561.46,80.21
2014-03-08T00:00:00Z,4057.12,3018.23,2335.91,5305.93,654.55,561.46,80.21
2014-03-09T00:00:00Z,4057.12,3018.23,2335.91,5305.93,654.55,561.46,80.21
2014-03-10T00:00:00Z,4036.39,3015.40,2327.70,5293.32,649.78,560.89,79.32
2014-03-11T00:00:00Z,4042.71,3008.67,2328.02,5293.42,648.49,560.42,79.29
2014-03-12T00:00:00Z,4072.36,3016.71,2340.29,5288.65,648.43,562.65,79.13
2014-03-13T00:00:00Z,4055.44,3028.65,2339.40,5295.82,651.35,564.84,79.63
2014-03-14T00:00:00Z,4066.67,3009.73,2373.90,5284.97,647.71,564.16,79.48
2014-03-15T00:00:00Z,4066.67,3009.73,2373.90,5284.97,647.71,564.16,79.48
2014-03-16T00:00:00Z,4066.67,3009.73,2373.90,5284.97,647.71,564.16,79.48
2014-03-17T00:00:00Z,3996.69,3014.50,2363.87,5261.92,648.66,563.66,79.61
2014-03-18T00:00:00Z,3975.34,3013.64,2369.06,5248.92,647.27,563.12,79.78
2014-03-19T00:00:00Z,4027.90,3016.02,2367.41,5245.21,648.95,563.34,78.40
2014-03-20T00:00:00Z,4035.50,2983.29,2349.36,5218.18,643.64,556.17,77.74
2014-03-21T00:00:00Z,4022.84,2984.86,2348.77,5220.50,643.59,557.27,78.20
2014-03-22T00:00:00Z,4022.84,2984.86,2348.77,5220.50,643.59,557.27,78.20
2014-03-23T00:00:00Z,4022.84,2984.86,2348.77,5220.50,643.59,557.27,78.20
2014-03-24T00:00:00Z,4033.02,2983.56,2348.08,5247.10,643.54,556.34,78.10
2014-03-25T00:00:00Z,4025.08,2986.81,2347.80,5240.22,644.71,556.94,78.37
2014-03-26T00:00:00Z,4035.96,2987.24,2347.65,5234.49,645.73,556.16,79.07
2014-03-27T00:00:00Z,4044.53,2980.09,2350.35,5233.33,648.77,556.15,79.59
2014-03-28T00:00:00Z,4014.98,2961.08,2348.02,5231.94,649.21,556.23,79.99
2014-03-29T00:00:00Z,4014.98,2961.08,2348.02,5231.94,649.21,556.23,79.99
2014-03-30T00:00:00Z,4014.98,2961.08,2348.02,5231.94,649.21,556.23,79.99
2014-03-31T00:00:00Z,3842.71,2967.32,2338.79,5252.01,650.04,559.84,79.95
2014-04-01T00:00:00Z,4011.30,2967.75,2337.32,5262.72,649.35,560.65,79.88
2014-04-02T00:00:00Z,4023.20,2968.83,2330.00,5266.10,650.52,560.31,80.14
2014-04-03T00:00:00Z,4078.30,2963.66,2324.48,5258.85,648.06,558.46,80.10
2014-04-04T00:00:00Z,4078.99,2960.55,2325.33,5258.04,647.06,554.40,80.07
2014-04-05T00:00:00Z,4078.99,2960.55,2325.33,5258.04,647.06,554.40,80.07
2014-04-06T00:00:00Z,4078.99,2960.55,2325.33,5258.04,647.06,554.40,80.07
2014-04-07T00:00:00Z,4073.87,2965.52,2340.42,5257.17,647.83,556.83,80.29
2014-04-08T00:00:00Z,4075.70,2976.54,2361.62,5271.33,652.53,558.99,80.74
2014-04-09T00:00:00Z,4100.64,2980.87,2367.90,5268.49,653.83,560.54,80.74
2014-04-10T00:00:00Z,4118.48,2996.64,2375.88,5257.03,654.55,563.69,80.98
2014-04-11T00:00:00Z,4127.91,3008.95,2381.97,5259.66,653.29,564.78,80.49
2014-04-12T00:00:00Z,4127.91,3008.95,2381.97,5259.66,653.29,564.78,80.49
2014-04-13T00:00:00Z,4127.91,3008.95,2381.97,5259.66,653.29,564.78,80.49
2014-04-14T00:00:00Z,4114.45,2999.19,2371.21,5251.99,652.51,563.27,80.51
2014-04-15T00:00:00Z,4047.44,2993.98,2371.30,5250.75,653.19,561.92,80.32
2014-04-16T00:00:00Z,4077.74,3002.01,2362.04,5249.17,655.89,563.10,81.30
2014-04-17T00:00:00Z,4130.33,3005.26,2364.26,5253.34,656.29,563.44,81.11
2014-04-18T00:00:00Z,4117.28,3003.49,2364.26,5253.34,656.29,563.44,81.11
2014-04-19T00:00:00Z,4117.28,3003.49,2364.26,5253.34,656.29,563.44,81.11
2014-04-20T00:00:00Z,4117.28,3003.49,2364.26,5253.34,656.29,563.44,81.11
2014-04-21T00:00:00Z,4042.33,3003.49,2364.26,5253.34,656.29,563.44,81.11
2014-04-22T00:00:00Z,3973.77,2995.25,2355.78,5237.35,657.52,560.10,81.07
2014-04-23T00:00:00Z,3998.16,2998.94,2362.52,5238.02,655.61,561.52,81.05
2014-04-24T00:00:00Z,4077.88,2995.90,2357.29,5225.99,655.66,560.72,81.03
2014-04-25T00:00:00Z,4061.24,3000.03,2368.87,5221.75,656.30,561.58,81.08
2014-04-26T00:00:00Z,4061.24,3000.03,2368.87,5221.75,656.30,561.58,81.08
2014-04-27T00:00:00Z,4061.24,3000.03,2368.87,5221.75,656.30,561.58,81.08
2014-04-28T00:00:00Z,4034.39,3006.54,2360.62,5222.87,657.77,563.40,81.04
2014-04-29T00:00:00Z,4025.01,2998.94,2351.67,5219.86,656.59,561.10,81.44
2014-04-30T00:00:00Z,3939.48,3004.15,2399.90,5239.99,657.04,563.80,83.01
2014-05-01T00:00:00Z,4016.46,3004.15,2399.90,5239.99,657.04,563.80,83.01
2014-05-02T00:00:00Z,4025.54,3073.38,2402.15,5241.15,658.89,564.80,83.03
2014-05-03T00:00:00Z,4025.54,3073.38,2402.15,5241.15,658.89,564.80,83.03
2014-05-04T00:00:00Z,4025.54,3073.38,2402.15,5241.15,658.89,564.80,83.03
2014-05-05T00:00:00Z,4004.31,3076.04,2414.77,5253.37,658.23,565.99,82.87
2014-05-06T00:00:00Z,4005.90,3091.78,2419.43,5269.07,663.04,569.12,83.35
2014-05-07T00:00:00Z,4012.44,3087.79,2419.89,5262.02,662.54,567.59,83.18
2014-05-08T00:00:00Z,4037.22,3093.56,2419.80,5268.33,661.68,569.02,83.27
2014-05-09T00:00:00Z,4044.96,2987.33,2420.83,5268.26,658.37,561.64,83.62
2014-05-10T00:00:00Z,4044.96,2987.33,2420.83,5268.26,658.37,561.64,83.62
2014-05-11T00:00:00Z,4044.96,2987.33,2420.83,5268.26,658.37,561.64,83.62
2014-05-12T00:00:00Z,4037.76,2983.86,2415.09,5260.31,659.29,559.84,83.24
2014-05-13T00:00:00Z,4028.01,2970.42,2405.24,5265.81,657.29,557.77,83.09
2014-05-14T00:00:00Z,4090.51,2973.89,2418.40,5267.14,655.04,558.52,83.35
2014-05-15T00:00:00Z,4112.24,2960.89,2416.13,5266.48,654.18,554.80,83.62
2014-05-16T00:00:00Z,4093.92,2992.59,2426.51,5262.87,656.27,557.08,83.55
2014-05-17T00:00:00Z,4093.92,2992.59,2426.51,5262.87,656.27,557.08,83.55
2014-05-18T00:00:00Z,4093.92,2992.59,2426.51,5262.87,656.27,557.08,83.55
2014-05-19T00:00:00Z,4089.74,2996.74,2432.67,5259.95,657.34,557.03,83.63
2014-05-20T00:00:00Z,4085.57,2993.90,2428.79,5259.57,657.20,556.73,83.45
2014-05-21T00:00:00Z,4075.71,2988.22,2436.47,5262.95,659.69,555.99,83.90
2014-05-22T00:00:00Z,4081.35,2986.47,2421.37,5261.66,658.49,555.71,83.82
2014-05-23T00:00:00Z,4111.15,2949.16,2415.34,5259.63,657.51,554.39,83.90
2014-05-24T00:00:00Z,4111.15,2949.16,2415.34,5259.63,657.51,554.39,83.90
2014-05-25T00:00:00Z,4111.15,2949.16,2415.34,5259.63,657.51,554.39,83.90
2014-05-26T00:00:00Z,4111.15,2950.24,2415.35,5258.40,657.30,554.60,84.20
2014-05-27T00:00:00Z,4103.84,2950.89,2415.19,5249.87,656.55,554.22,84.30
2014-05-28T00:00:00Z,4128.44,2944.40,2414.74,5244.84,653.90,552.82,85.74
2014-05-29T00:00:00Z,4129.62,2945.27,2422.26,5258.56,652.49,553.66,85.81
2014-05-30T00:00:00Z,4129.03,2989.59,2421.02,5250.44,653.37,553.73,85.94
2014-05-31T00:00:00Z,4129.03,2989.59,2497.69,5265.53,653.83,558.45,85.94
2014-06-01T00:00:00Z,4129.03,2989.59,2497.69,5265.53,653.83,558.45,85.94
2014-06-02T00:00:00Z,4137.63,2990.47,2488.00,5265.97,654.18,558.15,85.73
2014-06-03T00:00:00Z,4165.67,2997.94,2481.71,5260.93,654.37,559.46,85.36
2014-06-04T00:00:00Z,4171.61,2993.98,2475.96,5263.68,654.87,559.27,82.53
2014-06-05T00:00:00Z,4177.91,2980.80,2474.61,5261.56,654.16,556.99,82.45
2014-06-06T00:00:00Z,4182.83,2963.47,2479.92,5263.85,657.37,560.76,82.57
2014-06-07T00:00:00Z,4182.83,2963.47,2479.92,5263.85,657.37,560.76,82.57
2014-06-08T00:00:00Z,4182.83,2963.47,2479.92,5263.85,657.37,560.76,82.57
2014-06-09T00:00:00Z,4174.34,2956.09,2479.42,5271.69,656.50,558.99,82.59
2014-06-10T00:00:00Z,4177.70,2942.84,2481.84,5285.58,655.46,556.71,82.65
2014-06-11T00:00:00Z,4187.61,2942.84,2489.74,5282.64,655.86,557.13,82.71
2014-06-12T00:00:00Z,4210.32,2938.71,2487.51,5290.84,657.47,556.57,82.92
2014-06-13T00:00:00Z,4230.03,2875.00,2489.33,5300.06,662.71,556.64,83.00
2014-06-14T00:00:00Z,4230.03,2875.00,2489.33,5300.06,662.71,556.64,83.00
2014-06-15T00:00:00Z,4230.03,2875.00,2489.33,5300.06,662.71,556.64,83.00
2014-06-16T00:00:00Z,4147.89,2874.58,2493.84,5284.80,663.03,556.65,82.76
2014-06-17T00:00:00Z,4139.54,2882.22,2489.82,5283.62,663.13,557.58,82.88
2014-06-18T00:00:00Z,4132.16,2881.16,2484.41,5280.74,661.97,557.74,82.89
2014-06-19T00:00:00Z,4170.34,2893.27,2491.80,5279.50,665.29,560.54,83.20
2014-06-20T00:00:00Z,4156.72,2826.27,2488.45,5284.60,665.69,559.27,83.31
2014-06-21T00:00:00Z,4156.72,2826.27,2488.45,5284.60,665.69,559.27,83.31
2014-06-22T00:00:00Z,4156.72,2826.27,2488.45,5284.60,665.69,559.27,83.31
2014-06-23T00:00:00Z,4129.04,2827.93,2493.87,5285.02,664.49,559.69,83.93
2014-06-24T00:00:00Z,4144.35,2832.51,2491.79,5280.53,663.83,560.32,83.95
2014-06-25T00:00:00Z,4140.61,2831.89,2492.50,5277.38,663.06,560.43,84.84
2014-06-26T00:00:00Z,4150.37,2830.01,2495.17,5285.60,665.23,560.24,85.04
2014-06-27T00:00:00Z,4132.06,2843.99,2504.97,5291.47,665.46,560.91,85.25
2014-06-28T00:00:00Z,4132.06,2843.99,2504.97,5291.47,665.46,560.91,85.25
2014-06-29T00:00:00Z,4132.06,2843.99,2504.97,5291.47,665.46,560.91,85.25
2014-06-30T00:00:00Z,3889.57,2851.93,2542.98,5315.06,666.38,570.73,85.29
2014-07-01T00:00:00Z,4124.62,2858.19,2538.67,5316.63,670.69,572.83,85.49
2014-07-02T00:00:00Z,4127.45,2851.51,2538.76,5308.39,671.06,571.54,86.11
2014-07-03T00:00:00Z,4177.99,2849.42,2529.42,5307.44,669.97,570.65,86.08
2014-07-04T00:00:00Z,4177.99,2813.11,2525.75,5313.41,670.41,567.62,86.18
2014-07-05T00:00:00Z,4177.99,2813.11,2525.75,5313.41,670.41,567.62,86.18
2014-07-06T00:00:00Z,4177.99,2813.11,2525.75,5313.41,670.41,567.62,86.18
2014-07-07T00:00:00Z,4161.73,2813.94,2529.05,5314.28,669.55,568.02,86.12
2014-07-08T00:00:00Z,4174.64,2813.32,2533.43,5315.94,669.40,567.89,85.85
2014-07-09T00:00:00Z,4181.98,2816.22,2533.84,5317.44,668.66,568.34,86.26
2014-07-10T00:00:00Z,4202.67,2816.43,2543.40,5314.18,669.13,569.08,86.22
2014-07-11T00:00:00Z,4213.96,2796.60,2543.93,5313.68,669.49,568.70,86.45
2014-07-12T00:00:00Z,4213.96,2796.60,2543.93,5313.68,669.49,568.70,86.45
2014-07-13T00:00:00Z,4213.96,2796.60,2543.93,5313.68,669.49,568.70,86.45
2014-07-14T00:00:00Z,4210.63,2803.19,2539.96,5312.78,668.96,570.23,85.75
2014-07-15T00:00:00Z,4220.88,2800.31,2537.54,5314.73,671.22,569.50,85.71
2014-07-16T00:00:00Z,4228.62,2783.64,2532.51,5312.81,669.59,565.46,86.06
2014-07-17T00:00:00Z,4241.94,2782.20,2539.68,5313.60,668.74,565.59,86.17
2014-07-18T00:00:00Z,4218.50,2789.50,2543.39,5310.37,668.19,565.73,86.20
2014-07-19T00:00:00Z,4218.50,2789.50,2543.39,5310.37,668.19,565.73,86.20
2014-07-20T00:00:00Z,4218.50,2789.50,2543.39,5310.37,668.19,565.73,86.20
2014-07-21T00:00:00Z,4215.74,2788.05,2543.93,5308.57,667.88,565.43,86.20
2014-07-22T00:00:00Z,4206.91,2780.42,2537.71,5313.09,666.90,563.56,86.10
2014-07-23T00:00:00Z,4218.20,2777.12,2542.49,5318.23,665.85,562.94,87.00
2014-07-24T00:00:00Z,4264.60,2778.56,2535.27,5321.69,665.06,563.14,86.96
2014-07-25T00:00:00Z,4262.66,2747.56,2529.25,5321.30,664.32,561.80,86.62
2014-07-26T00:00:00Z,4262.66,2747.56,2529.25,5321.30,664.32,561.80,86.62
2014-07-27T00:00:00Z,4262.66,2747.56,2529.25,5321.30,664.32,561.80,86.62
2014-07-28T00:00:00Z,4238.08,2746.12,2532.18,5328.89,664.48,561.60,86.29
2014-07-29T00:00:00Z,4226.68,2745.31,2525.89,5334.62,662.73,561.34,86.21
2014-07-30T00:00:00Z,4220.76,2739.58,2520.44,5341.91,661.94,559.57,86.31
2014-07-31T00:00:00Z,4123.03,2735.09,2614.06,5345.25,660.61,568.77,85.94
2014-08-01T00:00:00Z,4247.20,2758.95,2612.25,5341.75,658.66,569.73,85.90
2014-08-02T00:00:00Z,4247.20,2758.95,2612.25,5341.75,658.66,569.73,85.90
2014-08-03T00:00:00Z,4247.20,2758.95,2612.25,5341.75,658.66,569.73,85.90
2014-08-04T00:00:00Z,4225.98,2764.51,2621.32,5341.86,659.07,570.69,85.93
2014-08-05T00:00:00Z,4226.13,2756.27,2618.45,5349.23,659.84,568.62,85.70
2014-08-06T00:00:00Z,4217.01,2748.65,2628.04,5356.04,658.89,568.12,83.03
2014-08-07T00:00:00Z,4203.31,2753.38,2629.10,5357.84,659.07,569.19,83.33
2014-08-08T00:00:00Z,4203.79,2711.42,2639.02,5360.19,657.82,570.65,83.46
2014-08-09T00:00:00Z,4203.79,2711.42,2639.02,5360.19,657.82,570.65,83.46
2014-08-10T00:00:00Z,4203.79,2711.42,2639.02,5360.19,657.82,570.65,83.46
2014-08-11T00:00:00Z,4197.78,2711.01,2633.41,5363.23,656.98,570.71,83.17
2014-08-12T00:00:00Z,4198.77,2702.91,2629.97,5361.33,656.74,568.81,83.20
2014-08-13T00:00:00Z,4227.63,2705.74,2625.03,5363.95,653.98,569.55,84.07
2014-08-14T00:00:00Z,4242.05,2708.38,2625.67,5364.53,653.06,570.62,84.32
2014-08-15T00:00:00Z,4278.13,2708.63,2622.11,5365.01,653.35,571.74,84.25
2014-08-16T00:00:00Z,4278.13,2708.63,2622.11,5365.01,653.35,571.74,84.25
2014-08-17T00:00:00Z,4278.13,2708.63,2622.11,5365.01,653.35,571.74,84.25
2014-08-18T00:00:00Z,4247.26,2707.62,2623.23,5369.85,654.69,571.85,84.42
2014-08-19T00:00:00Z,4249.14,2701.75,2619.45,5374.22,651.28,570.75,84.18
2014-08-20T00:00:00Z,4230.25,2687.59,2603.63,5376.20,651.56,567.67,83.77
2014-08-21T00:00:00Z,4226.87,2683.14,2590.26,5363.94,649.55,566.59,83.68
2014-08-22T00:00:00Z,4241.12,2670.67,2591.43,5365.24,648.94,567.22,83.73
2014-08-23T00:00:00Z,4241.12,2670.67,2591.43,5365.24,648.94,567.22,83.73
2014-08-24T00:00:00Z,4241.12,2670.67,2591.43,5365.24,648.94,567.22,83.73
2014-08-25T00:00:00Z,4214.82,2657.19,2589.06,5363.25,649.42,564.97,83.77
2014-08-26T00:00:00Z,4214.34,2655.57,2587.11,5358.48,648.72,564.67,83.67
2014-08-27T00:00:00Z,4204.34,2652.56,2589.27,5373.08,649.65,564.87,84.15
2014-08-28T00:00:00Z,4219.25,2652.76,2593.25,5374.68,649.29,565.29,84.64
2014-08-29T00:00:00Z,4192.48,2688.66,2587.08,5373.19,649.13,565.67,84.56
2014-08-30T00:00:00Z,4192.48,2688.66,2587.08,5373.19,649.13,565.67,84.56
2014-08-31T00:00:00Z,4192.48,2688.66,2653.72,5382.02,648.60,571.13,84.56
2014-09-01T00:00:00Z,4192.48,2677.45,2645.35,5382.09,650.02,568.23,84.49
2014-09-02T00:00:00Z,4222.52,2673.78,2629.06,5377.98,646.64,567.45,84.13
2014-09-03T00:00:00Z,4243.54,2681.12,2627.11,5383.26,644.15,568.73,84.17
2014-09-04T00:00:00Z,4214.72,2653.39,2623.11,5386.01,641.79,563.92,84.33
2014-09-05T00:00:00Z,4215.81,2605.31,2621.48,5383.95,637.40,560.60,84.34
2014-09-06T00:00:00Z,4215.81,2605.31,2621.48,5383.95,637.40,560.60,84.34
2014-09-07T00:00:00Z,4215.81,2605.31,2621.48,5383.95,637.40,560.60,84.34
2014-09-08T00:00:00Z,4191.64,2605.10,2620.32,5383.40,631.15,560.33,84.13
2014-09-09T00:00:00Z,4207.84,2596.05,2600.15,5387.73,630.41,558.79,83.58
2014-09-10T00:00:00Z,4229.24,2601.48,2586.70,5393.90,631.14,559.41,83.49
2014-09-11T00:00:00Z,4236.76,2601.28,2577.52,5393.95,635.41,558.07,83.35
2014-09-12T00:00:00Z,4245.20,2591.12,2571.80,5390.65,634.92,558.71,83.00
2014-09-13T00:00:00Z,4245.20,2591.12,2571.80,5390.65,634.92,558.71,83.00
2014-09-14T00:00:00Z,4245.20,2591.12,2571.80,5390.65,634.92,558.71,83.00
2014-09-15T00:00:00Z,4173.46,2587.11,2572.28,5381.97,635.26,557.38,82.80
2014-09-16T00:00:00Z,4145.59,2594.72,2576.31,5380.11,633.74,559.67,83.13
2014-09-17T00:00:00Z,4168.69,2596.13,2570.66,5385.18,638.56,559.23,83.99
2014-09-18T00:00:00Z,4178.05,2579.29,2534.67,5383.43,638.68,556.30,83.79
2014-09-19T00:00:00Z,4171.37,2555.17,2535.62,5384.12,639.15,556.31,83.96
2014-09-20T00:00:00Z,4171.37,2555.17,2535.62,5384.12,639.15,556.31,83.96
2014-09-21T00:00:00Z,4171.37,2555.17,2535.62,5384.12,639.15,556.31,83.96
2014-09-22T00:00:00Z,4145.53,2553.78,2529.71,5384.12,638.72,555.91,83.76
2014-09-23T00:00:00Z,4145.49,2563.13,2542.96,5386.07,641.55,557.94,83.77
2014-09-24T00:00:00Z,4177.83,2550.01,2536.66,5387.36,641.28,554.72,83.24
2014-09-25T00:00:00Z,4201.76,2527.34,2525.33,5387.38,637.13,549.84,82.92
2014-09-26T00:00:00Z,4176.60,2595.08,2528.40,5397.59,637.89,550.93,82.98
2014-09-27T00:00:00Z,4176.60,2595.08,2528.40,5397.59,637.89,550.93,82.98
2014-09-28T00:00:00Z,4176.60,2595.08,2528.40,5397.59,637.89,550.93,82.98
2014-09-29T00:00:00Z,4142.38,2588.76,2521.51,5373.97,634.71,549.59,82.63
2014-09-30T00:00:00Z,4000.75,2564.71,2524.61,5476.40,632.74,544.55,82.53
2014-10-01T00:00:00Z,4111.21,2568.79,2520.96,5476.60,633.01,545.01,83.06
2014-10-02T00:00:00Z,4155.17,2574.49,2546.04,5476.39,631.02,545.63,83.67
2014-10-03T00:00:00Z,4172.09,2590.91,2543.20,5477.79,627.98,544.80,83.33
2014-10-04T00:00:00Z,4172.09,2590.91,2543.20,5477.79,627.98,544.80,83.33
2014-10-05T00:00:00Z,4172.09,2590.91,2543.20,5477.79,627.98,544.80,83.33
2014-10-06T00:00:00Z,4166.18,2580.43,2536.80,5476.58,625.04,541.21,83.17
2014-10-07T00:00:00Z,4170.91,2589.06,2551.78,5476.64,628.53,543.25,83.59
2014-10-08T00:00:00Z,4187.56,2596.86,2558.17,5477.72,628.02,544.12,83.57
2014-10-09T00:00:00Z,4210.65,2621.10,2574.52,5483.28,633.48,550.33,84.06
2014-10-10T00:00:00Z,4219.03,2581.55,2569.88,5484.58,626.72,545.62,83.41
2014-10-11T00:00:00Z,4219.03,2581.55,2569.88,5484.58,626.72,545.62,83.41
2014-10-12T00:00:00Z,4219.03,2581.55,2569.88,5484.58,626.72,545.62,83.41
2014-10-13T00:00:00Z,4219.03,2589.92,2584.29,5488.21,628.91,548.07,83.30
2014-10-14T00:00:00Z,4223.07,2583.18,2590.14,5489.33,622.14,546.55,83.04
2014-10-15T00:00:00Z,4251.03,2587.26,2590.21,5488.45,622.19,547.73,82.09
2014-10-16T00:00:00Z,4240.14,2604.22,2617.81,5491.15,625.24,551.83,82.40
2014-10-17T00:00:00Z,4233.59,2602.72,2604.06,5489.63,630.06,554.43,83.05
2014-10-18T00:00:00Z,4233.59,2602.72,2604.06,5489.63,630.06,554.43,83.05
2014-10-19T00:00:00Z,4233.59,2602.72,2604.06,5489.63,630.06,554.43,83.05
2014-10-20T00:00:00Z,4203.45,2592.57,2590.68,5491.71,630.85,552.73,82.93
2014-10-21T00:00:00Z,4217.72,2590.34,2596.43,5491.41,631.43,552.07,83.00
2014-10-22T00:00:00Z,4221.60,2576.33,2590.19,5495.12,627.30,549.36,83.72
2014-10-23T00:00:00Z,4224.28,2571.46,2573.36,5493.92,626.51,548.09,83.76
2014-10-24T00:00:00Z,4260.83,2573.30,2567.18,5497.81,627.36,547.98,83.79
2014-10-25T00:00:00Z,4260.83,2573.30,2567.18,5497.81,627.36,547.98,83.79
2014-10-26T00:00:00Z,4260.83,2573.30,2567.18,5497.81,627.36,547.98,83.79
2014-10-27T00:00:00Z,4242.74,2577.37,2568.98,5497.91,629.63,548.84,83.51
2014-10-28T00:00:00Z,4247.36,2591.39,2570.00,5500.31,632.25,552.01,83.81
2014-10-29T00:00:00Z,4233.40,2589.16,2562.19,5502.13,629.43,551.40,83.52
2014-10-30T00:00:00Z,4222.17,2560.90,2543.09,5499.30,625.53,545.38,83.30
2014-10-31T00:00:00Z,4183.07,2570.01,2562.68,5550.24,624.73,544.61,82.54
2014-11-01T00:00:00Z,4183.07,2570.01,2562.68,5550.24,624.73,544.61,82.54
2014-11-02T00:00:00Z,4183.07,2570.01,2562.68,5550.24,624.73,544.61,82.54
2014-11-03T00:00:00Z,4261.71,2563.65,2520.20,5544.61,625.90,543.85,82.46
2014-11-04T00:00:00Z,4263.38,2567.96,2528.52,5547.33,626.11,544.72,81.52
2014-11-05T00:00:00Z,4259.48,2560.98,2499.64,5548.78,622.50,543.78,80.11
2014-11-06T00:00:00Z,4266.05,2568.58,2504.95,5549.89,622.87,545.30,80.35
2014-11-07T00:00:00Z,4273.17,2515.45,2487.78,5541.62,618.87,540.12,80.19
2014-11-08T00:00:00Z,4273.17,2515.45,2487.78,5541.62,618.87,540.12,80.19
2014-11-09T00:00:00Z,4273.17,2515.45,2487.78,5541.62,618.87,540.12,80.19
2014-11-10T00:00:00Z,4274.35,2534.33,2512.25,5543.97,622.08,544.72,81.04
2014-11-11T00:00:00Z,4274.35,2521.75,2476.84,5540.80,620.26,542.20,80.49
2014-11-12T00:00:00Z,4282.21,2530.47,2489.74,5537.78,618.93,544.12,81.19
2014-11-13T00:00:00Z,4276.19,2528.24,2483.39,5537.46,615.88,543.86,81.11
2014-11-14T00:00:00Z,4287.35,2522.21,2461.10,5535.02,612.42,543.13,80.73
2014-11-15T00:00:00Z,4287.35,2522.21,2461.10,5535.02,612.42,543.13,80.73
2014-11-16T00:00:00Z,4287.35,2522.21,2461.10,5535.02,612.42,543.13,80.73
2014-11-17T00:00:00Z,4281.74,2534.38,2466.85,5540.43,611.91,545.84,81.25
2014-11-18T00:00:00Z,4243.17,2538.03,2460.07,5542.47,612.40,546.62,81.38
2014-11-19T00:00:00Z,4245.75,2542.29,2438.46,5544.18,613.24,547.50,81.25
2014-11-20T00:00:00Z,4249.32,2543.10,2426.08,5537.72,614.01,547.67,81.43
2014-11-21T00:00:00Z,4250.75,2525.60,2432.82,5537.29,613.50,542.11,81.90
2014-11-22T00:00:00Z,4250.75,2525.60,2432.82,5537.29,613.50,542.11,81.90
2014-11-23T00:00:00Z,4250.75,2525.60,2432.82,5537.29,613.50,542.11,81.90
2014-11-24T00:00:00Z,4273.26,2523.16,2424.51,5524.76,613.30,541.45,81.97
2014-11-25T00:00:00Z,4264.57,2526.00,2429.89,5528.23,612.98,541.93,81.82
2014-11-26T00:00:00Z,4265.75,2536.37,2435.71,5527.15,617.02,544.33,81.97
2014-11-27T00:00:00Z,4265.75,2537.39,2440.68,5527.05,616.45,544.73,82.11
2014-11-28T00:00:00Z,4203.75,2563.87,2424.40,5523.84,614.04,545.04,81.04
2014-11-29T00:00:00Z,4203.75,2563.87,2424.40,5523.84,614.04,545.04,81.04
2014-11-30T00:00:00Z,4203.75,2563.87,2513.46,5539.07,614.76,545.63,81.04
2014-12-01T00:00:00Z,4251.65,2561.00,2511.83,5527.89,616.08,544.56,81.03
2014-12-02T00:00:00Z,4254.44,2551.76,2494.99,5531.65,613.16,542.06,81.24
2014-12-03T00:00:00Z,4262.26,2532.65,2491.12,5538.15,614.30,538.36,80.65
2014-12-04T00:00:00Z,4278.34,2528.55,2479.67,5527.34,613.38,537.35,80.72
2014-12-05T00:00:00Z,4279.17,2519.49,2466.72,5529.96,614.36,540.21,80.56
2014-12-06T00:00:00Z,4279.17,2519.49,2466.72,5529.96,614.36,540.21,80.56
2014-12-07T00:00:00Z,4279.17,2519.49,2466.72,5529.96,614.36,540.21,80.56
2014-12-08T00:00:00Z,4317.16,2498.29,2455.52,5511.62,611.99,535.57,80.21
2014-12-09T00:00:00Z,4334.38,2520.91,2484.95,5497.38,613.11,540.51,80.14
2014-12-10T00:00:00Z,4334.74,2525.60,2501.23,5509.26,614.56,541.38,80.30
2014-12-11T00:00:00Z,4331.46,2532.94,2510.72,5497.25,614.06,543.50,80.00
2014-12-12T00:00:00Z,4326.33,2533.26,2511.58,5497.47,615.30,544.55,79.39
2014-12-13T00:00:00Z,4326.33,2533.26,2511.58,5497.47,615.30,544.55,79.39
2014-12-14T00:00:00Z,4326.33,2533.26,2511.58,5497.47,615.30,544.55,79.39
2014-12-15T00:00:00Z,4284.78,2528.38,2502.32,5493.22,613.26,543.45,79.29
2014-12-16T00:00:00Z,4271.44,2550.96,2557.23,5494.88,616.49,548.40,78.87
2014-12-17T00:00:00Z,4299.15,2532.85,2537.34,5489.89,614.66,544.46,80.31
2014-12-18T00:00:00Z,4271.54,2499.69,2502.91,5473.27,611.78,535.46,80.56
2014-12-19T00:00:00Z,4266.11,2621.32,2494.00,5468.02,612.88,535.78,80.58
2014-12-20T00:00:00Z,4266.11,2621.32,2494.00,5468.02,612.88,535.78,80.58
2014-12-21T00:00:00Z,4266.11,2621.32,2494.00,5468.02,612.88,535.78,80.58
2014-12-22T00:00:00Z,4258.84,2617.05,2478.93,5468.35,611.73,535.08,80.34
2014-12-23T00:00:00Z,4263.55,2607.23,2474.00,5464.81,608.04,533.21,80.29
2014-12-24T00:00:00Z,4278.31,2608.51,2470.67,5472.17,608.49,533.78,82.13
2014-12-25T00:00:00Z,4278.31,2608.51,2470.67,5472.17,608.49,533.78,82.13
2014-12-26T00:00:00Z,4285.40,2627.39,2470.67,5472.17,608.49,533.78,82.13
2014-12-27T00:00:00Z,4285.40,2627.39,2470.67,5472.17,608.49,533.78,82.13
2014-12-28T00:00:00Z,4285.40,2627.39,2470.67,5472.17,608.49,533.78,82.13
2014-12-29T00:00:00Z,4282.76,2622.66,2468.07,5465.85,609.17,532.68,81.87
2014-12-30T00:00:00Z,4272.01,2614.70,2486.81,5483.79,608.80,531.07,81.91
2014-12-31T00:00:00Z,4103.09,2610.61,2509.72,5449.56,611.37,566.66,81.25
2015-01-01T00:00:00Z,4103.09,2610.61,2509.72,5449.56,611.37,566.66,81.25
2015-01-02T00:00:00Z,4290.51,2668.72,2489.81,5448.88,605.58,562.18,80.56
2015-01-03T00:00:00Z,4290.51,2668.72,2489.81,5448.88,605.58,562.18,80.56
2015-01-04T00:00:00Z,4290.51,2668.72,2489.81,5448.88,605.58,562.18,80.56
2015-01-05T00:00:00Z,4159.95,2640.36,2501.41,5438.11,597.08,556.48,79.86
2015-01-06T00:00:00Z,4178.29,2640.14,2524.33,5444.19,595.89,556.53,80.01
2015-01-07T00:00:00Z,4179.41,2621.74,2515.98,5443.77,593.17,552.79,79.57
2015-01-08T00:00:00Z,4220.47,2607.78,2505.60,5441.43,590.92,549.89,79.66
2015-01-09T00:00:00Z,4228.40,2562.03,2518.57,5449.64,594.09,552.00,79.64
2015-01-10T00:00:00Z,4228.40,2562.03,2518.57,5449.64,594.09,552.00,79.64
2015-01-11T00:00:00Z,4228.40,2562.03,2518.57,5449.64,594.09,552.00,79.64
2015-01-12T00:00:00Z,4216.83,2560.08,2521.13,5454.94,594.25,551.58,79.12
2015-01-13T00:00:00Z,4228.18,2555.30,2534.46,5457.15,594.97,550.55,78.67
2015-01-14T00:00:00Z,4260.95,2553.79,2571.28,5458.39,595.69,550.22,76.84
2015-01-15T00:00:00Z,4260.89,2539.26,2575.38,5461.69,598.56,639.16,77.69
2015-01-16T00:00:00Z,4215.37,2500.95,2575.78,5449.53,595.14,642.10,76.40
2015-01-17T00:00:00Z,4215.37,2500.95,2575.78,5449.53,595.14,642.10,76.40
2015-01-18T00:00:00Z,4215.37,2500.95,2575.78,5449.53,595.14,642.10,76.40
2015-01-19T00:00:00Z,4215.37,2504.62,2556.66,5437.71,593.91,643.55,76.73
2015-01-20T00:00:00Z,4191.91,2499.01,2530.50,5443.63,594.68,644.21,76.53
2015-01-21T00:00:00Z,4148.94,2502.03,2557.77,5444.99,592.76,650.80,77.29
2015-01-22T00:00:00Z,4145.31,2507.42,2551.47,5447.13,596.13,655.74,75.55
2015-01-23T00:00:00Z,4182.85,2418.54,2544.48,5430.41,587.73,640.21,74.99
2015-01-24T00:00:00Z,4182.85,2418.54,2544.48,5430.41,587.73,640.21,74.99
2015-01-25T00:00:00Z,4182.85,2418.54,2544.48,5430.41,587.73,640.21,74.99
2015-01-26T00:00:00Z,4170.19,2428.47,2537.46,5408.21,588.84,630.13,74.91
2015-01-27T00:00:00Z,4172.48,2441.87,2550.49,5416.54,593.44,623.89,74.92
2015-01-28T00:00:00Z,4142.20,2450.07,2547.20,5414.35,595.95,621.59,75.63
2015-01-29T00:00:00Z,4161.25,2443.81,2545.83,5415.56,593.51,612.23,74.96
2015-01-30T00:00:00Z,4152.41,2466.70,2550.27,5413.30,590.34,606.07,74.14
2015-01-31T00:00:00Z,4152.41,2466.70,2643.38,5423.21,590.80,602.41,74.14
2015-02-01T00:00:00Z,4152.41,2466.70,2643.38,5423.21,590.80,602.41,74.14
2015-02-02T00:00:00Z,4175.30,2467.79,2644.95,5415.49,589.88,599.76,74.13
2015-02-03T00:00:00Z,4196.73,2482.19,2652.01,5415.80,592.26,602.86,74.64
2015-02-04T00:00:00Z,4197.45,2497.46,2648.29,5422.76,597.77,602.22,73.67
2015-02-05T00:00:00Z,4202.90,2489.61,2650.01,5422.31,598.60,601.18,73.25
2015-02-06T00:00:00Z,4215.31,2461.35,2652.66,5422.55,601.26,606.16,73.71
2015-02-07T00:00:00Z,4215.31,2461.35,2652.66,5422.55,601.26,606.16,73.71
2015-02-08T00:00:00Z,4215.31,2461.35,2652.66,5422.55,601.26,606.16,73.71
2015-02-09T00:00:00Z,4216.39,2424.36,2623.75,5425.03,596.86,603.12,73.39
2015-02-10T00:00:00Z,4223.42,2429.09,2610.32,5429.14,597.62,602.62,73.56
2015-02-11T00:00:00Z,4244.17,2432.75,2598.24,5428.22,600.47,603.07,72.91
2015-02-12T00:00:00Z,4251.27,2435.76,2597.24,5427.25,602.84,598.44,73.21
2015-02-13T00:00:00Z,4277.07,2450.47,2614.40,5431.07,603.61,600.27,73.51
2015-02-14T00:00:00Z,4277.07,2450.47,2614.40,5431.07,603.61,600.27,73.51
2015-02-15T00:00:00Z,4277.07,2450.47,2614.40,5431.07,603.61,600.27,73.51
2015-02-16T00:00:00Z,4277.07,2456.28,2624.47,5422.50,603.41,598.86,73.84
2015-02-17T00:00:00Z,4296.87,2457.79,2619.31,5417.39,602.73,598.95,74.31
2015-02-18T00:00:00Z,4266.48,2448.53,2607.90,5417.47,605.51,592.46,74.15
2015-02-19T00:00:00Z,4288.12,2451.76,2614.62,5417.30,605.73,588.35,73.73
2015-02-20T00:00:00Z,4267.60,2449.17,2625.37,5419.62,603.53,588.00,74.11
2015-02-21T00:00:00Z,4267.60,2449.17,2625.37,5419.62,603.53,588.00,74.11
2015-02-22T00:00:00Z,4267.60,2449.17,2625.37,5419.62,603.53,588.00,74.11
2015-02-23T00:00:00Z,4270.48,2449.17,2613.85,5416.25,603.20,587.51,73.16
2015-02-24T00:00:00Z,4306.84,2455.68,2604.14,5418.67,605.46,587.53,73.02
2015-02-25T00:00:00Z,4290.26,2459.58,2616.79,5413.30,607.75,587.48,74.81
2015-02-26T00:00:00Z,4303.36,2453.29,2617.47,5414.25,608.44,587.51,74.64
2015-02-27T00:00:00Z,4296.80,2423.16,2609.16,5403.81,606.21,589.49,74.75
2015-02-28T00:00:00Z,4296.80,2423.16,2686.88,5508.15,607.01,600.90,74.75
2015-03-01T00:00:00Z,4296.80,2423.16,2686.88,5508.15,607.01,600.90,74.75
2015-03-02T00:00:00Z,4283.72,2420.36,2675.39,5504.04,604.98,595.28,74.50
2015-03-03T00:00:00Z,4322.05,2407.64,2675.86,5507.40,603.29,591.49,74.35
2015-03-04T00:00:00Z,4340.04,2398.15,2677.13,5510.01,602.32,591.47,74.04
2015-03-05T00:00:00Z,4374.42,2386.29,2664.89,5510.58,600.00,588.38,74.48
2015-03-06T00:00:00Z,4367.00,2340.40,2671.89,5515.93,596.80,582.59,74.33
2015-03-07T00:00:00Z,4367.00,2340.40,2671.89,5515.93,596.80,582.59,74.33
2015-03-08T00:00:00Z,4367.00,2340.40,2671.89,5515.93,596.80,582.59,74.33
2015-03-09T00:00:00Z,4353.23,2318.41,2650.22,5513.66,593.99,577.60,73.59
2015-03-10T00:00:00Z,4361.37,2292.37,2640.96,5516.42,592.10,570.47,73.34
2015-03-11T00:00:00Z,4377.65,2258.21,2641.34,5515.52,590.95,564.50,73.49
2015-03-12T00:00:00Z,4328.61,2265.68,2650.91,5516.03,588.26,567.38,73.74
2015-03-13T00:00:00Z,4357.05,2264.65,2638.20,5518.47,580.95,564.55,73.29
2015-03-14T00:00:00Z,4357.05,2264.65,2638.20,5518.47,580.95,564.55,73.29
2015-03-15T00:00:00Z,4357.05,2264.65,2638.20,5518.47,580.95,564.55,73.29
2015-03-16T00:00:00Z,4271.61,2261.43,2643.72,5515.56,581.88,565.50,73.02
2015-03-17T00:00:00Z,4281.87,2278.14,2643.83,5526.64,580.60,567.28,73.06
2015-03-18T00:00:00Z,4256.90,2268.93,2644.43,5544.83,575.81,566.74,72.06
2015-03-19T00:00:00Z,4324.75,2287.14,2649.75,5575.98,584.23,573.01,72.67
2015-03-20T00:00:00Z,4317.18,2325.29,2650.91,5566.74,583.79,580.68,72.93
2015-03-21T00:00:00Z,4317.18,2325.29,2650.91,5566.74,583.79,580.68,72.93
2015-03-22T00:00:00Z,4317.18,2325.29,2650.91,5566.74,583.79,580.68,72.93
2015-03-23T00:00:00Z,4303.40,2354.64,2673.29,5558.19,586.07,587.51,73.78
2015-03-24T00:00:00Z,4349.21,2362.84,2680.75,5563.68,586.03,593.49,74.14
2015-03-25T00:00:00Z,4343.89,2370.39,2684.40,5559.96,586.23,593.91,74.06
2015-03-26T00:00:00Z,4335.02,2367.80,2690.91,5559.59,585.11,594.34,74.30
2015-03-27T00:00:00Z,4338.09,2443.47,2688.55,5557.04,584.66,589.24,73.90
2015-03-28T00:00:00Z,4338.09,2443.47,2688.55,5557.04,584.66,589.24,73.90
2015-03-29T00:00:00Z,4338.09,2443.47,2688.55,5557.04,584.66,589.24,73.90
2015-03-30T00:00:00Z,4371.77,2440.99,2672.81,5564.11,581.68,590.73,73.13
2015-03-31T00:00:00Z,4178.28,2421.64,2699.92,5519.42,584.96,597.79,72.40
2015-04-01T00:00:00Z,4384.65,2420.74,2691.82,5521.34,583.78,599.69,73.79
2015-04-02T00:00:00Z,4375.56,2437.62,2704.31,5523.14,585.36,605.38,73.98
2015-04-03T00:00:00Z,4398.66,2527.86,2704.31,5523.14,585.36,605.38,73.98
2015-04-04T00:00:00Z,4398.66,2527.86,2704.31,5523.14,585.36,605.38,73.98
2015-04-05T00:00:00Z,4398.66,2527.86,2704.31,5523.14,585.36,605.38,73.98
2015-04-06T00:00:00Z,4304.88,2527.86,2704.31,5523.14,585.36,605.38,73.98
2015-04-07T00:00:00Z,4300.45,2531.83,2693.18,5520.62,588.69,604.13,74.80
2015-04-08T00:00:00Z,4342.72,2535.33,2701.88,5517.10,591.29,604.96,74.56
2015-04-09T00:00:00Z,4365.06,2514.79,2698.03,5514.47,586.17,599.54,73.92
2015-04-10T00:00:00Z,4360.18,2482.85,2686.45,5512.03,576.98,591.42,73.10
2015-04-11T00:00:00Z,4360.18,2482.85,2686.45,5512.03,576.98,591.42,73.10
2015-04-12T00:00:00Z,4360.18,2482.85,2686.45,5512.03,576.98,591.42,73.10
2015-04-13T00:00:00Z,4347.91,2478.63,2684.40,5508.85,578.31,591.38,73.32
2015-04-14T00:00:00Z,4339.81,2481.44,2698.70,5508.31,578.81,593.71,73.58
2015-04-15T00:00:00Z,4303.99,2484.97,2705.74,5515.21,583.60,595.88,74.32
2015-04-16T00:00:00Z,4294.57,2515.97,2715.46,5522.36,589.15,602.96,75.80
2015-04-17T00:00:00Z,4251.12,2534.87,2724.28,5522.55,593.99,610.54,76.51
2015-04-18T00:00:00Z,4251.12,2534.87,2724.28,5522.55,593.99,610.54,76.51
2015-04-19T00:00:00Z,4251.12,2534.87,2724.28,5522.55,593.99,610.54,76.51
2015-04-20T00:00:00Z,4224.94,2513.54,2717.65,5514.76,589.28,606.22,76.13
2015-04-21T00:00:00Z,4175.55,2508.15,2710.33,5518.27,588.71,606.75,76.27
2015-04-22T00:00:00Z,4174.47,2518.23,2706.40,5525.04,595.88,605.00,76.66
2015-04-23T00:00:00Z,4178.15,2525.02,2694.61,5521.62,594.08,603.13,76.76
2015-04-24T00:00:00Z,4206.89,2555.32,2707.62,5524.36,597.86,608.68,77.43
2015-04-25T00:00:00Z,4206.89,2555.32,2707.62,5524.36,597.86,608.68,77.43
2015-04-26T00:00:00Z,4206.89,2555.32,2707.62,5524.36,597.86,608.68,77.43
2015-04-27T00:00:00Z,4181.19,2554.85,2709.84,5502.17,597.50,606.86,77.20
2015-04-28T00:00:00Z,4161.19,2579.64,2718.05,5515.00,604.31,607.07,77.76
2015-04-29T00:00:00Z,4133.85,2597.34,2713.55,5519.88,607.52,609.66,79.01
2015-04-30T00:00:00Z,4067.17,2647.63,2800.96,5495.43,614.91,624.83,79.24
2015-05-01T00:00:00Z,4171.29,2660.82,2800.96,5495.43,614.91,624.83,79.24
2015-05-02T00:00:00Z,4171.29,2660.82,2800.96,5495.43,614.91,624.83,79.24
2015-05-03T00:00:00Z,4171.29,2660.82,2800.96,5495.43,614.91,624.83,79.24
2015-05-04T00:00:00Z,4153.52,2645.87,2768.40,5490.05,602.19,624.59,78.60
2015-05-05T00:00:00Z,4156.46,2637.57,2762.80,5496.24,602.65,625.93,78.78
2015-05-06T00:00:00Z,4158.85,2664.38,2776.99,5497.88,606.63,632.42,77.63
2015-05-07T00:00:00Z,4160.03,2682.17,2792.84,5495.22,606.66,638.55,77.25
2015-05-08T00:00:00Z,4164.19,2668.19,2768.39,5492.77,614.14,631.24,77.03
2015-05-09T00:00:00Z,4164.19,2668.19,2768.39,5492.77,614.14,631.24,77.03
2015-05-10T00:00:00Z,4164.19,2668.19,2768.39,5492.77,614.14,631.24,77.03
2015-05-11T00:00:00Z,4163.18,2649.40,2774.82,5489.17,616.94,625.71,76.97
2015-05-12T00:00:00Z,4174.70,2672.47,2773.86,5487.16,625.09,631.59,77.44
2015-05-13T00:00:00Z,4203.67,2668.19,2780.55,5494.11,623.22,629.73,78.24
2015-05-14T00:00:00Z,4234.48,2715.27,2791.99,5497.10,629.21,642.32,78.40
2015-05-15T00:00:00Z,4251.34,2705.84,2776.67,5494.72,625.93,632.51,77.83
2015-05-16T00:00:00Z,4251.34,2705.84,2776.67,5494.72,625.93,632.51,77.83
2015-05-17T00:00:00Z,4251.34,2705.84,2776.67,5494.72,625.93,632.51,77.83
2015-05-18T00:00:00Z,4177.70,2720.41,2780.36,5494.37,624.19,634.76,77.70
2015-05-19T00:00:00Z,4185.65,2670.48,2769.36,5492.81,617.11,626.82,76.91
2015-05-20T00:00:00Z,4152.29,2655.68,2752.57,5494.82,618.96,622.81,77.36
2015-05-21T00:00:00Z,4160.79,2659.26,2748.92,5501.75,624.86,625.75,77.34
2015-05-22T00:00:00Z,4197.91,2682.21,2752.08,5500.01,623.18,626.11,77.44
2015-05-23T00:00:00Z,4197.91,2682.21,2752.08,5500.01,623.18,626.11,77.44
2015-05-24T00:00:00Z,4197.91,2682.21,2752.08,5500.01,623.18,626.11,77.44
2015-05-25T00:00:00Z,4197.91,2637.52,2739.10,5495.42,616.07,619.72,76.85
2015-05-26T00:00:00Z,4188.02,2625.03,2712.30,5494.65,613.50,616.67,76.35
2015-05-27T00:00:00Z,4171.57,2609.89,2690.64,5499.23,612.21,614.30,76.95
2015-05-28T00:00:00Z,4157.93,2617.82,2679.07,5497.16,609.41,615.39,76.82
2015-05-29T00:00:00Z,4104.83,2651.08,2685.56,5499.82,607.92,619.75,77.03
2015-05-30T00:00:00Z,4104.83,2651.08,2685.56,5499.82,607.92,619.75,77.03
2015-05-31T00:00:00Z,4104.83,2651.08,2768.85,5497.77,614.27,608.17,77.03
2015-06-01T00:00:00Z,4173.42,2644.80,2765.54,5499.87,612.60,607.31,76.72
2015-06-02T00:00:00Z,4185.43,2665.34,2751.96,5497.91,613.05,608.49,76.69
2015-06-03T00:00:00Z,4185.87,2690.72,2759.30,5496.53,616.17,612.17,75.53
2015-06-04T00:00:00Z,4189.18,2734.94,2764.52,5495.24,619.56,614.92,75.51
2015-06-05T00:00:00Z,4204.11,2724.10,2750.12,5492.65,617.25,613.78,75.20
2015-06-06T00:00:00Z,4204.11,2724.10,2750.12,5492.65,617.25,613.78,75.20
2015-06-07T00:00:00Z,4204.11,2724.10,2750.12,5492.65,617.25,613.78,75.20
2015-06-08T00:00:00Z,4197.80,2710.50,2738.94,5490.31,614.09,611.19,75.60
2015-06-09T00:00:00Z,4209.79,2731.62,2765.82,5490.94,615.84,616.24,76.13
2015-06-10T00:00:00Z,4214.63,2738.91,2790.60,5490.01,623.42,616.65,76.97
2015-06-11T00:00:00Z,4211.66,2727.50,2773.77,5490.74,622.36,611.92,76.44
2015-06-12T00:00:00Z,4206.00,2740.03,2774.20,5488.97,623.50,614.42,76.55
2015-06-13T00:00:00Z,4206.00,2740.03,2774.20,5488.97,623.50,614.42,76.55
2015-06-14T00:00:00Z,4206.00,2740.03,2774.20,5488.97,623.50,614.42,76.55
2015-06-15T00:00:00Z,4123.44,2739.55,2778.51,5488.15,624.33,611.80,76.31
2015-06-16T00:00:00Z,4098.08,2738.81,2780.17,5486.84,628.68,614.38,76.30
2015-06-17T00:00:00Z,4125.74,2754.44,2768.84,5489.86,633.33,618.71,77.14
2015-06-18T00:00:00Z,4108.91,2784.97,2796.32,5489.85,640.62,624.97,78.11
2015-06-19T00:00:00Z,4095.55,2770.45,2785.50,5487.83,637.66,619.93,77.40
2015-06-20T00:00:00Z,4095.55,2770.45,2785.50,5487.83,637.66,619.93,77.40
2015-06-21T00:00:00Z,4095.55,2770.45,2785.50,5487.83,637.66,619.93,77.40
2015-06-22T00:00:00Z,4062.41,2781.73,2784.64,5487.80,637.13,623.29,77.63
2015-06-23T00:00:00Z,4053.01,2747.16,2771.44,5490.29,635.23,614.72,76.97
2015-06-24T00:00:00Z,4117.65,2749.37,2769.47,5488.38,634.22,615.21,77.86
2015-06-25T00:00:00Z,4217.58,2747.65,2775.94,5488.03,633.12,611.43,77.34
2015-06-26T00:00:00Z,4182.56,2844.80,2773.75,5488.20,633.16,614.73,77.46
2015-06-27T00:00:00Z,4182.56,2844.80,2773.75,5488.20,633.16,614.73,77.46
2015-06-28T00:00:00Z,4182.56,2844.80,2773.75,5488.20,633.16,614.73,77.46
2015-06-29T00:00:00Z,4214.69,2827.27,2792.33,5488.49,632.63,615.12,77.40
2015-06-30T00:00:00Z,4048.11,2841.50,2821.05,5437.16,634.12,620.03,77.44
2015-07-01T00:00:00Z,4173.58,2818.89,2806.40,5435.29,631.16,612.51,76.52
2015-07-02T00:00:00Z,4122.85,2810.26,2793.91,5432.76,628.12,607.72,75.95
2015-07-03T00:00:00Z,4120.06,2770.67,2810.53,5431.91,629.91,611.76,76.17
2015-07-04T00:00:00Z,4120.06,2770.67,2810.53,5431.91,629.91,611.76,76.17
2015-07-05T00:00:00Z,4120.06,2770.67,2810.53,5431.91,629.91,611.76,76.17
2015-07-06T00:00:00Z,4118.27,2748.70,2814.45,5429.75,626.85,609.47,75.82
2015-07-07T00:00:00Z,4135.21,2729.47,2820.44,5425.75,622.73,607.48,75.23
2015-07-08T00:00:00Z,4162.18,2752.70,2844.43,5428.75,619.63,607.96,75.24
2015-07-09T00:00:00Z,4177.77,2760.19,2843.25,5429.01,621.05,607.24,75.58
2015-07-10T00:00:00Z,4186.73,2805.42,2822.72,5428.49,625.62,616.78,75.45
2015-07-11T00:00:00Z,4186.73,2805.42,2822.72,5428.49,625.62,616.78,75.45
2015-07-12T00:00:00Z,4186.73,2805.42,2822.72,5428.49,625.62,616.78,75.45
2015-07-13T00:00:00Z,4184.77,2771.30,2800.26,5429.32,626.09,608.47,75.37
2015-07-14T00:00:00Z,4195.74,2766.79,2801.46,5429.89,627.81,610.74,75.13
2015-07-15T00:00:00Z,4214.68,2761.27,2797.31,5428.66,630.03,608.53,75.77
2015-07-16T00:00:00Z,4190.91,2725.66,2782.72,5426.99,627.60,602.53,74.58
2015-07-17T00:00:00Z,4181.28,2742.91,2786.08,5428.41,628.69,602.36,74.41
2015-07-18T00:00:00Z,4181.28,2742.91,2786.08,5428.41,628.69,602.36,74.41
2015-07-19T00:00:00Z,4181.28,2742.91,2786.08,5428.41,628.69,602.36,74.41
2015-07-20T00:00:00Z,4165.23,2733.59,2780.32,5428.99,627.63,599.62,74.37
2015-07-21T00:00:00Z,4190.59,2737.37,2777.16,5428.36,627.06,600.63,74.33
2015-07-22T00:00:00Z,4204.60,2746.18,2790.03,5428.47,629.53,600.15,75.29
2015-07-23T00:00:00Z,4194.48,2770.62,2790.66,5428.33,629.54,603.47,75.40
2015-07-24T00:00:00Z,4227.69,2762.27,2784.64,5429.01,623.89,600.46,74.74
2015-07-25T00:00:00Z,4227.69,2762.27,2784.64,5429.01,623.89,600.46,74.74
2015-07-26T00:00:00Z,4227.69,2762.27,2784.64,5429.01,623.89,600.46,74.74
2015-07-27T00:00:00Z,4213.21,2792.32,2803.99,5428.12,625.55,602.24,75.08
2015-07-28T00:00:00Z,4220.56,2783.99,2790.91,5428.45,628.35,596.84,75.18
2015-07-29T00:00:00Z,4195.67,2785.25,2791.35,5428.77,630.51,599.19,76.06
2015-07-30T00:00:00Z,4189.11,2766.31,2777.46,5428.24,630.07,594.50,75.91
2015-07-31T00:00:00Z,4143.52,2781.88,2849.89,5397.95,631.38,619.41,75.51
2015-08-01T00:00:00Z,4143.52,2781.88,2849.89,5397.95,631.38,619.41,75.51
2015-08-02T00:00:00Z,4143.52,2781.88,2849.89,5397.95,631.38,619.41,75.51
2015-08-03T00:00:00Z,4195.50,2777.82,2851.38,5398.00,631.62,616.58,74.91
2015-08-04T00:00:00Z,4204.76,2783.40,2857.11,5397.66,632.94,615.38,75.04
2015-08-05T00:00:00Z,4200.70,2760.57,2851.28,5397.98,633.56,609.30,72.93
2015-08-06T00:00:00Z,4199.53,2761.08,2836.91,5397.94,629.07,606.28,72.94
2015-08-07T00:00:00Z,4207.96,2775.33,2841.26,5398.00,628.99,607.98,73.42
2015-08-08T00:00:00Z,4207.96,2775.33,2841.26,5398.00,628.99,607.98,73.42
2015-08-09T00:00:00Z,4207.96,2775.33,2841.26,5398.00,628.99,607.98,73.42
2015-08-10T00:00:00Z,4205.85,2780.15,2841.20,5397.99,628.30,605.54,73.15
2015-08-11T00:00:00Z,4213.78,2804.25,2838.41,5299.56,632.22,607.47,73.46
2015-08-12T00:00:00Z,4216.85,2829.62,2854.57,5249.08,632.50,612.69,74.60
2015-08-13T00:00:00Z,4217.18,2817.95,2847.32,5238.91,633.70,611.00,74.35
2015-08-14T00:00:00Z,4230.66,2839.61,2853.51,5244.68,633.76,612.94,74.17
2015-08-15T00:00:00Z,4230.66,2839.61,2853.51,5244.68,633.76,612.94,74.17
2015-08-16T00:00:00Z,4230.66,2839.61,2853.51,5244.68,633.76,612.94,74.17
2015-08-17T00:00:00Z,4256.32,2821.56,2845.22,5241.67,633.28,610.96,73.65
2015-08-18T00:00:00Z,4241.50,2811.39,2851.06,5242.20,636.64,611.18,73.82
2015-08-19T00:00:00Z,4260.77,2806.56,2848.85,5241.05,634.92,612.57,74.22
2015-08-20T00:00:00Z,4265.35,2842.66,2860.70,5246.42,635.07,619.47,73.91
2015-08-21T00:00:00Z,4266.94,2875.81,2887.86,5247.23,635.29,625.31,74.01
2015-08-22T00:00:00Z,4266.94,2875.81,2887.86,5247.23,635.29,625.31,74.01
2015-08-23T00:00:00Z,4266.94,2875.81,2887.86,5247.23,635.29,625.31,74.01
2015-08-24T00:00:00Z,4277.09,2930.88,2955.96,5233.54,638.23,636.57,73.20
2015-08-25T00:00:00Z,4281.78,2933.17,2957.42,5226.99,639.78,633.71,73.53
2015-08-26T00:00:00Z,4287.24,2906.66,2960.33,5229.85,631.92,631.25,73.16
2015-08-27T00:00:00Z,4294.28,2876.58,2947.84,5232.87,625.55,625.12,73.38
2015-08-28T00:00:00Z,4280.60,2883.23,2931.98,5245.99,623.90,622.16,73.12
2015-08-29T00:00:00Z,4280.60,2883.23,2931.98,5245.99,623.90,622.16,73.12
2015-08-30T00:00:00Z,4280.60,2883.23,2931.98,5245.99,623.90,622.16,73.12
2015-08-31T00:00:00Z,4193.62,2869.67,2979.18,5223.50,626.75,627.37,73.23
2015-09-01T00:00:00Z,4274.27,2875.05,3011.31,5238.04,623.41,628.54,73.40
2015-09-02T00:00:00Z,4283.29,2879.91,3008.82,5245.21,620.99,627.17,73.40
2015-09-03T00:00:00Z,4324.11,2873.25,3006.98,5245.34,621.58,623.66,73.36
2015-09-04T00:00:00Z,4324.59,2860.58,3031.12,5245.31,619.07,622.26,73.54
2015-09-05T00:00:00Z,4324.59,2860.58,3031.12,5245.31,619.07,622.26,73.54
2015-09-06T00:00:00Z,4324.59,2860.58,3031.12,5245.31,619.07,622.26,73.54
2015-09-07T00:00:00Z,4324.59,2862.64,3027.14,5237.09,620.49,620.87,73.27
2015-09-08T00:00:00Z,4316.98,2866.75,3014.95,5235.68,626.48,618.97,73.60
2015-09-09T00:00:00Z,4333.83,2860.84,2990.19,5226.95,624.59,619.23,73.47
2015-09-10T00:00:00Z,4323.87,2872.66,2986.35,5227.79,625.92,620.08,73.45
2015-09-11T00:00:00Z,4317.96,2915.35,2994.35,5229.70,627.07,618.56,73.38
2015-09-12T00:00:00Z,4317.96,2915.35,2994.35,5229.70,627.07,618.56,73.38
2015-09-13T00:00:00Z,4317.96,2915.35,2994.35,5229.70,627.07,618.56,73.38
2015-09-14T00:00:00Z,4296.47,2924.92,3003.75,5234.05,626.72,623.53,73.44
2015-09-15T00:00:00Z,4228.82,2928.80,3021.06,5233.80,626.53,624.81,73.53
2015-09-16T00:00:00Z,4225.64,2905.00,2996.28,5233.06,628.24,621.32,73.29
2015-09-17T00:00:00Z,4240.75,2926.73,2989.78,5236.71,631.20,625.57,73.60
2015-09-18T00:00:00Z,4209.64,2971.58,3028.03,5238.38,636.17,633.63,74.54
2015-09-19T00:00:00Z,4209.64,2971.58,3028.03,5238.38,636.17,633.63,74.54
2015-09-20T00:00:00Z,4209.64,2971.58,3028.03,5238.38,636.17,633.63,74.54
2015-09-21T00:00:00Z,4194.22,2927.60,3001.04,5235.12,631.51,624.65,73.66
2015-09-22T00:00:00Z,4177.75,2902.88,3014.64,5228.42,627.91,622.00,73.17
2015-09-23T00:00:00Z,4188.25,2901.58,3006.99,5223.44,621.27,620.46,73.23
2015-09-24T00:00:00Z,4325.95,2925.26,3021.39,5223.64,618.71,622.89,72.61
2015-09-25T00:00:00Z,4298.39,2922.27,2987.42,5230.01,617.05,618.25,72.97
2015-09-26T00:00:00Z,4298.39,2922.27,2987.42,5230.01,617.05,618.25,72.97
2015-09-27T00:00:00Z,4298.39,2922.27,2987.42,5230.01,617.05,618.25,72.97
2015-09-28T00:00:00Z,4254.21,2927.24,3010.14,5237.66,617.72,618.23,72.72
2015-09-29T00:00:00Z,4229.87,2936.15,3013.68,5237.62,616.34,622.38,72.56
2015-09-30T00:00:00Z,4085.78,2935.89,3045.31,5129.64,614.01,630.13,72.82
2015-10-01T00:00:00Z,4311.44,2922.79,3057.37,5128.72,612.76,628.01,73.64
2015-10-02T00:00:00Z,4232.95,2931.55,3043.79,5128.75,613.90,627.25,73.81
2015-10-03T00:00:00Z,4232.95,2931.55,3043.79,5128.75,613.90,627.25,73.81
2015-10-04T00:00:00Z,4232.95,2931.55,3043.79,5128.75,613.90,627.25,73.81
2015-10-05T00:00:00Z,4243.30,2951.51,3045.69,5129.55,614.41,630.66,74.52
2015-10-06T00:00:00Z,4273.10,2948.36,3042.44,5128.31,614.00,630.10,74.61
2015-10-07T00:00:00Z,4283.61,2959.39,3048.63,5128.60,619.73,635.60,75.53
2015-10-08T00:00:00Z,4295.77,2956.24,3053.96,5131.30,618.40,631.84,75.27
2015-10-09T00:00:00Z,4310.56,2990.82,3044.23,5138.37,620.88,638.84,75.92
2015-10-10T00:00:00Z,4310.56,2990.82,3044.23,5138.37,620.88,638.84,75.92
2015-10-11T00:00:00Z,4310.56,2990.82,3044.23,5138.37,620.88,638.84,75.92
2015-10-12T00:00:00Z,4310.56,2993.71,3048.07,5156.00,621.98,638.93,75.97
2015-10-13T00:00:00Z,4307.24,2993.98,3058.41,5141.72,615.47,640.04,75.27
2015-10-14T00:00:00Z,4356.98,3003.45,3060.90,5135.78,622.57,642.60,75.86
2015-10-15T00:00:00Z,4351.37,3011.09,3097.05,5138.34,625.93,645.89,76.37
2015-10-16T00:00:00Z,4320.99,2999.67,3075.20,5132.83,625.07,645.23,76.21
2015-10-17T00:00:00Z,4320.99,2999.67,3075.20,5132.83,625.07,645.23,76.21
2015-10-18T00:00:00Z,4320.99,2999.67,3075.20,5132.83,625.07,645.23,76.21
2015-10-19T00:00:00Z,4301.59,2992.54,3066.99,5126.10,626.91,642.21,76.10
2015-10-20T00:00:00Z,4292.79,3003.11,3058.15,5135.72,626.13,645.13,75.76
2015-10-21T00:00:00Z,4293.20,2998.09,3049.90,5135.18,625.34,641.62,76.54
2015-10-22T00:00:00Z,4301.31,2987.26,3057.05,5127.94,626.06,638.01,75.84
2015-10-23T00:00:00Z,4327.88,2940.84,3033.00,5133.99,623.49,630.49,76.17
2015-10-24T00:00:00Z,4327.88,2940.84,3033.00,5133.99,623.49,630.49,76.17
2015-10-25T00:00:00Z,4327.88,2940.84,3033.00,5133.99,623.49,630.49,76.17
2015-10-26T00:00:00Z,4312.44,2921.47,3025.24,5132.77,620.37,624.60,75.68
2015-10-27T00:00:00Z,4301.38,2934.74,3043.54,5132.45,620.60,624.15,75.29
2015-10-28T00:00:00Z,4298.44,2941.11,3042.83,5127.60,619.03,624.41,75.12
2015-10-29T00:00:00Z,4286.58,2899.98,3024.77,5130.44,617.27,618.40,75.27
2015-10-30T00:00:00Z,4241.12,2936.03,3035.54,5153.25,620.88,620.52,75.32
2015-10-31T00:00:00Z,4241.12,2936.03,3097.11,5173.40,619.08,627.49,75.32
2015-11-01T00:00:00Z,4241.12,2936.03,3097.11,5173.40,619.08,627.49,75.32
2015-11-02T00:00:00Z,4331.96,2940.02,3098.06,5164.81,624.27,629.21,75.76
2015-11-03T00:00:00Z,4331.11,2925.10,3090.94,5165.86,621.14,626.94,75.61
2015-11-04T00:00:00Z,4338.08,2914.17,3084.04,5165.43,622.10,627.83,75.16
2015-11-05T00:00:00Z,4289.89,2900.32,3064.75,5157.69,616.36,623.69,74.66
2015-11-06T00:00:00Z,4309.31,2899.50,3064.94,5150.92,610.95,622.77,74.41
2015-11-07T00:00:00Z,4309.31,2899.50,3064.94,5150.92,610.95,622.77,74.41
2015-11-08T00:00:00Z,4309.31,2899.50,3064.94,5150.92,610.95,622.77,74.41
2015-11-09T00:00:00Z,4293.86,2876.01,3024.81,5143.92,609.02,618.59,74.10
2015-11-10T00:00:00Z,4310.12,2858.66,3031.62,5146.52,610.21,617.71,74.08
2015-11-11T00:00:00Z,4312.43,2860.00,3034.88,5140.32,612.57,616.97,73.72
2015-11-12T00:00:00Z,4277.13,2862.67,3037.25,5137.96,612.80,618.35,73.38
2015-11-13T00:00:00Z,4290.20,2887.31,3045.24,5135.35,614.40,619.56,73.49
2015-11-14T00:00:00Z,4290.20,2887.31,3045.24,5135.35,614.40,619.56,73.49
2015-11-15T00:00:00Z,4290.20,2887.31,3045.24,5135.35,614.40,619.56,73.49
2015-11-16T00:00:00Z,4295.80,2876.31,3034.33,5136.52,613.15,616.91,73.36
2015-11-17T00:00:00Z,4282.27,2862.09,3031.27,5132.54,613.68,613.01,73.48
2015-11-18T00:00:00Z,4252.27,2861.02,3026.45,5129.94,614.15,610.97,73.58
2015-11-19T00:00:00Z,4200.86,2866.65,3033.56,5125.73,616.33,609.08,73.83
2015-11-20T00:00:00Z,4200.90,2877.68,3041.24,5126.59,615.33,611.89,73.70
2015-11-21T00:00:00Z,4200.90,2877.68,3041.24,5126.59,615.33,611.89,73.70
2015-11-22T00:00:00Z,4200.90,2877.68,3041.24,5126.59,615.33,611.89,73.70
2015-11-23T00:00:00Z,4169.01,2862.34,3033.34,5122.74,610.74,608.41,73.34
2015-11-24T00:00:00Z,4224.22,2867.72,3048.36,5123.18,608.68,610.45,73.44
2015-11-25T00:00:00Z,4222.72,2850.22,3043.28,5124.82,608.81,607.40,73.56
2015-11-26T00:00:00Z,4222.72,2857.22,3047.94,5122.71,609.39,606.20,73.68
2015-11-27T00:00:00Z,4177.58,2863.73,3046.01,5118.97,607.47,602.60,73.45
2015-11-28T00:00:00Z,4177.58,2863.73,3046.01,5118.97,607.47,602.60,73.45
2015-11-29T00:00:00Z,4177.58,2863.73,3046.01,5118.97,607.47,602.60,73.45
2015-11-30T00:00:00Z,4084.22,2863.46,3097.29,5098.95,605.13,616.01,73.33
2015-12-01T00:00:00Z,4176.74,2869.14,3095.12,5100.10,607.36,616.95,73.60
2015-12-02T00:00:00Z,4176.62,2872.39,3095.54,5098.73,606.07,619.24,73.23
2015-12-03T00:00:00Z,4215.31,2888.36,3091.93,5099.29,604.05,624.98,73.59
2015-12-04T00:00:00Z,4221.52,2963.87,3099.97,5095.56,610.35,636.04,73.49
2015-12-05T00:00:00Z,4221.52,2963.87,3099.97,5095.56,610.35,636.04,73.49
2015-12-06T00:00:00Z,4221.52,2963.87,3099.97,5095.56,610.35,636.04,73.49
2015-12-07T00:00:00Z,4207.11,2938.59,3089.19,5091.19,607.17,633.65,72.81
2015-12-08T00:00:00Z,4214.54,2956.53,3102.47,5083.45,602.98,638.10,72.05
2015-12-09T00:00:00Z,4216.73,2974.47,3111.98,5075.76,608.31,641.38,71.77
2015-12-10T00:00:00Z,4233.01,2975.02,3137.60,5070.13,609.77,642.93,71.93
2015-12-11T00:00:00Z,4225.93,2991.47,3138.43,5051.85,611.09,642.56,71.28
2015-12-12T00:00:00Z,4225.93,2991.47,3138.43,5051.85,611.09,642.56,71.28
2015-12-13T00:00:00Z,4225.93,2991.47,3138.43,5051.85,611.09,642.56,71.28
2015-12-14T00:00:00Z,4207.25,3000.49,3159.28,5051.86,609.89,647.37,70.81
2015-12-15T00:00:00Z,4119.88,3002.40,3151.07,5048.81,610.95,644.20,71.03
2015-12-16T00:00:00Z,4121.40,2986.83,3129.79,5043.29,605.20,641.27,73.53
2015-12-17T00:00:00Z,4121.33,2961.69,3111.86,5029.01,601.51,636.87,73.18
2015-12-18T00:00:00Z,4081.12,2989.93,3139.26,5030.70,601.18,638.89,72.53
2015-12-19T00:00:00Z,4081.12,2989.93,3139.26,5030.70,601.18,638.89,72.53
2015-12-20T00:00:00Z,4081.12,2989.93,3139.26,5030.70,601.18,638.89,72.53
2015-12-21T00:00:00Z,4054.93,2999.31,3141.24,5033.38,600.43,638.76,72.54
2015-12-22T00:00:00Z,4029.99,3021.94,3153.22,5037.31,599.74,642.74,72.73
2015-12-23T00:00:00Z,4052.06,3012.00,3154.77,5036.66,600.38,640.98,73.83
2015-12-24T00:00:00Z,4065.10,3020.56,3165.89,5038.78,601.10,643.16,74.01
2015-12-25T00:00:00Z,4065.10,3029.93,3165.89,5038.78,601.10,643.16,74.01
2015-12-26T00:00:00Z,4065.10,3029.93,3165.89,5038.78,601.10,643.16,74.01
2015-12-27T00:00:00Z,4065.10,3029.93,3165.89,5038.78,601.10,643.16,74.01
2015-12-28T00:00:00Z,4004.07,3034.08,3164.94,5029.08,600.99,642.14,73.99
2015-12-29T00:00:00Z,3959.01,3031.31,3166.13,5027.96,596.62,641.08,73.76
2015-12-30T00:00:00Z,3884.30,3024.11,3163.89,5026.99,596.87,641.45,73.95
2015-12-31T00:00:00Z,3678.55,3013.32,3182.19,4900.71,600.11,643.22,73.95
2016-01-01T00:00:00Z,3678.55,3027.83,3182.19,4900.71,600.11,643.22,73.95
2016-01-02T00:00:00Z,3678.55,3027.83,3182.19,4900.71,600.11,643.22,73.95
2016-01-03T00:00:00Z,3678.55,3027.83,3182.19,4900.71,600.11,643.22,73.95
2016-01-04T00:00:00Z,3954.81,3030.89,3217.06,4864.32,597.34,640.56,73.75
2016-01-05T00:00:00Z,3988.07,2988.62,3219.33,4874.10,593.63,634.19,73.68
2016-01-06T00:00:00Z,4022.28,2987.51,3235.59,4850.55,591.75,634.01,69.87
2016-01-07T00:00:00Z,4071.46,3022.55,3259.44,4819.53,589.82,639.74,69.66
2016-01-08T00:00:00Z,4085.79,3005.12,3237.83,4822.82,589.65,640.21,69.79
2016-01-09T00:00:00Z,4085.79,3005.12,3237.83,4822.82,589.65,640.21,69.79
2016-01-10T00:00:00Z,4085.79,3005.12,3237.83,4822.82,589.65,640.21,69.79
2016-01-11T00:00:00Z,4079.39,3012.59,3250.43,4836.36,589.64,641.63,69.90
2016-01-12T00:00:00Z,4092.44,2998.20,3248.57,4832.04,583.89,639.03,69.41
2016-01-13T00:00:00Z,4115.04,2992.67,3243.85,4833.63,583.28,633.71,69.87
2016-01-14T00:00:00Z,4158.20,3013.97,3253.70,4821.40,582.13,636.82,69.17
2016-01-15T00:00:00Z,4132.72,3032.20,3271.70,4825.38,579.83,637.99,68.42
2016-01-16T00:00:00Z,4132.72,3032.20,3271.70,4825.38,579.83,637.99,68.42
2016-01-17T00:00:00Z,4132.72,3032.20,3271.70,4825.38,579.83,637.99,68.42
2016-01-18T00:00:00Z,4132.72,3026.09,3265.62,4831.11,577.81,636.99,68.49
2016-01-19T00:00:00Z,4111.85,3019.42,3249.78,4831.39,574.95,636.99,68.56
2016-01-20T00:00:00Z,4063.46,3030.25,3282.96,4830.35,573.06,638.69,69.16
2016-01-21T00:00:00Z,4059.27,3026.36,3274.89,4831.02,570.98,636.88,70.01
2016-01-22T00:00:00Z,4089.01,3020.32,3240.69,4831.21,579.46,631.85,71.43
2016-01-23T00:00:00Z,4089.01,3020.32,3240.69,4831.21,579.46,631.85,71.43
2016-01-24T00:00:00Z,4089.01,3020.32,3240.69,4831.21,579.46,631.85,71.43
2016-01-25T00:00:00Z,4059.20,3022.28,3235.19,4830.80,576.54,630.47,71.32
2016-01-26T00:00:00Z,4056.18,3028.43,3237.98,4829.91,576.16,630.21,71.18
2016-01-27T00:00:00Z,4055.07,3042.68,3235.80,4831.84,579.86,629.74,71.69
2016-01-28T00:00:00Z,4063.97,3046.87,3222.51,4832.82,578.66,631.46,71.67
2016-01-29T00:00:00Z,3997.59,3066.70,3163.35,4833.28,578.18,627.28,71.75
2016-01-30T00:00:00Z,3997.59,3066.70,3163.35,4833.28,578.18,627.28,71.75
2016-01-31T00:00:00Z,3997.59,3066.70,3273.52,5125.28,579.77,636.24,71.75
2016-02-01T00:00:00Z,4065.92,3056.59,3269.16,5123.01,580.22,636.88,72.03
2016-02-02T00:00:00Z,4064.16,3066.42,3283.40,5122.17,583.92,636.01,72.08
2016-02-03T00:00:00Z,4108.40,3070.35,3319.33,5123.82,588.79,638.66,69.94
2016-02-04T00:00:00Z,4102.10,3147.02,3378.67,5125.26,593.52,651.44,71.07
2016-02-05T00:00:00Z,4110.46,3149.90,3397.62,5128.09,590.38,655.19,70.87
2016-02-06T00:00:00Z,4110.46,3149.90,3397.62,5128.09,590.38,655.19,70.87
2016-02-07T00:00:00Z,4110.46,3149.90,3397.62,5128.09,590.38,655.19,70.87
2016-02-08T00:00:00Z,4115.20,3121.50,3408.71,5125.65,583.05,652.22,69.86
2016-02-09T00:00:00Z,4115.52,3159.47,3451.24,5122.79,584.80,663.40,70.09
2016-02-10T00:00:00Z,4162.14,3165.37,3448.34,5126.60,590.57,666.88,70.96
2016-02-11T00:00:00Z,4162.67,3190.68,3533.79,5127.06,584.62,668.13,70.44
2016-02-12T00:00:00Z,4179.36,3188.12,3517.72,5127.39,588.42,666.19,70.63
2016-02-13T00:00:00Z,4179.36,3188.12,3517.72,5127.39,588.42,666.19,70.63
2016-02-14T00:00:00Z,4179.36,3188.12,3517.72,5127.39,588.42,666.19,70.63
2016-02-15T00:00:00Z,4179.36,3161.26,3473.60,5189.78,587.50,659.37,71.14
2016-02-16T00:00:00Z,4192.46,3157.30,3485.09,5173.66,583.89,658.01,71.16
2016-02-17T00:00:00Z,4189.18,3148.82,3473.54,5163.74,580.42,655.29,70.79
2016-02-18T00:00:00Z,4169.51,3134.12,3482.80,5171.14,582.89,652.58,71.47
2016-02-19T00:00:00Z,4183.73,3148.57,3507.98,5167.02,579.23,653.94,71.05
2016-02-20T00:00:00Z,4183.73,3148.57,3507.98,5167.02,579.23,653.94,71.05
2016-02-21T00:00:00Z,4183.73,3148.57,3507.98,5167.02,579.23,653.94,71.05
2016-02-22T00:00:00Z,4183.97,3128.71,3501.21,5167.91,571.69,650.35,71.29
2016-02-23T00:00:00Z,4180.27,3121.90,3542.67,5163.48,572.33,654.10,71.19
2016-02-24T00:00:00Z,4231.87,3115.94,3543.40,5155.06,564.36,653.27,71.69
2016-02-25T00:00:00Z,4221.74,3128.99,3525.24,5159.98,566.83,654.75,72.81
2016-02-26T00:00:00Z,4198.89,3137.04,3506.93,5155.31,567.01,653.86,73.24
2016-02-27T00:00:00Z,4198.89,3137.04,3506.93,5155.31,567.01,653.86,73.24
2016-02-28T00:00:00Z,4198.89,3137.04,3506.93,5155.31,567.01,653.86,73.24
2016-02-29T00:00:00Z,4123.31,3103.41,3570.31,5124.89,561.48,640.62,73.15
2016-03-01T00:00:00Z,4218.53,3098.85,3570.86,5126.05,566.28,642.86,73.38
2016-03-02T00:00:00Z,4204.55,3094.28,3533.13,5126.06,568.29,642.80,73.55
2016-03-03T00:00:00Z,4217.94,3107.11,3543.21,5134.82,570.46,645.77,73.61
2016-03-04T00:00:00Z,4215.56,3137.25,3550.20,5154.17,573.72,646.39,73.71
2016-03-05T00:00:00Z,4215.56,3137.25,3550.20,5154.17,573.72,646.39,73.71
2016-03-06T00:00:00Z,4215.56,3137.25,3550.20,5154.17,573.72,646.39,73.71
2016-03-07T00:00:00Z,4202.05,3132.38,3553.81,5153.32,573.16,641.63,73.92
2016-03-08T00:00:00Z,4212.88,3153.83,3573.84,5162.35,575.82,646.61,74.21
2016-03-09T00:00:00Z,4237.44,3138.10,3583.92,5156.59,576.46,641.86,74.04
2016-03-10T00:00:00Z,4231.41,3104.93,3539.16,5151.01,573.40,637.22,74.68
2016-03-11T00:00:00Z,4227.73,3185.40,3549.21,5164.38,579.16,650.48,74.86
2016-03-12T00:00:00Z,4227.73,3185.40,3549.21,5164.38,579.16,650.48,74.86
2016-03-13T00:00:00Z,4227.73,3185.40,3549.21,5164.38,579.16,650.48,74.86
2016-03-14T00:00:00Z,4204.00,3193.73,3553.14,5169.93,581.92,650.93,74.86
2016-03-15T00:00:00Z,4164.11,3190.86,3578.27,5157.71,574.50,651.24,74.31
2016-03-16T00:00:00Z,4158.86,3177.94,3554.70,5147.92,569.47,648.25,73.91
2016-03-17T00:00:00Z,4152.94,3248.88,3616.79,5181.23,585.99,662.78,76.06
2016-03-18T00:00:00Z,4119.75,3255.34,3620.60,5186.38,587.06,663.32,76.23
2016-03-19T00:00:00Z,4119.75,3255.34,3620.60,5186.38,587.06,663.32,76.23
2016-03-20T00:00:00Z,4119.75,3255.34,3620.60,5186.38,587.06,663.32,76.23
2016-03-21T00:00:00Z,4126.04,3253.03,3613.73,5183.34,583.29,663.04,75.78
2016-03-22T00:00:00Z,4117.01,3236.01,3618.08,5172.99,576.65,661.32,75.51
2016-03-23T00:00:00Z,4145.07,3224.17,3579.67,5164.22,573.12,658.48,75.51
2016-03-24T00:00:00Z,4140.88,3219.27,3591.33,5155.37,572.59,658.63,74.66
2016-03-25T00:00:00Z,4145.56,3232.09,3591.33,5155.37,572.59,658.63,74.66
2016-03-26T00:00:00Z,4145.56,3232.09,3591.33,5155.37,572.59,658.63,74.66
2016-03-27T00:00:00Z,4145.56,3232.09,3591.33,5155.37,572.59,658.63,74.66
2016-03-28T00:00:00Z,4131.90,3232.09,3591.33,5155.37,572.59,658.63,74.66
2016-03-29T00:00:00Z,4096.43,3243.68,3555.44,5158.88,578.22,658.57,75.33
2016-03-30T00:00:00Z,4063.81,3281.35,3589.96,5183.72,583.96,666.34,75.93
2016-03-31T00:00:00Z,3865.16,3299.03,3610.87,5052.06,587.36,673.22,76.43
2016-04-01T00:00:00Z,4142.68,3363.02,3620.96,5046.22,584.36,675.08,75.94
2016-04-02T00:00:00Z,4142.68,3363.02,3620.96,5046.22,584.36,675.08,75.94
2016-04-03T00:00:00Z,4142.68,3363.02,3620.96,5046.22,584.36,675.08,75.94
2016-04-04T00:00:00Z,4155.77,3347.72,3635.72,5037.37,582.81,673.67,75.91
2016-04-05T00:00:00Z,4180.09,3343.90,3665.05,5038.53,579.08,674.57,75.14
2016-04-06T00:00:00Z,4193.08,3334.78,3674.92,5027.86,572.87,673.04,76.56
2016-04-07T00:00:00Z,4212.11,3343.02,3743.23,5041.31,574.86,674.88,76.78
2016-04-08T00:00:00Z,4226.23,3355.65,3736.53,5038.46,574.79,675.45,77.00
2016-04-09T00:00:00Z,4226.23,3355.65,3736.53,5038.46,574.79,675.45,77.00
2016-04-10T00:00:00Z,4226.23,3355.65,3736.53,5038.46,574.79,675.45,77.00
2016-04-11T00:00:00Z,4217.40,3363.62,3747.84,5040.91,580.98,676.86,77.53
2016-04-12T00:00:00Z,4216.91,3365.39,3744.95,5048.84,582.89,677.41,78.21
2016-04-13T00:00:00Z,4245.19,3336.45,3711.84,5036.89,581.17,670.78,77.91
2016-04-14T00:00:00Z,4258.31,3322.87,3708.14,5030.27,577.55,668.60,77.76
2016-04-15T00:00:00Z,4242.36,3346.96,3724.13,5037.53,579.08,667.99,77.44
2016-04-16T00:00:00Z,4242.36,3346.96,3724.13,5037.53,579.08,667.99,77.44
2016-04-17T00:00:00Z,4242.36,3346.96,3724.13,5037.53,579.08,667.99,77.44
2016-04-18T00:00:00Z,4170.71,3353.48,3749.39,5035.71,578.72,669.47,77.18
2016-04-19T00:00:00Z,4130.98,3364.46,3707.71,5043.17,586.53,671.29,78.48
2016-04-20T00:00:00Z,4120.62,3375.13,3716.48,5045.01,587.46,672.38,79.19
2016-04-21T00:00:00Z,4134.91,3368.01,3699.71,5038.00,589.26,667.91,79.44
2016-04-22T00:00:00Z,4139.77,3359.96,3659.15,5022.18,587.15,662.37,78.82
2016-04-23T00:00:00Z,4139.77,3359.96,3659.15,5022.18,587.15,662.37,78.82
2016-04-24T00:00:00Z,4139.77,3359.96,3659.15,5022.18,587.15,662.37,78.82
2016-04-25T00:00:00Z,4110.70,3360.26,3656.84,5023.59,592.46,663.52,79.13
2016-04-26T00:00:00Z,4077.68,3367.12,3649.70,5020.12,594.87,663.24,79.35
2016-04-27T00:00:00Z,4070.73,3371.89,3645.00,5022.71,595.78,664.30,80.51
2016-04-28T00:00:00Z,4098.98,3388.30,3750.69,5036.79,595.89,669.00,80.68
2016-04-29T00:00:00Z,4070.02,3421.77,3780.94,5030.69,596.81,671.04,80.87
2016-04-30T00:00:00Z,4070.02,3421.77,3862.67,5074.99,596.77,694.08,80.87
2016-05-01T00:00:00Z,4070.02,3421.77,3862.67,5074.99,596.77,694.08,80.87
2016-05-02T00:00:00Z,4092.01,3448.77,3889.02,5082.40,599.77,698.61,80.93
2016-05-03T00:00:00Z,4116.56,3471.58,3912.82,5075.43,597.21,704.64,80.51
2016-05-04T00:00:00Z,4117.88,3452.37,3888.32,5062.47,592.55,699.72,77.88
2016-05-05T00:00:00Z,4130.28,3432.57,3869.49,5059.06,592.32,694.12,77.46
2016-05-06T00:00:00Z,4133.48,3448.43,3874.28,5061.24,591.77,690.14,77.10
2016-05-07T00:00:00Z,4133.48,3448.43,3874.28,5061.24,591.77,690.14,77.10
2016-05-08T00:00:00Z,4133.48,3448.43,3874.28,5061.24,591.77,690.14,77.10
2016-05-09T00:00:00Z,4132.00,3438.77,3827.11,5053.39,589.01,689.27,76.75
2016-05-10T00:00:00Z,4129.78,3432.73,3797.93,5049.76,589.75,686.44,76.61
2016-05-11T00:00:00Z,4141.04,3443.00,3810.20,5059.26,590.03,687.25,77.90
2016-05-12T00:00:00Z,4141.69,3436.96,3790.99,5048.35,589.52,688.28,78.25
2016-05-13T00:00:00Z,4158.59,3441.67,3806.08,5046.55,588.36,688.23,77.84
2016-05-14T00:00:00Z,4158.59,3441.67,3806.08,5046.55,588.36,688.23,77.84
2016-05-15T00:00:00Z,4158.59,3441.67,3806.08,5046.55,588.36,688.23,77.84
2016-05-16T00:00:00Z,4166.99,3434.39,3806.97,5045.15,586.81,684.60,77.59
2016-05-17T00:00:00Z,4168.58,3432.57,3784.69,5042.34,591.37,682.94,77.57
2016-05-18T00:00:00Z,4132.53,3420.74,3788.46,5035.40,594.39,680.22,77.72
2016-05-19T00:00:00Z,4136.95,3395.87,3767.33,5025.79,597.01,675.09,76.93
2016-05-20T00:00:00Z,4145.28,3426.40,3755.22,5026.20,594.89,674.35,76.95
2016-05-21T00:00:00Z,4145.28,3426.40,3755.22,5026.20,594.89,674.35,76.95
2016-05-22T00:00:00Z,4145.28,3426.40,3755.22,5026.20,594.89,674.35,76.95
2016-05-23T00:00:00Z,4119.23,3425.17,3787.84,5020.93,591.34,675.20,76.71
2016-05-24T00:00:00Z,4147.08,3410.82,3776.27,5019.07,596.02,673.95,76.71
2016-05-25T00:00:00Z,4138.22,3404.10,3761.78,5015.35,599.45,674.45,78.24
2016-05-26T00:00:00Z,4151.17,3410.82,3764.91,5018.32,600.28,674.19,79.29
2016-05-27T00:00:00Z,4154.08,3425.76,3779.36,5015.30,598.12,674.62,78.66
2016-05-28T00:00:00Z,4154.08,3425.76,3779.36,5015.30,598.12,674.62,78.66
2016-05-29T00:00:00Z,4154.08,3425.76,3779.36,5015.30,598.12,674.62,78.66
2016-05-30T00:00:00Z,4154.08,3416.87,3727.24,5000.03,597.50,673.48,78.65
2016-05-31T00:00:00Z,4060.07,3421.47,3834.22,5021.44,596.63,682.13,78.72
2016-06-01T00:00:00Z,4140.51,3427.60,3896.48,5021.20,588.63,682.68,79.01
2016-06-02T00:00:00Z,4141.49,3431.90,3904.88,5017.87,589.55,683.10,78.70
2016-06-03T00:00:00Z,4170.28,3433.88,3908.72,5014.26,588.14,681.76,78.83
2016-06-04T00:00:00Z,4170.28,3433.88,3908.72,5014.26,588.14,681.76,78.83
2016-06-05T00:00:00Z,4170.28,3433.88,3908.72,5014.26,588.14,681.76,78.83
2016-06-06T00:00:00Z,4169.11,3493.92,3973.45,5029.90,587.51,693.62,79.82
2016-06-07T00:00:00Z,4176.81,3493.61,3954.24,5025.48,593.79,698.11,80.69
2016-06-08T00:00:00Z,4196.98,3502.84,3977.39,5028.78,594.08,702.32,79.49
2016-06-09T00:00:00Z,4212.62,3492.07,3999.64,5035.01,589.31,701.83,79.08
2016-06-10T00:00:00Z,4210.53,3497.31,3983.58,5035.43,586.97,701.40,79.08
2016-06-11T00:00:00Z,4210.53,3497.31,3983.58,5035.43,586.97,701.40,79.08
2016-06-12T00:00:00Z,4210.53,3497.31,3983.58,5035.43,586.97,701.40,79.08
2016-06-13T00:00:00Z,4190.92,3486.17,4013.43,5014.73,577.48,698.98,78.94
2016-06-14T00:00:00Z,4188.96,3472.86,4015.92,5008.89,575.55,699.91,78.31
2016-06-15T00:00:00Z,4138.98,3474.41,4007.27,5018.58,578.13,701.19,78.47
2016-06-16T00:00:00Z,4130.76,3457.09,4077.53,5014.72,576.16,698.02,77.58
2016-06-17T00:00:00Z,4106.33,3499.53,4082.57,5011.26,582.22,702.63,78.20
2016-06-18T00:00:00Z,4106.33,3499.53,4082.57,5011.26,582.22,702.63,78.20
2016-06-19T00:00:00Z,4106.33,3499.53,4082.57,5011.26,582.22,702.63,78.20
2016-06-20T00:00:00Z,4084.52,3523.79,4068.22,5019.54,596.83,703.21,78.73
2016-06-21T00:00:00Z,4050.97,3518.19,4067.93,5018.02,600.69,704.29,78.98
2016-06-22T00:00:00Z,4060.21,3508.55,4069.85,5020.39,598.75,703.66,79.87
2016-06-23T00:00:00Z,4067.55,3541.51,4027.21,5019.67,605.94,707.26,79.97
2016-06-24T00:00:00Z,4059.36,3464.87,4160.08,4986.03,558.46,691.53,78.37
2016-06-25T00:00:00Z,4059.36,3464.87,4160.08,4986.03,558.46,691.53,78.37
2016-06-26T00:00:00Z,4059.36,3464.87,4160.08,4986.03,558.46,691.53,78.37
2016-06-27T00:00:00Z,4020.93,3443.58,4187.40,4968.48,537.39,691.89,78.12
2016-06-28T00:00:00Z,4012.71,3467.06,4156.47,4968.51,545.50,689.61,78.17
2016-06-29T00:00:00Z,3976.64,3472.38,4146.40,4971.15,547.47,690.09,78.87
2016-06-30T00:00:00Z,3824.01,3476.14,4212.61,5089.90,551.41,704.51,79.08
2016-07-01T00:00:00Z,4062.59,3599.52,4216.26,5080.51,545.27,708.69,79.29
2016-07-02T00:00:00Z,4062.59,3599.52,4216.26,5080.51,545.27,708.69,79.29
2016-07-03T00:00:00Z,4062.59,3599.52,4216.26,5080.51,545.27,708.69,79.29
2016-07-04T00:00:00Z,4062.59,3600.49,4217.40,5073.80,544.93,708.62,79.65
2016-07-05T00:00:00Z,4055.74,3603.08,4249.80,5067.20,538.31,709.26,79.21
2016-07-06T00:00:00Z,4089.16,3578.18,4296.92,5056.74,532.69,705.40,79.20
2016-07-07T00:00:00Z,4078.82,3581.74,4285.04,5059.99,534.57,706.17,79.78
2016-07-08T00:00:00Z,4086.93,3584.38,4309.29,5057.67,533.10,703.25,79.28
2016-07-09T00:00:00Z,4086.93,3584.38,4309.29,5057.67,533.10,703.25,79.28
2016-07-10T00:00:00Z,4086.93,3584.38,4309.29,5057.67,533.10,703.25,79.28
2016-07-11T00:00:00Z,4086.24,3577.58,4222.86,5053.88,533.00,701.14,78.96
2016-07-12T00:00:00Z,4089.54,3591.50,4163.55,5058.36,540.29,701.48,79.18
2016-07-13T00:00:00Z,4116.14,3585.03,4137.03,5054.08,544.99,699.90,79.52
2016-07-14T00:00:00Z,4120.91,3612.55,4095.93,5058.73,549.75,705.85,80.29
2016-07-15T00:00:00Z,4104.89,3615.68,4093.97,5060.65,548.56,704.08,80.67
2016-07-16T00:00:00Z,4104.89,3615.68,4093.97,5060.65,548.56,704.08,80.67
2016-07-17T00:00:00Z,4104.89,3615.68,4093.97,5060.65,548.56,704.08,80.67
2016-07-18T00:00:00Z,4049.66,3591.32,4094.57,5044.59,544.22,701.27,80.14
2016-07-19T00:00:00Z,4054.12,3585.47,4074.65,5050.96,539.60,699.61,79.74
2016-07-20T00:00:00Z,4074.47,3578.32,4062.02,5066.54,540.74,697.90,81.41
2016-07-21T00:00:00Z,4086.02,3578.97,4072.48,5067.19,540.91,698.67,81.46
2016-07-22T00:00:00Z,4111.09,3596.99,4078.73,5067.07,537.56,699.37,81.11
2016-07-23T00:00:00Z,4111.09,3596.99,4078.73,5067.07,537.56,699.37,81.11
2016-07-24T00:00:00Z,4111.09,3596.99,4078.73,5067.07,537.56,699.37,81.11
2016-07-25T00:00:00Z,4097.44,3586.54,4074.55,5062.27,538.80,698.69,80.71
2016-07-26T00:00:00Z,4082.71,3591.44,4150.21,5069.11,539.28,697.65,80.33
2016-07-27T00:00:00Z,4080.57,3589.48,4092.27,5069.53,537.93,693.57,81.12
2016-07-28T00:00:00Z,4100.47,3621.81,4132.33,5078.68,540.55,702.13,81.30
2016-07-29T00:00:00Z,4020.23,3649.85,4188.14,5084.39,540.51,708.07,81.20
2016-07-30T00:00:00Z,4020.23,3649.85,4188.14,5084.39,540.51,708.07,81.20
2016-07-31T00:00:00Z,4020.23,3649.85,4288.08,5041.87,545.55,714.16,81.20
2016-08-01T00:00:00Z,4128.20,3666.60,4328.49,5049.43,547.15,718.50,81.88
2016-08-02T00:00:00Z,4121.42,3676.13,4361.10,5055.93,550.07,720.16,81.98
2016-08-03T00:00:00Z,4153.04,3678.43,4383.10,5059.03,553.03,718.29,78.99
2016-08-04T00:00:00Z,4158.95,3657.41,4379.72,5048.68,545.37,714.91,79.27
2016-08-05T00:00:00Z,4150.77,3666.02,4384.86,5047.58,545.02,715.00,79.45
2016-08-06T00:00:00Z,4150.77,3666.02,4384.86,5047.58,545.02,715.00,79.45
2016-08-07T00:00:00Z,4150.77,3666.02,4384.86,5047.58,545.02,715.00,79.45
2016-08-08T00:00:00Z,4139.04,3643.34,4324.75,5034.16,540.72,708.56,78.73
2016-08-09T00:00:00Z,4137.25,3640.38,4333.45,5033.48,537.47,706.94,78.69
2016-08-10T00:00:00Z,4136.66,3675.22,4381.87,5056.23,541.71,712.14,78.39
2016-08-11T00:00:00Z,4118.07,3665.03,4371.27,5051.61,537.09,714.35,78.16
2016-08-12T00:00:00Z,4161.28,3678.31,4345.56,5044.20,537.26,712.77,78.63
2016-08-13T00:00:00Z,4161.28,3678.31,4345.56,5044.20,537.26,712.77,78.63
2016-08-14T00:00:00Z,4161.28,3678.31,4345.56,5044.20,537.26,712.77,78.63
2016-08-15T00:00:00Z,4162.02,3685.56,4384.96,5052.10,534.42,713.84,78.96
2016-08-16T00:00:00Z,4140.06,3723.47,4439.10,5065.23,537.55,724.11,79.60
2016-08-17T00:00:00Z,4143.71,3717.21,4400.80,5053.12,539.24,721.96,79.83
2016-08-18T00:00:00Z,4116.05,3732.04,4415.64,5057.00,544.96,725.51,80.18
2016-08-19T00:00:00Z,4111.55,3752.67,4420.31,5040.77,542.28,725.90,80.09
2016-08-20T00:00:00Z,4111.55,3752.67,4420.31,5040.77,542.28,725.90,80.09
2016-08-21T00:00:00Z,4111.55,3752.67,4420.31,5040.77,542.28,725.90,80.09
2016-08-22T00:00:00Z,4087.49,3746.04,4404.75,5041.64,543.18,722.35,79.64
2016-08-23T00:00:00Z,4087.63,3756.98,4427.33,5049.24,546.32,723.80,79.75
2016-08-24T00:00:00Z,4133.61,3733.45,4420.26,5036.88,548.42,719.60,79.95
2016-08-25T00:00:00Z,4139.09,3740.74,4409.37,5037.79,546.66,720.08,80.01
2016-08-26T00:00:00Z,4125.24,3760.12,4414.04,5026.28,547.43,718.23,80.29
2016-08-27T00:00:00Z,4125.24,3760.12,4414.04,5026.28,547.43,718.23,80.29
2016-08-28T00:00:00Z,4125.24,3760.12,4414.04,5026.28,547.43,718.23,80.29
2016-08-29T00:00:00Z,4115.50,3720.15,4332.33,5020.18,541.45,710.34,79.50
2016-08-30T00:00:00Z,4098.74,3719.49,4330.42,5022.18,543.30,709.30,79.34
2016-08-31T00:00:00Z,3997.59,3707.50,4384.47,5002.46,559.78,721.96,79.64
2016-09-01T00:00:00Z,4115.00,3712.16,4367.95,4999.27,565.52,721.49,79.46
2016-09-02T00:00:00Z,4130.31,3740.45,4377.28,5000.00,566.49,725.78,79.75
2016-09-03T00:00:00Z,4130.31,3740.45,4377.28,5000.00,566.49,725.78,79.75
2016-09-04T00:00:00Z,4130.31,3740.45,4377.28,5000.00,566.49,725.78,79.75
2016-09-05T00:00:00Z,4130.31,3728.08,4385.15,5000.80,568.78,725.64,80.62
2016-09-06T00:00:00Z,4128.16,3729.09,4380.63,5000.19,569.67,725.96,80.82
2016-09-07T00:00:00Z,4142.16,3755.15,4456.04,5011.54,570.70,733.19,80.27
2016-09-08T00:00:00Z,4158.52,3774.87,4457.20,5012.48,569.68,735.28,80.12
2016-09-09T00:00:00Z,4142.10,3784.63,4405.85,4998.66,568.28,729.98,79.63
2016-09-10T00:00:00Z,4142.10,3784.63,4405.85,4998.66,568.28,729.98,79.63
2016-09-11T00:00:00Z,4142.10,3784.63,4405.85,4998.66,568.28,729.98,79.63
2016-09-12T00:00:00Z,4126.90,3770.52,4445.84,4998.69,566.72,729.52,78.68
2016-09-13T00:00:00Z,4129.53,3777.58,4430.92,4998.51,565.85,731.55,78.71
2016-09-14T00:00:00Z,4164.46,3767.84,4404.55,5001.86,562.30,728.34,78.36
2016-09-15T00:00:00Z,4104.57,3779.93,4433.67,5004.02,563.31,730.94,78.44
2016-09-16T00:00:00Z,4049.08,3785.83,4447.01,5004.03,561.87,729.12,78.32
2016-09-17T00:00:00Z,4049.08,3785.83,4447.01,5004.03,561.87,729.12,78.32
2016-09-18T00:00:00Z,4049.08,3785.83,4447.01,5004.03,561.87,729.12,78.32
2016-09-19T00:00:00Z,4012.52,3765.25,4450.09,5006.64,556.88,724.23,78.60
2016-09-20T00:00:00Z,3960.36,3771.66,4446.70,5006.09,553.21,726.26,78.16
2016-09-21T00:00:00Z,3937.59,3760.20,4489.94,5005.63,554.88,728.04,78.69
2016-09-22T00:00:00Z,3927.68,3789.87,4497.39,5007.10,557.75,734.87,79.47
2016-09-23T00:00:00Z,3944.96,3803.12,4494.53,5006.57,553.27,731.95,79.29
2016-09-24T00:00:00Z,3944.96,3803.12,4494.53,5006.57,553.27,731.95,79.29
2016-09-25T00:00:00Z,3944.96,3803.12,4494.53,5006.57,553.27,731.95,79.29
2016-09-26T00:00:00Z,3914.11,3819.40,4510.18,5007.38,551.46,733.87,78.55
2016-09-27T00:00:00Z,3881.26,3805.15,4516.92,5007.30,553.71,732.82,78.01
2016-09-28T00:00:00Z,3840.11,3806.85,4502.53,5003.85,555.27,732.40,78.33
2016-09-29T00:00:00Z,3823.39,3805.49,4463.37,5008.15,555.53,733.15,79.08
2016-09-30T00:00:00Z,3686.17,3837.31,4508.28,5020.46,559.29,739.15,78.62
2016-10-01T00:00:00Z,3686.17,3837.31,4508.28,5020.46,559.29,739.15,78.62
2016-10-02T00:00:00Z,3686.17,3837.31,4508.28,5020.46,559.29,739.15,78.62
2016-10-03T00:00:00Z,3791.34,3863.10,4506.29,5020.55,555.21,741.25,79.08
2016-10-04T00:00:00Z,3810.33,3837.31,4452.76,5020.52,550.10,734.22,78.58
2016-10-05T00:00:00Z,3819.24,3854.50,4428.23,5018.28,548.71,736.83,78.36
2016-10-06T00:00:00Z,3861.29,3845.57,4404.63,5021.67,546.40,736.27,78.43
2016-10-07T00:00:00Z,3876.05,3844.89,4408.19,5020.52,531.97,733.04,78.03
2016-10-08T00:00:00Z,3876.05,3844.89,4408.19,5020.52,531.97,733.04,78.03
2016-10-09T00:00:00Z,3876.05,3844.89,4408.19,5020.52,531.97,733.04,78.03
2016-10-10T00:00:00Z,3876.05,3851.79,4418.02,4994.05,534.60,733.42,78.14
2016-10-11T00:00:00Z,3897.12,3823.83,4404.66,4985.11,529.77,729.56,78.30
2016-10-12T00:00:00Z,3926.15,3803.47,4396.51,4986.09,528.37,727.80,78.39
2016-10-13T00:00:00Z,3904.35,3809.68,4404.07,4978.63,526.66,729.12,78.40
2016-10-14T00:00:00Z,3950.04,3816.90,4379.38,4979.90,527.97,727.75,78.87
2016-10-15T00:00:00Z,3950.04,3816.90,4379.38,4979.90,527.97,727.75,78.87
2016-10-16T00:00:00Z,3950.04,3816.90,4379.38,4979.90,527.97,727.75,78.87
2016-10-17T00:00:00Z,3912.48,3814.13,4387.67,4971.24,524.24,728.35,79.10
2016-10-18T00:00:00Z,3864.60,3813.78,4390.72,4971.79,529.57,727.35,79.37
2016-10-19T00:00:00Z,3865.88,3808.92,4419.13,4971.97,530.24,728.57,79.86
2016-10-20T00:00:00Z,3861.76,3809.27,4409.04,4971.28,528.93,728.77,79.32
2016-10-21T00:00:00Z,3858.52,3804.58,4402.26,4952.49,525.86,724.33,78.97
2016-10-22T00:00:00Z,3858.52,3804.58,4402.26,4952.49,525.86,724.33,78.97
2016-10-23T00:00:00Z,3858.52,3804.58,4402.26,4952.49,525.86,724.33,78.97
2016-10-24T00:00:00Z,3889.72,3806.33,4391.45,4944.69,527.90,724.93,78.21
2016-10-25T00:00:00Z,3903.16,3799.69,4369.90,4942.09,527.08,721.87,78.45
2016-10-26T00:00:00Z,3892.01,3818.21,4378.87,4948.12,526.89,726.05,78.33
2016-10-27T00:00:00Z,3879.32,3818.91,4363.60,4940.48,528.80,726.19,78.33
2016-10-28T00:00:00Z,3883.96,3830.78,4334.69,4940.15,524.16,724.72,78.19
2016-10-29T00:00:00Z,3883.96,3830.78,4334.69,4940.15,524.16,724.72,78.19
2016-10-30T00:00:00Z,3883.96,3830.78,4334.69,4940.15,524.16,724.72,78.19
2016-10-31T00:00:00Z,3817.96,3839.20,4411.84,5049.04,535.21,725.79,78.14
2016-11-01T00:00:00Z,3913.28,3866.91,4420.61,5053.11,538.34,730.82,78.36
2016-11-02T00:00:00Z,3904.96,3891.46,4485.55,5061.33,542.42,737.92,77.08
2016-11-03T00:00:00Z,3928.06,3880.59,4487.50,5057.37,549.47,735.86,77.00
2016-11-04T00:00:00Z,3939.45,3903.02,4499.66,5062.30,549.98,738.68,76.75
2016-11-05T00:00:00Z,3939.45,3903.02,4499.66,5062.30,549.98,738.68,76.75
2016-11-06T00:00:00Z,3939.45,3903.02,4499.66,5062.30,549.98,738.68,76.75
2016-11-07T00:00:00Z,3941.82,3892.11,4441.98,5049.10,547.02,735.59,76.99
2016-11-08T00:00:00Z,3948.23,3883.67,4422.38,5039.62,545.54,734.74,77.12
2016-11-09T00:00:00Z,3958.64,3878.04,4459.15,5042.28,545.10,732.66,76.55
2016-11-10T00:00:00Z,3947.54,3833.36,4337.34,5031.69,546.46,726.30,76.22
2016-11-11T00:00:00Z,3947.54,3853.76,4357.39,5026.82,557.40,728.93,76.17
2016-11-12T00:00:00Z,3947.54,3853.76,4357.39,5026.82,557.40,728.93,76.17
2016-11-13T00:00:00Z,3947.54,3853.76,4357.39,5026.82,557.40,728.93,76.17
2016-11-14T00:00:00Z,3955.63,3808.88,4295.16,4997.84,551.86,719.97,75.91
2016-11-15T00:00:00Z,3972.80,3804.64,4280.07,4988.42,547.09,717.90,75.98
2016-11-16T00:00:00Z,3961.68,3782.37,4229.61,4972.43,547.22,715.03,76.67
2016-11-17T00:00:00Z,3958.68,3787.67,4240.24,4979.33,548.34,716.10,76.97
2016-11-18T00:00:00Z,3935.55,3776.86,4211.54,4969.84,542.81,711.94,76.47
2016-11-19T00:00:00Z,3935.55,3776.86,4211.54,4969.84,542.81,711.94,76.47
2016-11-20T00:00:00Z,3935.55,3776.86,4211.54,4969.84,542.81,711.94,76.47
2016-11-21T00:00:00Z,3914.62,3777.57,4189.41,4961.48,546.03,711.01,76.78
2016-11-22T00:00:00Z,3926.60,3772.59,4178.56,4968.03,547.24,709.88,77.10
2016-11-23T00:00:00Z,3959.73,3767.26,4162.05,4957.15,546.66,708.81,76.90
2016-11-24T00:00:00Z,3959.73,3748.08,4092.66,4943.32,547.68,705.46,76.66
2016-11-25T00:00:00Z,3935.49,3777.35,4099.43,4943.15,547.50,707.81,76.67
2016-11-26T00:00:00Z,3935.49,3777.35,4099.43,4943.15,547.50,707.81,76.67
2016-11-27T00:00:00Z,3935.49,3777.35,4099.43,4943.15,547.50,707.81,76.67
2016-11-28T00:00:00Z,3902.46,3775.92,4114.38,4951.07,546.52,706.56,76.89
2016-11-29T00:00:00Z,3914.37,3771.64,4101.80,4957.53,549.04,705.69,76.86
2016-11-30T00:00:00Z,3815.75,3792.69,4158.76,4935.63,570.39,722.80,77.54
2016-12-01T00:00:00Z,3923.95,3789.83,4124.48,4933.87,577.77,724.87,77.44
2016-12-02T00:00:00Z,3940.05,3817.69,4136.78,4931.81,577.18,726.77,78.00
2016-12-03T00:00:00Z,3940.05,3817.69,4136.78,4931.81,577.18,726.77,78.00
2016-12-04T00:00:00Z,3940.05,3817.69,4136.78,4931.81,577.18,726.77,78.00
2016-12-05T00:00:00Z,3934.78,3839.21,4122.01,4935.91,581.37,727.76,77.99
2016-12-06T00:00:00Z,3922.73,3850.69,4135.69,4937.33,582.81,727.51,78.21
2016-12-07T00:00:00Z,3918.77,3849.26,4129.42,4937.16,576.54,727.17,78.13
2016-12-08T00:00:00Z,3942.80,3860.74,4135.32,4938.18,578.94,728.06,78.47
2016-12-09T00:00:00Z,3940.96,3811.56,4095.05,4918.77,575.19,720.77,78.70
2016-12-10T00:00:00Z,3940.96,3811.56,4095.05,4918.77,575.19,720.77,78.70
2016-12-11T00:00:00Z,3940.96,3811.56,4095.05,4918.77,575.19,720.77,78.70
2016-12-12T00:00:00Z,3925.46,3824.92,4068.88,4916.19,577.45,722.22,78.95
2016-12-13T00:00:00Z,3882.68,3829.97,4088.25,4922.15,581.06,725.19,79.04
2016-12-14T00:00:00Z,3976.14,3842.24,4097.33,4920.05,579.63,727.18,79.11
2016-12-15T00:00:00Z,3893.18,3761.02,3989.85,4898.49,569.85,712.74,77.76
2016-12-16T00:00:00Z,3868.90,3790.12,3986.17,4882.69,568.96,712.91,77.59
2016-12-17T00:00:00Z,3868.90,3790.12,3986.17,4882.69,568.96,712.91,77.59
2016-12-18T00:00:00Z,3868.90,3790.12,3986.17,4882.69,568.96,712.91,77.59
2016-12-19T00:00:00Z,3837.21,3783.95,4018.44,4886.04,566.34,714.54,77.54
2016-12-20T00:00:00Z,3800.62,3762.89,3988.24,4883.31,564.28,712.02,77.39
2016-12-21T00:00:00Z,3774.60,3783.59,4014.11,4892.18,565.62,715.81,78.82
2016-12-22T00:00:00Z,3779.55,3791.94,4004.96,4890.08,564.15,716.25,78.24
2016-12-23T00:00:00Z,3807.40,3850.09,4014.22,4891.35,560.07,716.05,77.98
2016-12-24T00:00:00Z,3807.40,3850.09,4014.22,4891.35,560.07,716.05,77.98
2016-12-25T00:00:00Z,3807.40,3850.09,4014.22,4891.35,560.07,716.05,77.98
2016-12-26T00:00:00Z,3807.40,3850.09,4014.22,4891.35,560.07,716.05,77.98
2016-12-27T00:00:00Z,3784.47,3849.72,4013.51,4886.57,559.88,713.12,77.86
2016-12-28T00:00:00Z,3754.71,3833.50,4003.79,4881.78,558.64,712.77,78.09
2016-12-29T00:00:00Z,3727.43,3852.67,4035.34,4884.46,560.30,716.33,78.29
2016-12-30T00:00:00Z,3583.91,3861.06,4024.47,4892.21,562.92,720.68,78.76
2016-12-31T00:00:00Z,3583.91,3861.06,4070.31,4949.41,584.16,732.74,78.76
2017-01-01T00:00:00Z,3583.91,3861.06,4070.31,4949.41,584.16,732.74,78.76
2017-01-02T00:00:00Z,3583.91,3833.23,4056.75,4948.33,583.20,729.36,78.85
2017-01-03T00:00:00Z,3794.43,3803.92,4031.31,4938.02,582.68,724.39,78.85
2017-01-04T00:00:00Z,3814.80,3822.97,4055.13,4956.09,582.98,727.68,79.70
2017-01-05T00:00:00Z,3850.33,3846.41,4088.66,4991.38,583.16,732.34,79.78
2017-01-06T00:00:00Z,3873.20,3888.96,4107.82,4968.48,586.61,737.04,80.03
2017-01-07T00:00:00Z,3873.20,3888.96,4107.82,4968.48,586.61,737.04,80.03
2017-01-08T00:00:00Z,3873.20,3888.96,4107.82,4968.48,586.61,737.04,80.03
2017-01-09T00:00:00Z,3881.24,3862.15,4085.16,4954.18,575.77,732.23,79.96
2017-01-10T00:00:00Z,3895.27,3880.88,4098.95,4963.38,576.70,734.68,80.13
2017-01-11T00:00:00Z,3924.68,3857.37,4097.48,4957.02,574.62,731.32,79.11
2017-01-12T00:00:00Z,3959.36,3922.01,4181.55,4985.66,583.46,742.12,80.29
2017-01-13T00:00:00Z,4009.32,3941.69,4166.96,4981.12,577.79,741.84,79.77
2017-01-14T00:00:00Z,4009.32,3941.69,4166.96,4981.12,577.79,741.84,79.77
2017-01-15T00:00:00Z,4009.32,3941.69,4166.96,4981.12,577.79,741.84,79.77
2017-01-16T00:00:00Z,4009.32,3916.92,4175.02,4980.76,572.45,738.49,79.75
2017-01-17T00:00:00Z,3961.89,3950.20,4203.88,5014.29,584.09,744.55,80.27
2017-01-18T00:00:00Z,3933.72,3942.80,4197.75,5025.76,582.71,743.57,80.74
2017-01-19T00:00:00Z,3939.71,3944.28,4158.78,5006.37,584.80,742.26,79.73
2017-01-20T00:00:00Z,3929.89,3954.70,4136.63,4997.39,582.56,739.89,79.19
2017-01-21T00:00:00Z,3929.89,3954.70,4136.63,4997.39,582.56,739.89,79.19
2017-01-22T00:00:00Z,3929.89,3954.70,4136.63,4997.39,582.56,739.89,79.19
2017-01-23T00:00:00Z,3905.44,3985.58,4194.61,5015.07,590.15,745.67,79.54
2017-01-24T00:00:00Z,3944.06,3997.85,4203.04,5011.07,590.58,747.20,79.78
2017-01-25T00:00:00Z,3942.74,3995.99,4203.15,4994.24,597.41,747.27,81.31
2017-01-26T00:00:00Z,3975.72,3980.00,4165.46,4994.59,596.28,746.99,81.11
2017-01-27T00:00:00Z,3964.52,3995.51,4137.45,4984.36,595.03,745.94,81.17
2017-01-28T00:00:00Z,3964.52,3995.51,4137.45,4984.36,595.03,745.94,81.17
2017-01-29T00:00:00Z,3964.52,3995.51,4137.45,4984.36,595.03,745.94,81.17
2017-01-30T00:00:00Z,3960.47,3976.43,4159.97,4997.95,593.83,743.77,80.95
2017-01-31T00:00:00Z,3899.95,4023.19,4251.04,5063.70,614.67,731.11,81.48
2017-02-01T00:00:00Z,3980.92,4036.29,4254.06,5059.66,621.63,732.67,79.21
2017-02-02T00:00:00Z,4016.93,4043.02,4290.99,5060.81,617.96,733.21,79.61
2017-02-03T00:00:00Z,4032.92,4027.34,4261.23,5070.41,614.53,728.32,79.27
2017-02-04T00:00:00Z,4032.92,4027.34,4261.23,5070.41,614.53,728.32,79.27
2017-02-05T00:00:00Z,4032.92,4027.34,4261.23,5070.41,614.53,728.32,79.27
2017-02-06T00:00:00Z,4017.58,4016.46,4292.47,5075.71,613.32,728.05,79.26
2017-02-07T00:00:00Z,4016.36,4002.59,4289.77,5059.07,608.51,726.36,78.51
2017-02-08T00:00:00Z,4046.27,3998.84,4305.50,5067.57,615.17,727.11,79.22
2017-02-09T00:00:00Z,4054.80,4008.96,4293.03,5072.23,618.36,726.56,79.44
2017-02-10T00:00:00Z,4068.66,4008.13,4246.15,5062.55,613.27,722.48,79.27
2017-02-11T00:00:00Z,4068.66,4008.13,4246.15,5062.55,613.27,722.48,79.27
2017-02-12T00:00:00Z,4068.66,4008.13,4246.15,5062.55,613.27,722.48,79.27
2017-02-13T00:00:00Z,4038.55,4008.13,4237.37,5066.57,616.16,722.21,79.54
2017-02-14T00:00:00Z,4050.33,4005.87,4251.51,5074.82,614.31,722.75,79.92
2017-02-15T00:00:00Z,4075.38,3980.23,4209.61,5068.83,611.10,718.60,80.25
2017-02-16T00:00:00Z,4086.09,4016.81,4244.79,5079.90,615.90,725.54,80.66
2017-02-17T00:00:00Z,4045.12,4034.11,4274.74,5071.58,611.40,726.09,80.28
2017-02-18T00:00:00Z,4045.12,4034.11,4274.74,5071.58,611.40,726.09,80.28
2017-02-19T00:00:00Z,4045.12,4034.11,4274.74,5071.58,611.40,726.09,80.28
2017-02-20T00:00:00Z,4045.12,4021.23,4260.03,5063.91,613.57,722.89,80.09
2017-02-21T00:00:00Z,4024.40,3991.30,4240.33,5058.51,611.05,718.25,79.94
2017-02-22T00:00:00Z,4062.70,3982.21,4265.57,5063.32,612.61,716.41,80.15
2017-02-23T00:00:00Z,4112.69,4004.94,4271.58,5065.46,614.81,719.08,80.46
2017-02-24T00:00:00Z,4129.70,4040.16,4295.48,5070.15,617.82,722.48,80.51
2017-02-25T00:00:00Z,4129.70,4040.16,4295.48,5070.15,617.82,722.48,80.51
2017-02-26T00:00:00Z,4129.70,4040.16,4295.48,5070.15,617.82,722.48,80.51
2017-02-27T00:00:00Z,4127.71,4031.79,4292.71,5067.77,610.92,719.96,80.45
2017-02-28T00:00:00Z,4074.76,4035.59,4351.00,5030.15,632.08,751.70,79.98
2017-03-01T00:00:00Z,4153.62,4011.22,4288.27,5021.02,626.47,747.23,77.71
2017-03-02T00:00:00Z,4180.89,4003.99,4266.29,5017.01,625.26,745.60,77.44
2017-03-03T00:00:00Z,4177.84,4036.19,4266.06,5008.63,622.51,747.53,77.31
2017-03-04T00:00:00Z,4177.84,4036.19,4266.06,5008.63,622.51,747.53,77.31
2017-03-05T00:00:00Z,4177.84,4036.19,4266.06,5008.63,622.51,747.53,77.31
2017-03-06T00:00:00Z,4158.67,4046.51,4286.89,5009.19,624.50,748.11,77.38
2017-03-07T00:00:00Z,4161.71,4040.39,4278.29,5006.70,620.61,744.48,77.22
2017-03-08T00:00:00Z,4181.55,4032.75,4268.78,4998.80,619.13,745.01,77.37
2017-03-09T00:00:00Z,4207.99,4030.84,4256.18,4999.25,619.55,744.17,76.91
2017-03-10T00:00:00Z,4196.30,4072.55,4226.99,4996.25,618.52,745.69,77.04
2017-03-11T00:00:00Z,4196.30,4072.55,4226.99,4996.25,618.52,745.69,77.04
2017-03-12T00:00:00Z,4196.30,4072.55,4226.99,4996.25,618.52,745.69,77.04
2017-03-13T00:00:00Z,4182.69,4094.44,4252.14,4997.14,621.78,749.27,77.30
2017-03-14T00:00:00Z,4182.08,4082.15,4247.01,4996.11,617.76,748.63,77.13
2017-03-15T00:00:00Z,4219.65,4078.69,4255.96,4996.84,620.71,748.76,77.38
2017-03-16T00:00:00Z,4185.46,4118.63,4305.41,5007.17,628.68,757.51,78.21
2017-03-17T00:00:00Z,4156.20,4141.17,4311.95,5003.05,628.91,758.07,78.19
2017-03-18T00:00:00Z,4156.20,4141.17,4311.95,5003.05,628.91,758.07,78.19
2017-03-19T00:00:00Z,4156.20,4141.17,4311.95,5003.05,628.91,758.07,78.19
2017-03-20T00:00:00Z,4154.93,4146.95,4328.67,5001.47,630.33,757.57,77.95
2017-03-21T00:00:00Z,4162.63,4166.24,4334.85,5014.60,633.56,758.97,78.37
2017-03-22T00:00:00Z,4172.98,4168.17,4391.39,5015.91,633.58,761.87,77.84
2017-03-23T00:00:00Z,4178.00,4160.07,4408.93,5017.28,636.14,761.39,78.07
2017-03-24T00:00:00Z,4214.77,4189.14,4389.85,5016.80,634.85,761.45,77.88
2017-03-25T00:00:00Z,4214.77,4189.14,4389.85,5016.80,634.85,761.45,77.88
2017-03-26T00:00:00Z,4214.77,4189.14,4389.85,5016.80,634.85,761.45,77.88
2017-03-27T00:00:00Z,4191.25,4221.71,4429.88,5022.79,641.25,767.73,78.01
2017-03-28T00:00:00Z,4190.53,4210.07,4420.99,5017.53,639.09,767.04,77.74
2017-03-29T00:00:00Z,4146.16,4167.04,4400.40,5013.45,633.07,757.86,77.43
2017-03-30T00:00:00Z,4146.95,4162.77,4387.80,5014.41,633.93,758.07,77.67
2017-03-31T00:00:00Z,4030.56,4384.09,4382.72,4897.54,654.80,762.86,77.64
2017-04-01T00:00:00Z,4030.56,4384.09,4382.72,4897.54,654.80,762.86,77.64
2017-04-02T00:00:00Z,4030.56,4384.09,4382.72,4897.54,654.80,762.86,77.64
2017-04-03T00:00:00Z,4151.60,4371.79,4403.95,4898.37,655.21,761.72,77.61
2017-04-04T00:00:00Z,4179.98,4367.69,4440.61,4897.24,651.82,761.64,77.05
2017-04-05T00:00:00Z,4217.04,4378.76,4416.55,4891.85,654.33,761.08,77.81
2017-04-06T00:00:00Z,4236.80,4373.84,4421.29,4890.41,652.99,760.65,77.56
2017-04-07T00:00:00Z,4238.18,4375.68,4428.47,4891.12,650.91,758.58,77.65
2017-04-08T00:00:00Z,4238.18,4375.68,4428.47,4891.12,650.91,758.58,77.65
2017-04-09T00:00:00Z,4238.18,4375.68,4428.47,4891.12,650.91,758.58,77.65
2017-04-10T00:00:00Z,4226.14,4354.28,4403.81,4886.92,649.53,755.79,77.82
2017-04-11T00:00:00Z,4228.03,4369.92,4433.19,4888.81,651.90,757.51,78.19
2017-04-12T00:00:00Z,4259.81,4365.39,4472.03,4894.84,654.99,758.00,78.90
2017-04-13T00:00:00Z,4255.81,4375.68,4490.69,4897.20,657.13,759.22,79.34
2017-04-14T00:00:00Z,4237.72,4390.19,4490.69,4897.20,657.13,759.22,79.34
2017-04-15T00:00:00Z,4237.72,4390.19,4490.69,4897.20,657.13,759.22,79.34
2017-04-16T00:00:00Z,4237.72,4390.19,4490.69,4897.20,657.13,759.22,79.34
2017-04-17T00:00:00Z,4271.87,4390.19,4490.69,4897.20,657.13,759.22,79.34
2017-04-18T00:00:00Z,4147.92,4411.66,4502.95,4901.27,663.38,762.93,78.59
2017-04-19T00:00:00Z,4133.22,4429.42,4495.94,4899.15,673.60,765.72,78.15
2017-04-20T00:00:00Z,4145.07,4437.68,4494.72,4900.78,670.91,766.35,77.87
2017-04-21T00:00:00Z,4129.23,4428.33,4491.93,4899.15,669.57,764.50,77.97
2017-04-22T00:00:00Z,4129.23,4428.33,4491.93,4899.15,669.57,764.50,77.97
2017-04-23T00:00:00Z,4129.23,4428.33,4491.93,4899.15,669.57,764.50,77.97
2017-04-24T00:00:00Z,4121.07,4490.42,4442.62,4899.67,670.08,766.18,78.21
2017-04-25T00:00:00Z,4079.20,4508.22,4435.40,4900.39,671.96,767.80,77.35
2017-04-26T00:00:00Z,4076.97,4509.05,4399.29,4895.74,672.28,767.30,78.24
2017-04-27T00:00:00Z,4096.10,4504.08,4397.35,4892.76,675.38,767.52,78.20
2017-04-28T00:00:00Z,4015.58,4533.80,4399.37,4892.43,678.00,770.19,77.86
2017-04-29T00:00:00Z,4015.58,4533.80,4399.37,4892.43,678.00,770.19,77.86
2017-04-30T00:00:00Z,4015.58,4533.80,4468.11,4949.61,686.02,790.02,77.86
2017-05-01T00:00:00Z,4085.95,4533.80,4468.11,4949.61,686.02,790.02,77.86
2017-05-02T00:00:00Z,4063.08,4527.58,4433.21,4949.65,684.69,787.41,77.68
2017-05-03T00:00:00Z,4081.17,4529.24,4437.73,4951.20,685.59,790.61,76.18
2017-05-04T00:00:00Z,4117.70,4532.55,4410.73,4949.37,683.47,788.93,76.14
2017-05-05T00:00:00Z,4115.57,4556.30,4425.17,4944.76,686.04,791.67,75.95
2017-05-06T00:00:00Z,4115.57,4556.30,4425.17,4944.76,686.04,791.67,75.95
2017-05-07T00:00:00Z,4115.57,4556.30,4425.17,4944.76,686.04,791.67,75.95
2017-05-08T00:00:00Z,4104.89,4546.74,4422.70,4943.66,686.58,787.18,76.34
2017-05-09T00:00:00Z,4100.30,4525.95,4369.12,4941.48,684.78,779.28,76.32
2017-05-10T00:00:00Z,4097.93,4523.46,4373.77,4944.34,686.97,778.07,76.81
2017-05-11T00:00:00Z,4124.72,4514.31,4370.22,4944.81,681.53,776.29,76.65
2017-05-12T00:00:00Z,4114.51,4535.93,4372.06,4946.16,681.70,776.65,76.59
2017-05-13T00:00:00Z,4114.51,4535.93,4372.06,4946.16,681.70,776.65,76.59
2017-05-14T00:00:00Z,4114.51,4535.93,4372.06,4946.16,681.70,776.65,76.59
2017-05-15T00:00:00Z,4146.53,4575.97,4388.33,4951.42,684.96,784.87,77.31
2017-05-16T00:00:00Z,4129.31,4612.25,4380.18,4954.26,682.84,790.08,77.27
2017-05-17T00:00:00Z,4127.06,4636.44,4433.14,4956.37,687.40,796.77,77.70
2017-05-18T00:00:00Z,4112.75,4641.45,4501.76,4952.27,691.22,801.22,77.54
2017-05-19T00:00:00Z,4119.97,4679.19,4474.71,4954.05,689.92,801.36,77.96
2017-05-20T00:00:00Z,4119.97,4679.19,4474.71,4954.05,689.92,801.36,77.96
2017-05-21T00:00:00Z,4119.97,4679.19,4474.71,4954.05,689.92,801.36,77.96
2017-05-22T00:00:00Z,4107.91,4705.97,4470.49,4953.98,690.30,806.68,78.38
2017-05-23T00:00:00Z,4098.96,4694.25,4479.40,4953.15,687.70,804.60,78.55
2017-05-24T00:00:00Z,4122.85,4685.05,4451.68,4953.56,687.33,801.77,78.94
2017-05-25T00:00:00Z,4162.57,4693.84,4453.62,4969.36,687.13,805.12,79.33
2017-05-26T00:00:00Z,4134.00,4697.49,4480.44,4976.64,680.81,805.01,79.13
2017-05-27T00:00:00Z,4134.00,4697.49,4480.44,4976.64,680.81,805.01,79.13
2017-05-28T00:00:00Z,4134.00,4697.49,4480.44,4976.64,680.81,805.01,79.13
2017-05-29T00:00:00Z,4134.00,4694.13,4470.41,4977.49,681.09,803.55,79.20
2017-05-30T00:00:00Z,4111.80,4687.84,4486.02,4978.41,682.52,802.25,79.12
2017-05-31T00:00:00Z,4013.91,4707.98,4517.27,5026.92,689.51,802.92,79.57
2017-06-01T00:00:00Z,4127.19,4707.14,4511.75,5029.97,690.46,803.74,79.30
2017-06-02T00:00:00Z,4142.24,4716.24,4493.27,5021.31,690.03,802.85,79.22
2017-06-03T00:00:00Z,4142.24,4716.24,4493.27,5021.31,690.03,802.85,79.22
2017-06-04T00:00:00Z,4142.24,4716.24,4493.27,5021.31,690.03,802.85,79.22
2017-06-05T00:00:00Z,4142.56,4729.69,4532.19,5032.61,693.10,807.89,79.42
2017-06-06T00:00:00Z,4150.28,4733.47,4579.28,5040.72,692.86,808.91,79.50
2017-06-07T00:00:00Z,4142.55,4716.24,4575.24,5038.04,692.89,806.56,79.19
2017-06-08T00:00:00Z,4162.42,4721.28,4543.50,5038.21,694.86,806.45,78.80
2017-06-09T00:00:00Z,4159.00,4714.18,4534.15,5038.85,684.61,802.13,78.83
2017-06-10T00:00:00Z,4159.00,4714.18,4534.15,5038.85,684.61,802.13,78.83
2017-06-11T00:00:00Z,4159.00,4714.18,4534.15,5038.85,684.61,802.13,78.83
2017-06-12T00:00:00Z,4151.28,4733.16,4557.57,5037.79,680.33,805.80,79.25
2017-06-13T00:00:00Z,4129.59,4731.48,4551.15,5038.57,683.71,806.04,80.21
2017-06-14T00:00:00Z,4149.27,4725.57,4539.95,5038.76,683.75,803.25,81.09
2017-06-15T00:00:00Z,4147.50,4709.96,4548.14,5032.82,683.98,800.60,80.66
2017-06-16T00:00:00Z,4111.30,4726.93,4498.06,5026.39,685.51,799.86,81.00
2017-06-17T00:00:00Z,4111.30,4726.93,4498.06,5026.39,685.51,799.86,81.00
2017-06-18T00:00:00Z,4111.30,4726.93,4498.06,5026.39,685.51,799.86,81.00
2017-06-19T00:00:00Z,4091.93,4740.47,4513.49,5024.09,686.96,803.26,80.90
2017-06-20T00:00:00Z,4057.33,4722.27,4496.53,5016.83,679.47,801.36,80.67
2017-06-21T00:00:00Z,4050.36,4718.46,4494.35,5017.26,681.50,800.49,81.46
2017-06-22T00:00:00Z,4070.94,4727.77,4501.04,5011.88,680.07,801.33,81.35
2017-06-23T00:00:00Z,4064.38,4744.22,4499.39,5007.77,683.12,802.80,81.76
2017-06-24T00:00:00Z,4064.38,4744.22,4499.39,5007.77,683.12,802.80,81.76
2017-06-25T00:00:00Z,4064.38,4744.22,4499.39,5007.77,683.12,802.80,81.76
2017-06-26T00:00:00Z,4073.13,4750.17,4484.48,5005.66,683.79,801.59,81.70
2017-06-27T00:00:00Z,4049.93,4788.81,4476.88,5025.89,685.13,807.96,81.91
2017-06-28T00:00:00Z,4002.05,4830.00,4466.88,5036.68,689.82,812.67,82.99
2017-06-29T00:00:00Z,3997.55,4846.13,4444.86,5049.33,696.33,813.75,83.38
2017-06-30T00:00:00Z,3883.35,4803.89,4485.37,5088.11,701.55,809.12,83.84
2017-07-01T00:00:00Z,3883.35,4803.89,4485.37,5088.11,701.55,809.12,83.84
2017-07-02T00:00:00Z,3883.35,4803.89,4485.37,5088.11,701.55,809.12,83.84
2017-07-03T00:00:00Z,4040.44,4785.79,4443.77,5077.60,700.72,805.11,83.69
2017-07-04T00:00:00Z,4040.44,4779.06,4433.72,5072.62,698.94,803.17,83.72
2017-07-05T00:00:00Z,4062.20,4768.95,4421.94,5072.40,698.02,801.77,84.84
2017-07-06T00:00:00Z,4106.82,4792.53,4431.06,5072.27,699.25,803.89,84.99
2017-07-07T00:00:00Z,4107.54,4809.81,4414.53,5074.66,697.15,805.21,84.74
2017-07-08T00:00:00Z,4107.54,4809.81,4414.53,5074.66,697.15,805.21,84.74
2017-07-09T00:00:00Z,4107.54,4809.81,4414.53,5074.66,697.15,805.21,84.74
2017-07-10T00:00:00Z,4098.95,4799.27,4398.76,5070.47,695.98,801.70,85.15
2017-07-11T00:00:00Z,4119.03,4806.86,4392.87,5072.40,698.06,800.57,85.20
2017-07-12T00:00:00Z,4125.37,4825.41,4421.35,5082.86,695.97,804.60,85.50
2017-07-13T00:00:00Z,4135.32,4811.92,4438.01,5086.52,699.61,803.52,86.69
2017-07-14T00:00:00Z,4162.40,4827.73,4439.63,5087.21,701.33,800.47,86.92
2017-07-15T00:00:00Z,4162.40,4827.73,4439.63,5087.21,701.33,800.47,86.92
2017-07-16T00:00:00Z,4162.40,4827.73,4439.63,5087.21,701.33,800.47,86.92
2017-07-17T00:00:00Z,4142.85,4847.61,4466.22,5096.83,706.05,806.61,87.41
2017-07-18T00:00:00Z,4110.50,4886.94,4481.59,5111.18,703.56,812.20,87.84
2017-07-19T00:00:00Z,4142.89,4877.64,4487.96,5108.78,704.56,812.94,88.21
2017-07-20T00:00:00Z,4153.06,4857.33,4473.10,5095.96,699.79,806.25,88.17
2017-07-21T00:00:00Z,4165.40,4931.27,4506.28,5097.58,702.29,816.39,88.29
2017-07-22T00:00:00Z,4165.40,4931.27,4506.28,5097.58,702.29,816.39,88.29
2017-07-23T00:00:00Z,4165.40,4931.27,4506.28,5097.58,702.29,816.39,88.29
2017-07-24T00:00:00Z,4184.26,4933.81,4530.61,5111.62,704.70,819.11,88.82
2017-07-25T00:00:00Z,4207.13,4953.30,4506.95,5110.55,707.13,819.14,89.03
2017-07-26T00:00:00Z,4178.44,4932.12,4488.37,5108.31,705.05,809.13,89.69
2017-07-27T00:00:00Z,4182.71,4953.30,4505.57,5119.50,710.44,806.82,89.91
2017-07-28T00:00:00Z,4169.20,4982.81,4517.32,5116.90,707.87,800.33,89.51
2017-07-29T00:00:00Z,4169.20,4982.81,4517.32,5116.90,707.87,800.33,89.51
2017-07-30T00:00:00Z,4169.20,4982.81,4517.32,5116.90,707.87,800.33,89.51
2017-07-31T00:00:00Z,4071.64,4981.96,4571.09,5211.42,718.79,822.74,90.03
2017-08-01T00:00:00Z,4208.95,5018.07,4574.95,5217.78,723.84,824.71,89.99
2017-08-02T00:00:00Z,4182.10,5025.29,4565.79,5212.94,725.01,822.66,87.15
2017-08-03T00:00:00Z,4232.02,5038.46,4580.20,5215.66,719.72,821.80,86.73
2017-08-04T00:00:00Z,4222.41,5039.73,4591.71,5217.15,720.51,822.86,86.97
2017-08-05T00:00:00Z,4222.41,5039.73,4591.71,5217.15,720.51,822.86,86.97
2017-08-06T00:00:00Z,4222.41,5039.73,4591.71,5217.15,720.51,822.86,86.97
2017-08-07T00:00:00Z,4204.40,5009.58,4560.40,5217.07,714.97,818.93,86.23
2017-08-08T00:00:00Z,4211.09,5016.80,4583.45,5232.38,714.08,820.25,86.35
2017-08-09T00:00:00Z,4225.58,4981.55,4606.75,5251.81,711.73,827.83,86.26
2017-08-10T00:00:00Z,4235.31,4981.98,4606.42,5268.94,712.07,824.40,85.99
2017-08-11T00:00:00Z,4231.51,5007.13,4631.97,5260.45,711.38,828.25,86.04
2017-08-12T00:00:00Z,4231.51,5007.13,4631.97,5260.45,711.38,828.25,86.04
2017-08-13T00:00:00Z,4231.51,5007.13,4631.97,5260.45,711.38,828.25,86.04
2017-08-14T00:00:00Z,4243.75,5020.75,4613.32,5254.72,711.04,823.09,86.17
2017-08-15T00:00:00Z,4297.31,4998.19,4578.78,5246.11,706.21,819.75,85.87
2017-08-16T00:00:00Z,4274.00,4983.72,4561.30,5237.26,705.34,818.17,86.83
2017-08-17T00:00:00Z,4301.81,4978.19,4590.90,5250.40,705.32,824.12,87.57
2017-08-18T00:00:00Z,4249.00,5007.95,4636.21,5254.77,705.64,828.91,87.34
2017-08-19T00:00:00Z,4249.00,5007.95,4636.21,5254.77,705.64,828.91,87.34
2017-08-20T00:00:00Z,4249.00,5007.95,4636.21,5254.77,705.64,828.91,87.34
2017-08-21T00:00:00Z,4231.96,5016.91,4639.07,5255.44,705.90,824.91,87.76
2017-08-22T00:00:00Z,4213.76,5021.17,4622.81,5262.06,703.45,825.47,87.89
2017-08-23T00:00:00Z,4226.11,5033.11,4634.53,5264.24,701.91,825.40,87.62
2017-08-24T00:00:00Z,4282.41,5036.10,4624.70,5263.21,703.34,827.12,88.05
2017-08-25T00:00:00Z,4282.27,5052.50,4606.57,5267.45,702.83,826.17,88.16
2017-08-26T00:00:00Z,4282.27,5052.50,4606.57,5267.45,702.83,826.17,88.16
2017-08-27T00:00:00Z,4282.27,5052.50,4606.57,5267.45,702.83,826.17,88.16
2017-08-28T00:00:00Z,4274.11,5102.57,4625.45,5293.84,707.91,834.43,88.45
2017-08-29T00:00:00Z,4272.60,5155.20,4654.58,5315.60,710.31,843.26,88.35
2017-08-30T00:00:00Z,4239.40,5098.71,4589.91,5318.13,708.00,831.39,87.73
2017-08-31T00:00:00Z,4183.47,5059.78,4624.64,5258.82,708.99,826.37,87.01
2017-09-01T00:00:00Z,4295.30,5106.20,4644.75,5292.53,713.90,833.38,88.54
2017-09-02T00:00:00Z,4295.30,5106.20,4644.75,5292.53,713.90,833.38,88.54
2017-09-03T00:00:00Z,4295.30,5106.20,4644.75,5292.53,713.90,833.38,88.54
2017-09-04T00:00:00Z,4295.30,5099.78,4663.41,5316.94,714.71,835.40,88.76
2017-09-05T00:00:00Z,4275.77,5093.35,4679.39,5300.90,714.70,833.76,88.90
2017-09-06T00:00:00Z,4269.68,5110.91,4698.06,5320.21,719.61,837.22,87.55
2017-09-07T00:00:00Z,4274.89,5128.05,4698.62,5348.48,722.22,839.07,89.05
2017-09-08T00:00:00Z,4269.44,5185.53,4764.25,5372.48,728.67,845.83,89.78
2017-09-09T00:00:00Z,4269.44,5185.53,4764.25,5372.48,728.67,845.83,89.78
2017-09-10T00:00:00Z,4269.44,5185.53,4764.25,5372.48,728.67,845.83,89.78
2017-09-11T00:00:00Z,4259.21,5158.44,4707.38,5316.92,728.80,841.48,89.53
2017-09-12T00:00:00Z,4248.90,5130.92,4662.60,5309.23,732.15,834.07,89.44
2017-09-13T00:00:00Z,4272.29,5150.70,4650.03,5314.37,732.00,833.50,89.67
2017-09-14T00:00:00Z,4289.77,5110.28,4621.95,5295.07,735.38,826.95,89.22
2017-09-15T00:00:00Z,4242.27,5154.71,4604.34,5303.88,749.28,833.54,89.69
2017-09-16T00:00:00Z,4242.27,5154.71,4604.34,5303.88,749.28,833.54,89.69
2017-09-17T00:00:00Z,4242.27,5154.71,4604.34,5303.88,749.28,833.54,89.69
2017-09-18T00:00:00Z,4190.23,5148.24,4592.69,5282.32,746.56,833.66,89.20
2017-09-19T00:00:00Z,4154.83,5158.59,4589.85,5271.99,744.95,830.19,88.57
2017-09-20T00:00:00Z,4139.35,5173.67,4596.72,5279.63,746.64,832.84,88.94
2017-09-21T00:00:00Z,4141.08,5129.72,4549.84,5266.00,743.99,821.98,88.12
2017-09-22T00:00:00Z,4137.11,5176.97,4566.12,5268.95,748.21,825.64,88.76
2017-09-23T00:00:00Z,4137.11,5176.97,4566.12,5268.95,748.21,825.64,88.76
2017-09-24T00:00:00Z,4137.11,5176.97,4566.12,5268.95,748.21,825.64,88.76
2017-09-25T00:00:00Z,4126.87,5136.29,4558.13,5241.24,744.16,820.99,88.33
2017-09-26T00:00:00Z,4117.70,5101.66,4568.56,5233.21,740.52,823.29,87.89
2017-09-27T00:00:00Z,4080.42,5081.75,4529.80,5226.49,739.39,820.15,88.57
2017-09-28T00:00:00Z,4082.33,5097.77,4545.45,5212.74,741.13,822.08,88.07
2017-09-29T00:00:00Z,3980.25,5098.57,4547.33,5218.61,738.32,824.25,88.26
2017-09-30T00:00:00Z,3980.25,5098.57,4563.86,5261.49,737.15,838.24,88.26
2017-10-01T00:00:00Z,3980.25,5098.57,4563.86,5261.49,737.15,838.24,88.26
2017-10-02T00:00:00Z,4089.06,5071.79,4550.86,5260.38,731.29,838.08,87.76
2017-10-03T00:00:00Z,4124.24,5075.68,4545.08,5268.80,728.76,835.06,87.83
2017-10-04T00:00:00Z,4127.06,5090.36,4568.55,5277.96,731.08,836.96,88.27
2017-10-05T00:00:00Z,4156.02,5070.93,4565.59,5261.51,725.14,832.60,88.07
2017-10-06T00:00:00Z,4169.87,5078.13,4545.78,5260.44,719.89,830.05,87.41
2017-10-07T00:00:00Z,4169.87,5078.13,4545.78,5260.44,719.89,830.05,87.41
2017-10-08T00:00:00Z,4169.87,5078.13,4545.78,5260.44,719.89,830.05,87.41
2017-10-09T00:00:00Z,4169.87,5095.04,4556.45,5284.95,725.05,831.07,87.64
2017-10-10T00:00:00Z,4161.12,5117.17,4569.67,5320.14,726.44,832.87,87.94
2017-10-11T00:00:00Z,4174.30,5131.48,4576.58,5309.03,726.04,835.06,88.00
2017-10-12T00:00:00Z,4198.28,5142.76,4572.86,5312.39,723.40,834.86,88.28
2017-10-13T00:00:00Z,4199.90,5162.89,4576.78,5310.81,730.76,832.99,88.08
2017-10-14T00:00:00Z,4199.90,5162.89,4576.78,5310.81,730.76,832.99,88.08
2017-10-15T00:00:00Z,4199.90,5162.89,4576.78,5310.81,730.76,832.99,88.08
2017-10-16T00:00:00Z,4168.28,5159.83,4591.39,5311.01,732.19,833.87,87.79
2017-10-17T00:00:00Z,4161.11,5140.59,4576.01,5286.86,726.23,831.49,87.81
2017-10-18T00:00:00Z,4152.16,5136.22,4548.67,5280.94,724.52,827.40,88.33
2017-10-19T00:00:00Z,4165.69,5173.38,4562.32,5289.06,725.43,834.11,88.83
2017-10-20T00:00:00Z,4172.98,5156.68,4536.73,5288.18,726.01,828.96,88.57
2017-10-21T00:00:00Z,4172.98,5156.68,4536.73,5288.18,726.01,828.96,88.57
2017-10-22T00:00:00Z,4172.98,5156.68,4536.73,5288.18,726.01,828.96,88.57
2017-10-23T00:00:00Z,4155.50,5122.64,4512.19,5270.80,725.53,824.62,87.57
2017-10-24T00:00:00Z,4171.45,5131.80,4508.11,5275.83,725.09,823.82,87.49
2017-10-25T00:00:00Z,4163.97,5142.28,4501.85,5266.68,730.01,820.07,87.50
2017-10-26T00:00:00Z,4166.25,5128.31,4511.78,5273.53,726.99,818.68,86.81
2017-10-27T00:00:00Z,4157.18,5072.80,4496.31,5259.58,720.88,811.57,86.18
2017-10-28T00:00:00Z,4157.18,5072.80,4496.31,5259.58,720.88,811.57,86.18
2017-10-29T00:00:00Z,4157.18,5072.80,4496.31,5259.58,720.88,811.57,86.18
2017-10-30T00:00:00Z,4153.32,5075.86,4522.57,5266.84,726.67,814.09,86.48
2017-10-31T00:00:00Z,4110.66,5087.23,4567.44,5411.70,735.32,836.82,86.18
2017-11-01T00:00:00Z,4186.96,5075.86,4536.61,5428.45,737.61,833.66,84.78
2017-11-02T00:00:00Z,4196.11,5090.29,4539.24,5426.63,728.82,835.52,85.17
2017-11-03T00:00:00Z,4219.51,5097.84,4546.65,5418.92,727.66,837.25,86.00
2017-11-04T00:00:00Z,4219.51,5097.84,4546.65,5418.92,727.66,837.25,86.00
2017-11-05T00:00:00Z,4219.51,5097.84,4546.65,5418.92,727.66,837.25,86.00
2017-11-06T00:00:00Z,4203.77,5068.54,4538.63,5409.57,727.84,835.45,85.76
2017-11-07T00:00:00Z,4222.06,5056.29,4536.58,5406.28,728.99,836.03,85.70
2017-11-08T00:00:00Z,4223.57,5068.54,4564.51,5413.16,727.72,836.32,85.59
2017-11-09T00:00:00Z,4237.07,5086.03,4572.96,5406.86,728.35,838.62,85.73
2017-11-10T00:00:00Z,4241.49,5113.46,4570.95,5402.69,732.03,840.21,85.99
2017-11-11T00:00:00Z,4241.49,5113.46,4570.95,5402.69,732.03,840.21,85.99
2017-11-12T00:00:00Z,4241.49,5113.46,4570.95,5402.69,732.03,840.21,85.99
2017-11-13T00:00:00Z,4236.59,5114.34,4572.08,5403.76,726.82,840.35,85.75
2017-11-14T00:00:00Z,4246.06,5153.39,4564.82,5407.30,727.74,842.99,85.69
2017-11-15T00:00:00Z,4265.09,5195.07,4596.23,5419.47,730.97,847.48,86.10
2017-11-16T00:00:00Z,4261.55,5164.80,4580.77,5411.29,732.63,841.74,86.05
2017-11-17T00:00:00Z,4245.06,5203.79,4600.48,5410.26,732.47,842.74,86.06
2017-11-18T00:00:00Z,4245.06,5203.79,4600.48,5410.26,732.47,842.74,86.06
2017-11-19T00:00:00Z,4245.06,5203.79,4600.48,5410.26,732.47,842.74,86.06
2017-11-20T00:00:00Z,4242.31,5197.62,4620.06,5409.65,735.26,843.18,85.89
2017-11-21T00:00:00Z,4242.72,5169.82,4603.37,5410.49,734.98,841.19,85.77
2017-11-22T00:00:00Z,4247.20,5183.50,4624.67,5422.71,734.34,845.74,85.94
2017-11-23T00:00:00Z,4247.20,5227.18,4657.27,5459.55,738.90,852.58,86.35
2017-11-24T00:00:00Z,4236.48,5258.51,4652.78,5433.43,739.76,851.95,86.16
2017-11-25T00:00:00Z,4236.48,5258.51,4652.78,5433.43,739.76,851.95,86.16
2017-11-26T00:00:00Z,4236.48,5258.51,4652.78,5433.43,739.76,851.95,86.16
2017-11-27T00:00:00Z,4231.26,5291.72,4666.28,5436.00,742.30,852.35,86.35
2017-11-28T00:00:00Z,4225.18,5263.38,4657.09,5439.57,736.98,850.55,85.59
2017-11-29T00:00:00Z,4192.89,5236.37,4633.19,5434.18,743.54,847.34,85.83
2017-11-30T00:00:00Z,4152.72,5246.11,4646.47,5479.86,749.37,847.40,85.47
2017-12-01T00:00:00Z,4263.73,5277.88,4638.97,5484.34,750.54,850.55,85.54
2017-12-02T00:00:00Z,4263.73,5277.88,4638.97,5484.34,750.54,850.55,85.54
2017-12-03T00:00:00Z,4263.73,5277.88,4638.97,5484.34,750.54,850.55,85.54
2017-12-04T00:00:00Z,4241.76,5269.00,4623.90,5476.43,752.61,851.01,86.92
2017-12-05T00:00:00Z,4254.40,5261.01,4635.58,5480.41,747.56,849.14,87.18
2017-12-06T00:00:00Z,4238.65,5247.68,4653.50,5479.61,744.39,846.63,86.06
2017-12-07T00:00:00Z,4265.39,5233.92,4628.72,5476.16,744.69,842.82,84.88
2017-12-08T00:00:00Z,4285.34,5232.92,4598.29,5475.65,746.51,839.39,84.89
2017-12-09T00:00:00Z,4285.34,5232.92,4598.29,5475.65,746.51,839.39,84.89
2017-12-10T00:00:00Z,4285.34,5232.92,4598.29,5475.65,746.51,839.39,84.89
2017-12-11T00:00:00Z,4250.63,5256.98,4605.61,5476.88,743.78,845.05,84.74
2017-12-12T00:00:00Z,4243.88,5243.61,4598.03,5476.56,743.42,843.48,84.92
2017-12-13T00:00:00Z,4244.60,5230.24,4605.27,5475.46,742.90,843.06,84.73
2017-12-14T00:00:00Z,4263.60,5278.82,4634.10,5484.94,747.61,848.05,84.93
2017-12-15T00:00:00Z,4213.03,5279.47,4651.63,5484.82,744.39,846.49,85.36
2017-12-16T00:00:00Z,4213.03,5279.47,4651.63,5484.82,744.39,846.49,85.36
2017-12-17T00:00:00Z,4213.03,5279.47,4651.63,5484.82,744.39,846.49,85.36
2017-12-18T00:00:00Z,4154.83,5274.55,4639.94,5477.39,744.07,846.94,84.63
2017-12-19T00:00:00Z,4162.19,5287.08,4631.05,5489.48,743.38,849.60,84.71
2017-12-20T00:00:00Z,4149.07,5296.91,4607.51,5509.72,746.28,846.89,86.44
2017-12-21T00:00:00Z,4146.63,5303.17,4598.22,5504.50,743.43,846.23,86.76
2017-12-22T00:00:00Z,4143.85,5318.78,4603.41,5512.10,744.69,845.08,87.44
2017-12-23T00:00:00Z,4143.85,5318.78,4603.41,5512.10,744.69,845.08,87.44
2017-12-24T00:00:00Z,4143.85,5318.78,4603.41,5512.10,744.69,845.08,87.44
2017-12-25T00:00:00Z,4143.85,5318.78,4603.41,5512.10,744.69,845.08,87.44
2017-12-26T00:00:00Z,4125.45,5318.78,4603.41,5512.10,744.69,845.08,87.44
2017-12-27T00:00:00Z,4114.45,5337.62,4608.41,5529.50,747.12,845.41,88.18
2017-12-28T00:00:00Z,4084.97,5355.12,4622.14,5545.78,748.09,853.11,88.34
2017-12-29T00:00:00Z,3900.15,5362.75,4635.71,5570.13,752.17,857.47,88.84
2017-12-30T00:00:00Z,3900.15,5362.75,4635.71,5570.13,752.17,857.47,88.84
2017-12-31T00:00:00Z,3900.15,5362.75,4631.76,5577.16,766.49,864.28,88.84
2018-01-01T00:00:00Z,3900.15,5362.75,4631.76,5577.16,766.49,864.28,88.84
2018-01-02T00:00:00Z,4121.68,5394.94,4647.86,5589.59,769.09,868.28,88.85
2018-01-03T00:00:00Z,4142.14,5376.16,4644.73,5582.24,769.12,863.93,88.78
2018-01-04T00:00:00Z,4162.74,5394.94,4628.37,5586.59,767.80,864.96,88.70
2018-01-05T00:00:00Z,4174.41,5379.30,4602.75,5593.67,768.42,863.96,88.82
2018-01-06T00:00:00Z,4174.41,5379.30,4602.75,5593.67,768.42,863.96,88.82
2018-01-07T00:00:00Z,4174.41,5379.30,4602.75,5593.67,768.42,863.96,88.82
2018-01-08T00:00:00Z,4166.09,5347.14,4612.76,5584.17,767.89,862.32,89.41
2018-01-09T00:00:00Z,4177.27,5328.83,4632.22,5561.55,766.50,858.05,89.42
2018-01-10T00:00:00Z,4189.53,5355.63,4679.56,5580.13,766.88,862.51,87.99
2018-01-11T00:00:00Z,4196.51,5366.79,4669.39,5582.38,764.99,863.50,87.22
2018-01-12T00:00:00Z,4209.00,5428.56,4691.89,5617.28,773.42,868.35,87.51
2018-01-13T00:00:00Z,4209.00,5428.56,4691.89,5617.28,773.42,868.35,87.51
2018-01-14T00:00:00Z,4209.00,5428.56,4691.89,5617.28,773.42,868.35,87.51
2018-01-15T00:00:00Z,4209.00,5491.18,4713.52,5637.29,781.82,877.47,88.12
2018-01-16T00:00:00Z,4164.98,5470.16,4709.69,5634.24,780.43,874.41,88.18
2018-01-17T00:00:00Z,4161.88,5458.08,4705.90,5639.84,781.27,874.03,88.37
2018-01-18T00:00:00Z,4154.42,5472.40,4688.41,5650.74,786.52,878.26,88.35
2018-01-19T00:00:00Z,4152.17,5495.15,4714.44,5667.27,786.40,878.95,88.39
2018-01-20T00:00:00Z,4152.17,5495.15,4714.44,5667.27,786.40,878.95,88.39
2018-01-21T00:00:00Z,4152.17,5495.15,4714.44,5667.27,786.40,878.95,88.39
2018-01-22T00:00:00Z,4137.39,5487.97,4704.12,5667.59,787.87,877.36,88.14
2018-01-23T00:00:00Z,4128.79,5492.46,4718.75,5665.57,790.81,876.96,88.10
2018-01-24T00:00:00Z,4128.98,5538.64,4766.17,5694.85,803.38,887.65,90.35
2018-01-25T00:00:00Z,4152.16,5563.30,4787.75,5732.59,808.30,895.80,90.39
2018-01-26T00:00:00Z,4154.00,5587.57,4769.64,5735.48,807.43,901.60,90.39
2018-01-27T00:00:00Z,4154.00,5587.57,4769.64,5735.48,807.43,901.60,90.39
2018-01-28T00:00:00Z,4154.00,5587.57,4769.64,5735.48,807.43,901.60,90.39
2018-01-29T00:00:00Z,4140.83,5561.96,4790.06,5731.77,798.20,902.82,90.31
2018-01-30T00:00:00Z,4137.09,5580.83,4798.13,5737.82,801.00,903.85,90.40
2018-01-31T00:00:00Z,4077.63,5597.00,4838.60,5689.45,809.08,869.42,90.84
2018-02-01T00:00:00Z,4167.96,5597.90,4803.25,5682.31,812.81,871.66,90.51
2018-02-02T00:00:00Z,4175.08,5610.35,4794.91,5690.18,811.90,874.49,90.52
2018-02-03T00:00:00Z,4175.08,5610.35,4794.91,5690.18,811.90,874.49,90.52
2018-02-04T00:00:00Z,4175.08,5610.35,4794.91,5690.18,811.90,874.49,90.52
2018-02-05T00:00:00Z,4154.93,5586.99,4794.17,5688.37,801.97,870.63,89.67
2018-02-06T00:00:00Z,4170.05,5537.14,4811.24,5695.99,791.98,864.95,88.75
2018-02-07T00:00:00Z,4170.40,5541.18,4819.39,5702.36,794.43,862.67,86.42
2018-02-08T00:00:00Z,4184.83,5502.56,4804.69,5652.90,799.37,860.74,86.06
2018-02-09T00:00:00Z,4185.60,5515.08,4838.86,5676.27,789.67,866.34,85.80
2018-02-10T00:00:00Z,4185.60,5515.08,4838.86,5676.27,789.67,866.34,85.80
2018-02-11T00:00:00Z,4185.60,5515.08,4838.86,5676.27,789.67,866.34,85.80
2018-02-12T00:00:00Z,4183.63,5510.59,4847.98,5653.96,790.27,865.40,86.00
2018-02-13T00:00:00Z,4179.56,5542.05,4890.71,5639.73,791.79,868.91,85.84
2018-02-14T00:00:00Z,4215.50,5548.79,4912.19,5639.59,791.82,870.19,86.74
2018-02-15T00:00:00Z,4239.49,5613.94,4943.36,5639.59,804.55,878.43,87.33
2018-02-16T00:00:00Z,4180.54,5614.76,4960.58,5639.59,801.39,878.21,87.22
2018-02-17T00:00:00Z,4180.54,5614.76,4960.58,5639.59,801.39,878.21,87.22
2018-02-18T00:00:00Z,4180.54,5614.76,4960.58,5639.59,801.39,878.21,87.22
2018-02-19T00:00:00Z,4180.54,5590.43,4942.82,5639.62,799.84,875.02,86.82
2018-02-20T00:00:00Z,4173.58,5558.90,4914.57,5639.61,799.13,868.27,86.55
2018-02-21T00:00:00Z,4157.67,5546.29,4897.50,5639.64,794.66,865.25,86.10
2018-02-22T00:00:00Z,4184.76,5530.07,4918.09,5625.09,793.41,865.94,85.91
2018-02-23T00:00:00Z,4191.70,5548.74,4934.44,5648.00,798.54,867.79,85.94
2018-02-24T00:00:00Z,4191.70,5548.74,4934.44,5648.00,798.54,867.79,85.94
2018-02-25T00:00:00Z,4191.70,5548.74,4934.44,5648.00,798.54,867.79,85.94
2018-02-26T00:00:00Z,4190.05,5558.22,4930.84,5671.55,801.00,867.39,86.07
2018-02-27T00:00:00Z,4188.08,5549.65,4916.89,5667.03,794.52,865.38,85.77
2018-02-28T00:00:00Z,4149.50,5510.39,4981.83,5729.34,817.33,869.29,86.52
2018-03-01T00:00:00Z,4165.29,5491.00,4992.56,5708.80,813.49,866.31,85.96
2018-03-02T00:00:00Z,4185.60,5564.24,5058.57,5713.50,815.54,876.88,85.84
2018-03-03T00:00:00Z,4185.60,5564.24,5058.57,5713.50,815.54,876.88,85.84
2018-03-04T00:00:00Z,4185.60,5564.24,5058.57,5713.50,815.54,876.88,85.84
2018-03-05T00:00:00Z,4180.93,5561.98,5046.79,5717.84,817.50,873.71,85.50
2018-03-06T00:00:00Z,4191.70,5608.98,5019.18,5728.86,823.53,875.26,85.80
2018-03-07T00:00:00Z,4194.29,5611.69,5038.04,5735.58,820.73,872.16,84.14
2018-03-08T00:00:00Z,4137.57,5613.50,5023.61,5721.97,821.43,868.12,84.23
2018-03-09T00:00:00Z,4144.58,5567.93,4990.71,5720.31,818.06,861.68,84.38
2018-03-10T00:00:00Z,4144.58,5567.93,4990.71,5720.31,818.06,861.68,84.38
2018-03-11T00:00:00Z,4144.58,5567.93,4990.71,5720.31,818.06,861.68,84.38
2018-03-12T00:00:00Z,4130.81,5572.91,5005.47,5726.09,821.60,863.49,84.81
2018-03-13T00:00:00Z,4140.49,5607.34,4988.05,5733.56,826.11,868.15,84.75
2018-03-14T00:00:00Z,4166.13,5603.26,5004.85,5742.31,825.70,866.48,84.86
2018-03-15T00:00:00Z,4098.05,5590.58,5026.71,5738.34,825.23,865.63,84.49
2018-03-16T00:00:00Z,4075.32,5575.60,5036.97,5731.21,824.67,861.87,83.90
2018-03-17T00:00:00Z,4075.32,5575.60,5036.97,5731.21,824.67,861.87,83.90
2018-03-18T00:00:00Z,4075.32,5575.60,5036.97,5731.21,824.67,861.87,83.90
2018-03-19T00:00:00Z,4070.62,5579.23,5023.27,5725.08,831.42,861.32,83.86
2018-03-20T00:00:00Z,4078.35,5564.27,5007.12,5724.42,828.04,858.72,83.97
2018-03-21T00:00:00Z,4081.66,5568.80,5019.65,5727.17,831.67,860.30,84.49
2018-03-22T00:00:00Z,4065.38,5582.40,5060.99,5723.05,835.64,865.21,85.00
2018-03-23T00:00:00Z,4070.50,5603.94,5073.71,5740.01,836.86,864.95,85.32
2018-03-24T00:00:00Z,4070.50,5603.94,5073.71,5740.01,836.86,864.95,85.32
2018-03-25T00:00:00Z,4070.50,5603.94,5073.71,5740.01,836.86,864.95,85.32
2018-03-26T00:00:00Z,4069.13,5633.44,5071.88,5774.00,841.63,866.83,85.08
2018-03-27T00:00:00Z,4071.18,5617.56,5035.58,5772.09,832.65,862.55,85.10
2018-03-28T00:00:00Z,4073.95,5627.54,5023.07,5764.48,837.32,861.38,84.69
2018-03-29T00:00:00Z,4040.40,5592.59,5009.00,5765.87,833.21,857.63,84.58
2018-03-30T00:00:00Z,4084.65,5580.89,5009.00,5765.87,833.21,857.63,84.58
2018-03-31T00:00:00Z,4084.65,5580.89,4963.02,5719.43,830.94,859.05,84.58
2018-04-01T00:00:00Z,4084.65,5580.89,4963.02,5719.43,830.94,859.05,84.58
2018-04-02T00:00:00Z,4064.11,5580.89,4963.02,5719.43,830.94,859.05,84.58
2018-04-03T00:00:00Z,4083.80,5575.01,4972.58,5722.04,829.75,858.43,84.91
2018-04-04T00:00:00Z,4080.93,5560.51,4972.20,5702.89,827.12,856.13,84.97
2018-04-05T00:00:00Z,4088.79,5553.26,4934.31,5703.34,827.73,853.56,85.39
2018-04-06T00:00:00Z,4089.57,5543.83,4921.60,5703.34,826.92,851.61,85.26
2018-04-07T00:00:00Z,4089.57,5543.83,4921.60,5703.34,826.92,851.61,85.26
2018-04-08T00:00:00Z,4089.57,5543.83,4921.60,5703.34,826.92,851.61,85.26
2018-04-09T00:00:00Z,4081.01,5575.55,4936.98,5695.51,833.63,857.06,85.33
2018-04-10T00:00:00Z,4079.94,5601.38,4936.60,5717.85,836.58,860.89,86.17
2018-04-11T00:00:00Z,4093.52,5611.81,4946.54,5723.04,836.44,857.90,86.77
2018-04-12T00:00:00Z,4154.24,5584.16,4930.37,5721.54,838.22,852.17,86.94
2018-04-13T00:00:00Z,4134.65,5601.96,4905.68,5725.34,841.15,853.33,87.09
2018-04-14T00:00:00Z,4134.65,5601.96,4905.68,5725.34,841.15,853.33,87.09
2018-04-15T00:00:00Z,4134.65,5601.96,4905.68,5725.34,841.15,853.33,87.09
2018-04-16T00:00:00Z,4117.87,5626.07,4921.96,5723.12,844.14,855.27,86.83
2018-04-17T00:00:00Z,4028.38,5620.15,4932.40,5723.51,845.06,852.22,87.21
2018-04-18T00:00:00Z,4020.94,5634.25,4927.27,5724.08,839.16,849.30,87.65
2018-04-19T00:00:00Z,4045.84,5631.52,4922.66,5729.33,840.00,849.10,87.42
2018-04-20T00:00:00Z,4037.61,5593.18,4911.01,5715.26,829.02,844.52,87.18
2018-04-21T00:00:00Z,4037.61,5593.18,4911.01,5715.26,829.02,844.52,87.18
2018-04-22T00:00:00Z,4037.61,5593.18,4911.01,5715.26,829.02,844.52,87.18
2018-04-23T00:00:00Z,4009.52,5560.91,4883.79,5700.03,823.93,841.68,86.17
2018-04-24T00:00:00Z,3962.76,5549.55,4854.01,5702.87,823.87,839.75,85.92
2018-04-25T00:00:00Z,3966.25,5536.83,4838.88,5687.13,822.81,834.89,86.41
2018-04-26T00:00:00Z,3973.87,5529.11,4837.95,5685.55,824.30,834.42,86.77
2018-04-27T00:00:00Z,3963.77,5497.09,4832.44,5672.55,812.07,828.81,86.45
2018-04-28T00:00:00Z,3963.77,5497.09,4832.44,5672.55,812.07,828.81,86.45
2018-04-29T00:00:00Z,3963.77,5497.09,4832.44,5672.55,812.07,828.81,86.45
2018-04-30T00:00:00Z,3939.68,5501.19,4891.68,5571.87,810.64,849.18,86.55
2018-05-01T00:00:00Z,3987.32,5501.19,4891.68,5571.87,810.64,849.18,86.55
2018-05-02T00:00:00Z,3964.65,5468.40,4872.84,5554.69,805.08,844.90,85.49
2018-05-03T00:00:00Z,3994.58,5461.57,4896.84,5563.64,802.79,843.77,85.36
2018-05-04T00:00:00Z,3995.53,5448.96,4912.19,5554.57,800.75,842.72,85.17
2018-05-05T00:00:00Z,3995.53,5448.96,4912.19,5554.57,800.75,842.72,85.17
2018-05-06T00:00:00Z,3995.53,5448.96,4912.19,5554.57,800.75,842.72,85.17
2018-05-07T00:00:00Z,3990.72,5418.46,4892.95,5547.90,798.31,837.02,85.09
2018-05-08T00:00:00Z,3997.91,5403.89,4906.18,5547.03,796.89,838.83,84.53
2018-05-09T00:00:00Z,4017.11,5407.99,4880.12,5548.16,801.91,840.25,85.58
2018-05-10T00:00:00Z,4015.32,5407.54,4880.46,5563.06,798.51,839.26,86.29
2018-05-11T00:00:00Z,4016.95,5444.36,4895.20,5577.97,800.54,841.45,86.56
2018-05-12T00:00:00Z,4016.95,5444.36,4895.20,5577.97,800.54,841.45,86.56
2018-05-13T00:00:00Z,4016.95,5444.36,4895.20,5577.97,800.54,841.45,86.56
2018-05-14T00:00:00Z,4006.88,5469.00,4886.26,5573.64,801.98,842.99,86.36
2018-05-15T00:00:00Z,4022.86,5421.10,4861.98,5551.64,798.03,839.47,85.87
2018-05-16T00:00:00Z,4007.32,5375.93,4856.38,5539.75,795.75,840.81,85.69
2018-05-17T00:00:00Z,4007.22,5385.51,4834.13,5546.89,797.78,840.38,86.32
2018-05-18T00:00:00Z,4001.12,5373.99,4823.20,5537.60,796.39,841.95,86.16
2018-05-19T00:00:00Z,4001.12,5373.99,4823.20,5537.60,796.39,841.95,86.16
2018-05-20T00:00:00Z,4001.12,5373.99,4823.20,5537.60,796.39,841.95,86.16
2018-05-21T00:00:00Z,3997.52,5363.96,4808.67,5530.94,792.05,841.81,85.63
2018-05-22T00:00:00Z,4006.01,5379.92,4828.15,5546.30,793.97,845.39,86.30
2018-05-23T00:00:00Z,4022.20,5340.69,4870.83,5529.04,785.80,849.36,86.63
2018-05-24T00:00:00Z,4019.50,5349.82,4884.85,5533.24,791.45,850.15,86.77
2018-05-25T00:00:00Z,4012.59,5326.90,4890.95,5527.20,787.29,847.33,86.29
2018-05-26T00:00:00Z,4012.59,5326.90,4890.95,5527.20,787.29,847.33,86.29
2018-05-27T00:00:00Z,4012.59,5326.90,4890.95,5527.20,787.29,847.33,86.29
2018-05-28T00:00:00Z,4012.59,5312.75,4892.90,5520.15,785.87,846.25,86.13
2018-05-29T00:00:00Z,4001.61,5273.51,4912.71,5504.05,782.95,844.37,85.81
2018-05-30T00:00:00Z,3990.89,5307.28,4909.84,5502.27,784.75,850.07,86.59
2018-05-31T00:00:00Z,3951.65,5337.85,4968.87,5559.08,788.48,840.36,87.41
2018-06-01T00:00:00Z,4034.04,5330.10,4940.22,5549.86,786.46,837.84,86.58
2018-06-02T00:00:00Z,4034.04,5330.10,4940.22,5549.86,786.46,837.84,86.58
2018-06-03T00:00:00Z,4034.04,5330.10,4940.22,5549.86,786.46,837.84,86.58
2018-06-04T00:00:00Z,4027.37,5361.16,4941.93,5561.19,791.10,841.63,87.05
2018-06-05T00:00:00Z,4038.03,5332.84,4929.64,5561.11,789.47,839.44,86.54
2018-06-06T00:00:00Z,4012.96,5373.95,4910.52,5569.71,792.90,837.62,86.15
2018-06-07T00:00:00Z,4037.82,5406.38,4913.98,5571.48,793.70,843.83,85.75
2018-06-08T00:00:00Z,4038.34,5380.06,4941.39,5556.89,791.71,840.95,85.37
2018-06-09T00:00:00Z,4038.34,5380.06,4941.39,5556.89,791.71,840.95,85.37
2018-06-10T00:00:00Z,4038.34,5380.06,4941.39,5556.89,791.71,840.95,85.37
2018-06-11T00:00:00Z,4026.04,5396.54,4919.05,5560.26,790.11,839.25,85.22
2018-06-12T00:00:00Z,4030.70,5395.62,4902.71,5560.94,790.02,840.26,85.28
2018-06-13T00:00:00Z,4038.91,5384.63,4892.73,5564.58,788.10,838.48,85.58
2018-06-14T00:00:00Z,4043.68,5369.07,4911.83,5569.50,790.54,838.30,85.84
2018-06-15T00:00:00Z,3973.82,5309.19,4887.51,5546.25,784.76,829.43,84.86
2018-06-16T00:00:00Z,3973.82,5309.19,4887.51,5546.25,784.76,829.43,84.86
2018-06-17T00:00:00Z,3973.82,5309.19,4887.51,5546.25,784.76,829.43,84.86
2018-06-18T00:00:00Z,3951.33,5316.97,4896.20,5530.83,782.91,832.16,84.52
2018-06-19T00:00:00Z,3939.29,5280.80,4920.04,5494.31,777.24,830.31,83.88
2018-06-20T00:00:00Z,3935.49,5300.95,4915.16,5501.44,778.57,830.87,84.20
2018-06-21T00:00:00Z,3940.44,5282.63,4890.50,5480.68,780.39,830.96,84.01
2018-06-22T00:00:00Z,3939.84,5341.27,4909.81,5480.88,785.20,836.12,84.38
2018-06-23T00:00:00Z,3939.84,5341.27,4909.81,5480.88,785.20,836.12,84.38
2018-06-24T00:00:00Z,3939.84,5341.27,4909.81,5480.88,785.20,836.12,84.38
2018-06-25T00:00:00Z,3921.65,5365.12,4935.19,5449.26,785.32,838.76,84.30
2018-06-26T00:00:00Z,3929.59,5352.28,4933.38,5416.32,782.38,837.19,84.06
2018-06-27T00:00:00Z,3922.64,5326.60,4904.73,5397.37,778.51,833.67,84.17
2018-06-28T00:00:00Z,3932.99,5311.47,4908.04,5376.49,773.25,829.87,84.18
2018-06-29T00:00:00Z,3875.72,5353.96,4885.84,5380.31,777.51,834.30,84.48
2018-06-30T00:00:00Z,3875.72,5353.96,4851.63,5479.31,776.81,842.71,84.48
2018-07-01T00:00:00Z,3875.72,5353.96,4851.63,5479.31,776.81,842.71,84.48
2018-07-02T00:00:00Z,3922.75,5345.23,4850.49,5441.04,775.15,841.77,84.89
2018-07-03T00:00:00Z,3975.10,5357.17,4852.66,5460.59,779.52,842.92,85.07
2018-07-04T00:00:00Z,3959.37,5346.61,4860.04,5469.16,780.12,842.43,85.97
2018-07-05T00:00:00Z,3955.11,5377.38,4854.42,5467.71,782.81,843.19,86.08
2018-07-06T00:00:00Z,3959.57,5382.76,4856.14,5456.10,781.29,842.74,86.07
2018-07-07T00:00:00Z,3959.57,5382.76,4856.14,5456.10,781.29,842.74,86.07
2018-07-08T00:00:00Z,3959.57,5382.76,4856.14,5456.10,781.29,842.74,86.07
2018-07-09T00:00:00Z,3951.48,5412.61,4862.06,5484.24,787.85,846.54,86.44
2018-07-10T00:00:00Z,3958.06,5377.71,4827.38,5462.89,782.83,840.87,86.07
2018-07-11T00:00:00Z,3973.54,5387.81,4827.93,5431.80,783.03,842.16,86.35
2018-07-12T00:00:00Z,3976.42,5352.46,4774.30,5436.33,779.82,837.42,86.07
2018-07-13T00:00:00Z,3982.20,5355.61,4771.43,5413.19,776.83,831.92,86.03
2018-07-14T00:00:00Z,3982.20,5355.61,4771.43,5413.19,776.83,831.92,86.03
2018-07-15T00:00:00Z,3982.20,5355.61,4771.43,5413.19,776.83,831.92,86.03
2018-07-16T00:00:00Z,3938.68,5391.03,4780.73,5430.82,783.90,837.99,86.36
2018-07-17T00:00:00Z,3942.94,5385.05,4769.63,5421.27,779.02,840.51,86.25
2018-07-18T00:00:00Z,3949.79,5340.89,4762.68,5396.24,769.22,836.28,85.95
2018-07-19T00:00:00Z,3935.75,5330.31,4751.07,5350.52,766.15,833.83,85.99
2018-07-20T00:00:00Z,3942.99,5374.04,4786.15,5343.68,770.30,838.94,86.09
2018-07-21T00:00:00Z,3942.99,5374.04,4786.15,5343.68,770.30,838.94,86.09
2018-07-22T00:00:00Z,3942.99,5374.04,4786.15,5343.68,770.30,838.94,86.09
2018-07-23T00:00:00Z,3933.41,5395.22,4833.07,5344.64,775.73,843.62,86.74
2018-07-24T00:00:00Z,3934.05,5390.62,4833.40,5336.52,774.99,842.03,86.63
2018-07-25T00:00:00Z,3937.98,5383.25,4836.46,5363.88,776.75,842.91,87.86
2018-07-26T00:00:00Z,3917.58,5395.22,4843.11,5347.60,778.43,843.47,88.36
2018-07-27T00:00:00Z,3919.81,5361.46,4830.04,5306.73,772.71,838.29,88.22
2018-07-28T00:00:00Z,3919.81,5361.46,4830.04,5306.73,772.71,838.29,88.22
2018-07-29T00:00:00Z,3919.81,5361.46,4830.04,5306.73,772.71,838.29,88.22
2018-07-30T00:00:00Z,3911.11,5388.67,4834.35,5316.40,774.48,842.48,88.36
2018-07-31T00:00:00Z,3910.48,5412.65,4900.26,5317.53,777.14,838.22,88.45
2018-08-01T00:00:00Z,3944.65,5394.20,4884.68,5343.32,776.06,835.58,87.98
2018-08-02T00:00:00Z,3909.34,5357.77,4903.42,5307.30,769.91,832.74,87.88
2018-08-03T00:00:00Z,3929.96,5333.10,4896.09,5315.64,768.80,832.24,88.01
2018-08-04T00:00:00Z,3929.96,5333.10,4896.09,5315.64,768.80,832.24,88.01
2018-08-05T00:00:00Z,3929.96,5333.10,4896.09,5315.64,768.80,832.24,88.01
2018-08-06T00:00:00Z,3921.98,5312.39,4900.58,5303.64,763.85,830.09,87.98
2018-08-07T00:00:00Z,3927.85,5339.54,4917.98,5323.68,766.01,833.11,88.34
2018-08-08T00:00:00Z,3944.68,5333.56,4918.58,5313.69,760.04,831.16,86.49
2018-08-09T00:00:00Z,3910.60,5335.40,4915.69,5327.49,761.53,833.76,86.78
2018-08-10T00:00:00Z,3910.51,5279.05,4925.27,5303.78,754.75,832.66,86.38
2018-08-11T00:00:00Z,3910.51,5279.05,4925.27,5303.78,754.75,832.66,86.38
2018-08-12T00:00:00Z,3910.51,5279.05,4925.27,5303.78,754.75,832.66,86.38
2018-08-13T00:00:00Z,3904.25,5254.63,4939.80,5274.60,754.16,832.68,86.02
2018-08-14T00:00:00Z,3909.11,5256.01,4928.98,5279.29,754.61,835.85,86.54
2018-08-15T00:00:00Z,3910.49,5216.84,4921.45,5252.66,750.42,830.28,87.03
2018-08-16T00:00:00Z,3876.63,5239.42,4929.02,5268.80,750.57,833.14,86.77
2018-08-17T00:00:00Z,3873.95,5255.84,4948.73,5276.91,751.30,831.81,86.73
2018-08-18T00:00:00Z,3873.95,5255.84,4948.73,5276.91,751.30,831.81,86.73
2018-08-19T00:00:00Z,3873.95,5255.84,4948.73,5276.91,751.30,831.81,86.73
2018-08-20T00:00:00Z,3874.56,5269.22,4941.68,5295.01,754.03,831.87,87.24
2018-08-21T00:00:00Z,3881.05,5307.06,4947.38,5306.14,757.23,837.40,87.56
2018-08-22T00:00:00Z,3892.70,5359.66,4954.67,5310.05,763.14,843.55,87.18
2018-08-23T00:00:00Z,3881.04,5342.59,4930.04,5281.64,761.13,842.19,87.12
2018-08-24T00:00:00Z,3884.23,5353.00,4908.62,5306.86,759.00,841.74,86.87
2018-08-25T00:00:00Z,3884.23,5353.00,4908.62,5306.86,759.00,841.74,86.87
2018-08-26T00:00:00Z,3884.23,5353.00,4908.62,5306.86,759.00,841.74,86.87
2018-08-27T00:00:00Z,3881.59,5373.79,4920.43,5322.78,760.56,842.79,86.99
2018-08-28T00:00:00Z,3886.23,5409.36,4919.86,5341.53,762.93,848.44,87.88
2018-08-29T00:00:00Z,3872.82,5386.26,4910.19,5319.72,761.19,847.93,89.24
2018-08-30T00:00:00Z,3876.39,5401.05,4901.37,5316.89,769.59,853.71,89.35
2018-08-31T00:00:00Z,3900.55,5384.34,4974.01,5303.34,769.51,829.60,88.59
2018-09-01T00:00:00Z,3900.55,5384.34,4974.01,5303.34,769.51,829.60,88.59
2018-09-02T00:00:00Z,3900.55,5384.34,4974.01,5303.34,769.51,829.60,88.59
2018-09-03T00:00:00Z,3900.55,5364.93,4956.85,5313.90,763.18,827.57,88.37
2018-09-04T00:00:00Z,3889.83,5343.21,4953.29,5301.76,760.94,824.73,87.67
2018-09-05T00:00:00Z,3884.05,5352.45,4939.96,5307.64,759.97,824.18,86.59
2018-09-06T00:00:00Z,3901.11,5376.48,4947.58,5309.80,767.67,828.83,86.56
2018-09-07T00:00:00Z,3906.88,5382.35,4970.58,5299.46,771.13,831.76,86.98
2018-09-08T00:00:00Z,3906.88,5382.35,4970.58,5299.46,771.13,831.76,86.98
2018-09-09T00:00:00Z,3906.88,5382.35,4970.58,5299.46,771.13,831.76,86.98
2018-09-10T00:00:00Z,3898.87,5361.96,4959.46,5283.57,767.65,824.93,86.48
2018-09-11T00:00:00Z,3900.36,5363.35,4949.96,5279.22,770.19,824.49,86.71
2018-09-12T00:00:00Z,3911.80,5368.45,4942.77,5278.33,771.27,825.20,87.17
2018-09-13T00:00:00Z,3935.07,5384.67,4936.67,5297.34,773.84,828.57,87.57
2018-09-14T00:00:00Z,3916.60,5422.34,4925.35,5290.35,776.45,832.83,87.55
2018-09-15T00:00:00Z,3916.60,5422.34,4925.35,5290.35,776.45,832.83,87.55
2018-09-16T00:00:00Z,3916.60,5422.34,4925.35,5290.35,776.45,832.83,87.55
2018-09-17T00:00:00Z,3816.91,5413.99,4916.26,5280.95,778.33,834.36,87.49
2018-09-18T00:00:00Z,3794.89,5426.05,4911.44,5280.99,779.30,835.55,87.43
2018-09-19T00:00:00Z,3799.62,5412.14,4908.95,5289.44,778.61,829.05,87.97
2018-09-20T00:00:00Z,3826.19,5459.45,4912.84,5297.53,787.40,835.71,88.52
2018-09-21T00:00:00Z,3824.42,5463.02,4891.62,5296.71,779.60,841.25,88.31
2018-09-22T00:00:00Z,3824.42,5463.02,4891.62,5296.71,779.60,841.25,88.31
2018-09-23T00:00:00Z,3824.42,5463.02,4891.62,5296.71,779.60,841.25,88.31
2018-09-24T00:00:00Z,3818.62,5469.53,4893.01,5288.17,780.02,837.62,88.22
2018-09-25T00:00:00Z,3824.27,5471.38,4886.56,5275.01,780.57,831.57,88.07
2018-09-26T00:00:00Z,3820.04,5452.80,4876.21,5274.88,780.93,829.26,88.77
2018-09-27T00:00:00Z,3829.14,5438.86,4880.67,5270.21,779.88,826.99,88.03
2018-09-28T00:00:00Z,3759.77,5347.87,4859.89,5269.33,773.26,821.71,88.42
2018-09-29T00:00:00Z,3759.77,5347.87,4859.89,5269.33,773.26,821.71,88.42
2018-09-30T00:00:00Z,3759.77,5347.87,4813.36,5321.83,774.25,831.45,88.42
2018-10-01T00:00:00Z,3820.24,5361.73,4788.62,5331.74,773.22,826.45,89.82
2018-10-02T00:00:00Z,3820.18,5332.63,4791.25,5331.76,769.33,826.31,89.77
2018-10-03T00:00:00Z,3821.47,5334.94,4792.96,5331.78,770.94,822.46,89.75
2018-10-04T00:00:00Z,3841.61,5313.68,4779.68,5331.72,770.60,819.40,89.51
2018-10-05T00:00:00Z,3847.00,5321.58,4791.56,5331.75,774.50,817.97,89.17
2018-10-06T00:00:00Z,3847.00,5321.58,4791.56,5331.75,774.50,817.97,89.17
2018-10-07T00:00:00Z,3847.00,5321.58,4791.56,5331.75,774.50,817.97,89.17
2018-10-08T00:00:00Z,3847.00,5308.63,4813.70,5287.40,773.98,818.63,88.64
2018-10-09T00:00:00Z,3842.53,5288.74,4820.12,5288.68,773.98,816.63,88.63
2018-10-10T00:00:00Z,3865.65,5318.80,4818.48,5289.62,780.44,819.05,89.11
2018-10-11T00:00:00Z,3867.91,5353.49,4858.49,5300.08,785.16,823.09,88.54
2018-10-12T00:00:00Z,3866.73,5362.11,4858.44,5295.59,783.74,820.15,88.81
2018-10-13T00:00:00Z,3866.73,5362.11,4858.44,5295.59,783.74,820.15,88.81
2018-10-14T00:00:00Z,3866.73,5362.11,4858.44,5295.59,783.74,820.15,88.81
2018-10-15T00:00:00Z,3811.89,5365.35,4878.64,5292.71,780.61,823.66,88.68
2018-10-16T00:00:00Z,3805.88,5368.13,4866.52,5298.09,785.05,822.93,89.17
2018-10-17T00:00:00Z,3814.63,5341.73,4860.91,5285.76,778.06,818.24,89.26
2018-10-18T00:00:00Z,3795.30,5330.14,4850.00,5277.73,777.27,816.61,88.76
2018-10-19T00:00:00Z,3802.00,5308.63,4849.85,5284.58,773.35,816.27,88.85
2018-10-20T00:00:00Z,3802.00,5308.63,4849.85,5284.58,773.35,816.27,88.85
2018-10-21T00:00:00Z,3802.00,5308.63,4849.85,5284.58,773.35,816.27,88.85
2018-10-22T00:00:00Z,3798.83,5319.74,4838.26,5274.93,771.42,815.47,88.46
2018-10-23T00:00:00Z,3796.50,5312.34,4864.17,5280.03,773.16,816.62,88.32
2018-10-24T00:00:00Z,3805.94,5271.15,4841.11,5273.73,766.03,813.92,88.53
2018-10-25T00:00:00Z,3798.75,5283.64,4856.37,5273.83,765.25,813.42,88.78
2018-10-26T00:00:00Z,3798.56,5246.83,4869.45,5272.62,759.23,811.20,88.09
2018-10-27T00:00:00Z,3798.56,5246.83,4869.45,5272.62,759.23,811.20,88.09
2018-10-28T00:00:00Z,3798.56,5246.83,4869.45,5272.62,759.23,811.20,88.09
2018-10-29T00:00:00Z,3790.16,5263.48,4854.73,5263.04,760.71,812.56,88.36
2018-10-30T00:00:00Z,3796.43,5259.31,4837.28,5258.35,757.04,811.78,88.15
2018-10-31T00:00:00Z,3768.32,5234.34,4873.46,5137.99,756.41,823.75,88.24
2018-11-01T00:00:00Z,3795.91,5269.03,4891.63,5164.77,767.47,826.96,88.54
2018-11-02T00:00:00Z,3821.59,5277.12,4887.86,5197.61,771.74,829.28,88.42
2018-11-03T00:00:00Z,3821.59,5277.12,4887.86,5197.61,771.74,829.28,88.42
2018-11-04T00:00:00Z,3821.59,5277.12,4887.86,5197.61,771.74,829.28,88.42
2018-11-05T00:00:00Z,3816.89,5255.40,4870.76,5171.75,771.50,824.79,88.46
2018-11-06T00:00:00Z,3823.92,5282.21,4876.68,5182.67,777.41,827.33,88.27
2018-11-07T00:00:00Z,3823.90,5309.48,4875.09,5182.47,780.62,832.76,86.28
2018-11-08T00:00:00Z,3796.97,5280.36,4852.83,5169.28,778.47,827.33,86.08
2018-11-09T00:00:00Z,3799.56,5248.91,4843.56,5156.12,774.13,824.70,85.51
2018-11-10T00:00:00Z,3799.56,5248.91,4843.56,5156.12,774.13,824.70,85.51
2018-11-11T00:00:00Z,3799.56,5248.91,4843.56,5156.12,774.13,824.70,85.51
2018-11-12T00:00:00Z,3799.56,5211.44,4848.74,5145.74,764.13,822.13,85.45
2018-11-13T00:00:00Z,3793.59,5209.59,4842.49,5150.02,769.29,821.84,85.33
2018-11-14T00:00:00Z,3816.55,5225.78,4845.46,5153.59,770.77,822.44,85.71
2018-11-15T00:00:00Z,3817.97,5229.94,4867.48,5163.94,759.84,825.27,85.71
2018-11-16T00:00:00Z,3795.24,5262.62,4877.14,5155.66,762.77,823.48,85.98
2018-11-17T00:00:00Z,3795.24,5262.62,4877.14,5155.66,762.77,823.48,85.98
2018-11-18T00:00:00Z,3795.24,5262.62,4877.14,5155.66,762.77,823.48,85.98
2018-11-19T00:00:00Z,3789.15,5300.19,4892.14,5160.40,761.89,832.27,86.02
2018-11-20T00:00:00Z,3800.69,5297.41,4910.53,5160.95,762.99,836.46,85.88
2018-11-21T00:00:00Z,3772.66,5291.84,4878.76,5167.12,760.48,834.62,85.44
2018-11-22T00:00:00Z,3772.66,5289.06,4885.28,5168.91,764.46,833.45,85.79
2018-11-23T00:00:00Z,3749.98,5275.15,4891.15,5157.93,762.05,832.29,85.72
2018-11-24T00:00:00Z,3749.98,5275.15,4891.15,5157.93,762.05,832.29,85.72
2018-11-25T00:00:00Z,3749.98,5275.15,4891.15,5157.93,762.05,832.29,85.72
2018-11-26T00:00:00Z,3750.30,5280.26,4871.92,5162.73,763.14,831.92,85.85
2018-11-27T00:00:00Z,3755.88,5264.00,4858.43,5157.36,758.14,831.04,85.54
2018-11-28T00:00:00Z,3763.37,5243.55,4846.71,5153.30,759.50,830.46,85.51
2018-11-29T00:00:00Z,3752.03,5291.41,4871.24,5160.94,758.78,834.26,85.83
2018-11-30T00:00:00Z,3749.81,5293.63,4891.80,5169.62,751.98,827.95,85.62
2018-12-01T00:00:00Z,3749.81,5293.63,4891.80,5169.62,751.98,827.95,85.62
2018-12-02T00:00:00Z,3749.81,5293.63,4891.80,5169.62,751.98,827.95,85.62
2018-12-03T00:00:00Z,3762.81,5281.05,4891.17,5211.70,749.51,827.22,86.47
2018-12-04T00:00:00Z,3770.72,5316.94,4925.17,5253.03,755.38,831.01,86.48
2018-12-05T00:00:00Z,3755.22,5291.30,4915.56,5236.98,753.20,828.46,85.36
2018-12-06T00:00:00Z,3747.35,5289.91,4924.63,5209.43,752.62,830.00,84.48
2018-12-07T00:00:00Z,3744.70,5302.28,4921.00,5218.27,752.63,831.83,84.62
2018-12-08T00:00:00Z,3744.70,5302.28,4921.00,5218.27,752.63,831.83,84.62
2018-12-09T00:00:00Z,3744.70,5302.28,4921.00,5218.27,752.63,831.83,84.62
2018-12-10T00:00:00Z,3739.41,5327.46,4927.87,5195.05,746.49,836.08,85.09
2018-12-11T00:00:00Z,3751.25,5306.01,4909.55,5205.05,743.62,836.19,84.63
2018-12-12T00:00:00Z,3765.19,5290.62,4898.36,5212.73,742.23,830.96,85.17
2018-12-13T00:00:00Z,3783.93,5302.28,4894.31,5218.14,746.24,832.71,85.23
2018-12-14T00:00:00Z,3776.30,5267.97,4892.55,5203.01,740.71,828.84,85.14
2018-12-15T00:00:00Z,3776.30,5267.97,4892.55,5203.01,740.71,828.84,85.14
2018-12-16T00:00:00Z,3776.30,5267.97,4892.55,5203.01,740.71,828.84,85.14
2018-12-17T00:00:00Z,3674.21,5294.11,4904.96,5205.97,743.93,832.95,85.03
2018-12-18T00:00:00Z,3676.15,5310.92,4942.86,5206.98,747.74,833.60,84.96
2018-12-19T00:00:00Z,3682.00,5323.99,4945.35,5204.67,744.58,832.18,86.56
2018-12-20T00:00:00Z,3705.63,5345.46,4971.89,5213.67,747.44,835.32,86.39
2018-12-21T00:00:00Z,3705.67,5335.95,4993.30,5199.40,746.02,834.02,85.91
2018-12-22T00:00:00Z,3705.67,5335.95,4993.30,5199.40,746.02,834.02,85.91
2018-12-23T00:00:00Z,3705.67,5335.95,4993.30,5199.40,746.02,834.02,85.91
2018-12-24T00:00:00Z,3690.39,5333.15,5010.80,5202.93,747.09,833.58,85.61
2018-12-25T00:00:00Z,3690.39,5333.15,5010.80,5202.93,747.09,833.58,85.61
2018-12-26T00:00:00Z,3706.39,5333.15,5010.80,5202.93,747.09,833.58,87.05
2018-12-27T00:00:00Z,3722.38,5318.66,5010.25,5230.05,744.77,833.74,86.84
2018-12-28T00:00:00Z,3698.34,5347.88,5033.79,5220.73,748.15,843.28,86.86
2018-12-29T00:00:00Z,3698.34,5347.88,5033.79,5220.73,748.15,843.28,86.86
2018-12-30T00:00:00Z,3698.34,5347.88,5033.79,5220.73,748.15,843.28,86.86
2018-12-31T00:00:00Z,3631.65,5346.01,5022.94,5415.85,756.73,830.19,86.81
2019-01-01T00:00:00Z,3631.65,5346.01,5022.94,5415.85,756.73,830.19,86.81
2019-01-02T00:00:00Z,3656.28,5321.26,5062.85,5431.19,747.27,828.56,86.22
2019-01-03T00:00:00Z,3699.01,5298.38,5126.46,5417.96,742.85,826.46,86.71
2019-01-04T00:00:00Z,3699.40,5352.91,5109.92,5426.07,749.14,827.74,87.50
2019-01-05T00:00:00Z,3699.40,5352.91,5109.92,5426.07,749.14,827.74,87.50
2019-01-06T00:00:00Z,3699.40,5352.91,5109.92,5426.07,749.14,827.74,87.50
2019-01-07T00:00:00Z,3690.83,5372.63,5099.76,5436.26,754.14,832.93,88.09
2019-01-08T00:00:00Z,3693.41,5370.28,5074.60,5435.00,753.62,832.20,88.47
2019-01-09T00:00:00Z,3704.58,5377.32,5071.47,5454.58,753.18,833.44,87.85
2019-01-10T00:00:00Z,3725.15,5414.88,5106.89,5493.58,754.17,835.84,88.00
2019-01-11T00:00:00Z,3723.20,5424.43,5097.42,5513.14,757.45,831.93,88.01
2019-01-12T00:00:00Z,3723.20,5424.43,5097.42,5513.14,757.45,831.93,88.01
2019-01-13T00:00:00Z,3723.20,5424.43,5097.42,5513.14,757.45,831.93,88.01
2019-01-14T00:00:00Z,3708.37,5393.39,5108.33,5504.69,759.46,832.24,87.63
2019-01-15T00:00:00Z,3662.93,5373.17,5085.48,5509.97,758.64,828.53,87.71
2019-01-16T00:00:00Z,3652.31,5356.70,5074.40,5508.21,760.03,825.77,86.47
2019-01-17T00:00:00Z,3668.31,5360.00,5075.88,5500.95,763.34,823.14,86.22
2019-01-18T00:00:00Z,3650.90,5365.72,5044.77,5495.02,764.91,822.19,86.38
2019-01-19T00:00:00Z,3650.90,5365.72,5044.77,5495.02,764.91,822.19,86.38
2019-01-20T00:00:00Z,3650.90,5365.72,5044.77,5495.02,764.91,822.19,86.38
2019-01-21T00:00:00Z,3650.90,5346.90,5034.34,5479.50,760.69,818.44,86.17
2019-01-22T00:00:00Z,3638.00,5343.13,5044.96,5471.32,762.77,819.09,86.05
2019-01-23T00:00:00Z,3633.41,5349.25,5032.51,5488.37,770.54,819.38,86.99
2019-01-24T00:00:00Z,3633.67,5337.02,5031.90,5483.36,769.90,821.27,86.63
2019-01-25T00:00:00Z,3647.90,5342.72,5022.41,5510.23,774.73,819.67,86.97
2019-01-26T00:00:00Z,3647.90,5342.72,5022.41,5510.23,774.73,819.67,86.97
2019-01-27T00:00:00Z,3647.90,5342.72,5022.41,5510.23,774.73,819.67,86.97
2019-01-28T00:00:00Z,3638.39,5376.62,5045.38,5523.74,776.89,823.34,87.48
2019-01-29T00:00:00Z,3632.28,5378.50,5043.52,5530.70,778.53,822.11,87.35
2019-01-30T00:00:00Z,3627.30,5381.80,5044.59,5545.63,773.60,818.93,87.50
2019-01-31T00:00:00Z,3635.03,5409.58,5126.09,5419.13,777.48,833.68,87.96
2019-02-01T00:00:00Z,3702.86,5386.21,5114.41,5393.46,773.59,833.40,88.03
2019-02-02T00:00:00Z,3702.86,5386.21,5114.41,5393.46,773.59,833.40,88.03
2019-02-03T00:00:00Z,3702.86,5386.21,5114.41,5393.46,773.59,833.40,88.03
2019-02-04T00:00:00Z,3687.69,5374.01,5067.92,5385.97,773.69,829.69,88.20
2019-02-05T00:00:00Z,3684.79,5363.68,5065.43,5393.51,771.10,827.01,88.12
2019-02-06T00:00:00Z,3670.53,5350.06,5074.39,5385.97,768.55,827.95,85.97
2019-02-07T00:00:00Z,3685.48,5327.05,5078.56,5385.94,766.30,827.07,85.43
2019-02-08T00:00:00Z,3688.50,5328.61,5072.48,5385.92,768.64,827.15,85.16
2019-02-09T00:00:00Z,3688.50,5328.61,5072.48,5385.92,768.64,827.15,85.16
2019-02-10T00:00:00Z,3688.50,5328.61,5072.48,5385.92,768.64,827.15,85.16
2019-02-11T00:00:00Z,3630.32,5311.23,5053.51,5350.60,765.04,824.89,85.41
2019-02-12T00:00:00Z,3626.11,5305.13,5044.86,5365.69,763.38,821.77,85.52
2019-02-13T00:00:00Z,3651.61,5309.35,5029.12,5370.18,765.31,823.14,85.92
2019-02-14T00:00:00Z,3665.74,5291.98,5015.47,5361.51,759.41,820.52,85.77
2019-02-15T00:00:00Z,3701.35,5295.34,5038.89,5365.50,758.93,822.11,85.65
2019-02-16T00:00:00Z,3701.35,5295.34,5038.89,5365.50,758.93,822.11,85.65
2019-02-17T00:00:00Z,3701.35,5295.34,5038.89,5365.50,758.93,822.11,85.65
2019-02-18T00:00:00Z,3701.35,5327.32,5037.74,5369.66,766.28,825.54,85.98
2019-02-19T00:00:00Z,3668.78,5311.33,5028.25,5368.88,767.80,823.79,85.90
2019-02-20T00:00:00Z,3648.14,5333.90,5028.71,5404.01,773.19,827.95,86.87
2019-02-21T00:00:00Z,3658.24,5339.54,5030.43,5407.53,775.25,827.00,86.99
2019-02-22T00:00:00Z,3662.88,5313.76,5023.17,5405.48,769.21,826.42,86.62
2019-02-23T00:00:00Z,3662.88,5313.76,5023.17,5405.48,769.21,826.42,86.62
2019-02-24T00:00:00Z,3662.88,5313.76,5023.17,5405.48,769.21,826.42,86.62
2019-02-25T00:00:00Z,3655.28,5327.84,5028.87,5431.00,775.12,828.24,87.16
2019-02-26T00:00:00Z,3653.45,5330.65,5024.34,5424.94,782.49,827.22,86.62
2019-02-27T00:00:00Z,3706.65,5342.38,5036.59,5437.17,789.28,830.28,87.22
2019-02-28T00:00:00Z,3680.51,5356.46,5073.51,5328.97,792.44,815.55,86.98
2019-03-01T00:00:00Z,3771.01,5334.41,5022.70,5311.96,788.92,811.19,87.14
2019-03-02T00:00:00Z,3771.01,5334.41,5022.70,5311.96,788.92,811.19,87.14
2019-03-03T00:00:00Z,3771.01,5334.41,5022.70,5311.96,788.92,811.19,87.14
2019-03-04T00:00:00Z,3758.64,5312.86,5019.74,5314.66,787.50,808.69,86.09
2019-03-05T00:00:00Z,3753.16,5309.11,5020.55,5314.12,781.64,808.90,85.89
2019-03-06T00:00:00Z,3753.41,5297.86,5025.77,5308.60,783.50,805.84,84.31
2019-03-07T00:00:00Z,3725.56,5281.93,5027.76,5309.08,781.96,803.77,84.04
2019-03-08T00:00:00Z,3728.19,5264.60,5056.07,5297.98,778.34,802.47,83.85
2019-03-09T00:00:00Z,3728.19,5264.60,5056.07,5297.98,778.34,802.47,83.85
2019-03-10T00:00:00Z,3728.19,5264.60,5056.07,5297.98,778.34,802.47,83.85
2019-03-11T00:00:00Z,3713.62,5274.93,5058.28,5297.06,776.83,802.27,84.05
2019-03-12T00:00:00Z,3706.84,5289.47,5057.65,5309.49,779.83,803.07,84.18
2019-03-13T00:00:00Z,3733.16,5302.60,5045.24,5310.39,784.18,804.78,84.58
2019-03-14T00:00:00Z,3729.87,5298.85,5033.67,5295.04,789.62,805.77,84.59
2019-03-15T00:00:00Z,3670.72,5292.81,5036.67,5305.46,788.80,806.06,84.44
2019-03-16T00:00:00Z,3670.72,5292.81,5036.67,5305.46,788.80,806.06,84.44
2019-03-17T00:00:00Z,3670.72,5292.81,5036.67,5305.46,788.80,806.06,84.44
2019-03-18T00:00:00Z,3639.68,5312.00,5039.75,5306.25,789.40,808.98,84.66
2019-03-19T00:00:00Z,3631.28,5316.21,5041.76,5306.90,791.06,810.12,85.14
2019-03-20T00:00:00Z,3647.38,5314.34,5038.39,5320.59,784.07,810.90,85.00
2019-03-21T00:00:00Z,3650.46,5329.79,5081.52,5323.17,782.99,815.35,84.89
2019-03-22T00:00:00Z,3647.78,5285.93,5097.02,5306.42,784.02,814.01,84.44
2019-03-23T00:00:00Z,3647.78,5285.93,5097.02,5306.42,784.02,814.01,84.44
2019-03-24T00:00:00Z,3647.78,5285.93,5097.02,5306.42,784.02,814.01,84.44
2019-03-25T00:00:00Z,3644.42,5296.68,5105.35,5306.94,787.93,816.10,84.34
2019-03-26T00:00:00Z,3641.64,5280.78,5087.16,5304.75,788.40,814.74,84.49
2019-03-27T00:00:00Z,3659.86,5266.75,5085.88,5296.87,788.26,814.46,85.13
2019-03-28T00:00:00Z,3659.14,5246.64,5077.07,5286.00,781.24,812.15,85.01
2019-03-29T00:00:00Z,3620.87,5275.71,5072.91,5307.91,779.92,813.67,85.51
2019-03-30T00:00:00Z,3620.87,5275.71,5072.91,5307.91,779.92,813.67,85.51
2019-03-31T00:00:00Z,3620.87,5275.71,5028.66,5193.83,780.33,826.26,85.51
2019-04-01T00:00:00Z,3648.29,5276.18,5019.83,5193.40,781.96,826.41,85.48
2019-04-02T00:00:00Z,3660.07,5259.28,5001.74,5186.73,776.36,822.66,85.71
2019-04-03T00:00:00Z,3665.02,5279.47,4998.10,5195.74,784.90,825.01,85.93
2019-04-04T00:00:00Z,3669.07,5268.20,4999.00,5189.46,782.97,823.17,85.61
2019-04-05T00:00:00Z,3671.31,5279.07,4988.09,5188.78,779.21,822.14,85.47
2019-04-06T00:00:00Z,3671.31,5279.07,4988.09,5188.78,779.21,822.14,85.47
2019-04-07T00:00:00Z,3671.31,5279.07,4988.09,5188.78,779.21,822.14,85.47
2019-04-08T00:00:00Z,3661.43,5285.18,4997.04,5187.63,777.89,822.36,85.50
2019-04-09T00:00:00Z,3674.63,5299.74,5004.83,5193.20,778.66,822.80,86.07
2019-04-10T00:00:00Z,3688.39,5300.68,5010.91,5189.33,781.08,822.22,86.17
2019-04-11T00:00:00Z,3715.17,5293.63,5007.44,5188.31,779.27,819.38,85.85
2019-04-12T00:00:00Z,3692.83,5322.94,4974.81,5196.23,782.11,821.93,86.20
2019-04-13T00:00:00Z,3692.83,5322.94,4974.81,5196.23,782.11,821.93,86.20
2019-04-14T00:00:00Z,3692.83,5322.94,4974.81,5196.23,782.11,821.93,86.20
2019-04-15T00:00:00Z,3618.85,5319.18,4975.22,5197.49,781.42,819.97,86.27
2019-04-16T00:00:00Z,3579.81,5315.41,4974.45,5195.25,780.10,817.52,85.92
2019-04-17T00:00:00Z,3562.45,5313.53,4975.84,5210.73,777.99,815.15,86.44
2019-04-18T00:00:00Z,3579.97,5289.55,4978.96,5197.46,775.58,812.68,86.08
2019-04-19T00:00:00Z,3567.27,5296.42,4978.96,5197.46,775.58,812.68,86.08
2019-04-20T00:00:00Z,3567.27,5296.42,4978.96,5197.46,775.58,812.68,86.08
2019-04-21T00:00:00Z,3567.27,5296.42,4978.96,5197.46,775.58,812.68,86.08
2019-04-22T00:00:00Z,3541.87,5296.42,4978.96,5197.46,775.58,812.68,86.08
2019-04-23T00:00:00Z,3509.14,5294.07,4978.33,5187.45,775.42,806.16,86.09
2019-04-24T00:00:00Z,3519.84,5277.12,4981.40,5188.21,772.09,807.38,86.14
2019-04-25T00:00:00Z,3533.35,5236.63,4978.53,5166.04,767.14,804.57,85.79
2019-04-26T00:00:00Z,3526.20,5229.86,4983.01,5174.54,768.67,805.01,85.89
2019-04-27T00:00:00Z,3526.20,5229.86,4983.01,5174.54,768.67,805.01,85.89
2019-04-28T00:00:00Z,3526.20,5229.86,4983.01,5174.54,768.67,805.01,85.89
2019-04-29T00:00:00Z,3513.32,5237.84,4983.01,5177.20,769.85,805.74,85.97
2019-04-30T00:00:00Z,3505.67,5269.79,5046.76,5176.67,776.03,826.75,86.23
2019-05-01T00:00:00Z,3520.90,5269.79,5046.76,5176.67,776.03,826.75,84.80
2019-05-02T00:00:00Z,3526.76,5266.97,5040.83,5176.16,778.48,827.61,84.81
2019-05-03T00:00:00Z,3549.12,5224.91,5039.80,5176.17,775.83,826.01,84.63
2019-05-04T00:00:00Z,3549.12,5224.91,5039.80,5176.17,775.83,826.01,84.63
2019-05-05T00:00:00Z,3549.12,5224.91,5039.80,5176.17,775.83,826.01,84.63
2019-05-06T00:00:00Z,3541.54,5245.52,5070.68,5152.21,781.77,827.81,84.54
2019-05-07T00:00:00Z,3527.36,5238.96,5080.72,5149.92,779.19,825.91,84.60
2019-05-08T00:00:00Z,3547.73,5246.92,5105.77,5141.45,776.30,827.75,85.09
2019-05-09T00:00:00Z,3564.98,5242.71,5118.27,5108.79,775.45,828.32,84.91
2019-05-10T00:00:00Z,3565.13,5261.68,5121.02,5108.69,776.84,831.93,84.97
2019-05-11T00:00:00Z,3565.13,5261.68,5121.02,5108.69,776.84,831.93,84.97
2019-05-12T00:00:00Z,3565.13,5261.68,5121.02,5108.69,776.84,831.93,84.97
2019-05-13T00:00:00Z,3558.18,5268.71,5135.78,5068.75,776.98,837.38,85.17
2019-05-14T00:00:00Z,3560.42,5259.80,5129.60,5065.62,772.33,836.86,85.03
2019-05-15T00:00:00Z,3569.32,5239.66,5141.73,5067.67,768.51,835.94,85.35
2019-05-16T00:00:00Z,3574.92,5249.03,5127.01,5067.38,764.22,835.22,85.71
2019-05-17T00:00:00Z,3570.04,5233.93,5132.47,5041.71,760.96,834.60,85.27
2019-05-18T00:00:00Z,3570.04,5233.93,5132.47,5041.71,760.96,834.60,85.27
2019-05-19T00:00:00Z,3570.04,5233.93,5132.47,5041.71,760.96,834.60,85.27
2019-05-20T00:00:00Z,3565.30,5231.59,5116.37,5040.56,760.40,835.71,85.65
2019-05-21T00:00:00Z,3580.03,5228.78,5088.73,5047.46,760.08,834.45,85.80
2019-05-22T00:00:00Z,3592.10,5233.46,5093.29,5050.22,754.99,836.83,86.58
2019-05-23T00:00:00Z,3606.49,5218.47,5108.12,5039.02,754.36,836.51,86.06
2019-05-24T00:00:00Z,3608.06,5249.63,5128.04,5051.03,755.75,840.79,86.12
2019-05-25T00:00:00Z,3608.06,5249.63,5128.04,5051.03,755.75,840.79,86.12
2019-05-26T00:00:00Z,3608.06,5249.63,5128.04,5051.03,755.75,840.79,86.12
2019-05-27T00:00:00Z,3608.06,5254.79,5135.18,5052.86,757.29,838.48,86.16
2019-05-28T00:00:00Z,3608.18,5251.98,5137.04,5044.21,755.61,838.25,86.06
2019-05-29T00:00:00Z,3600.21,5235.08,5143.20,5045.20,754.45,838.31,86.07
2019-05-30T00:00:00Z,3616.61,5224.76,5125.07,5046.91,753.36,835.84,86.11
2019-05-31T00:00:00Z,3617.72,5225.32,5215.11,5196.15,746.79,825.33,85.75
2019-06-01T00:00:00Z,3617.72,5225.32,5215.11,5196.15,746.79,825.33,85.75
2019-06-02T00:00:00Z,3617.72,5225.32,5215.11,5196.15,746.79,825.33,85.75
2019-06-03T00:00:00Z,3628.87,5241.25,5235.33,5197.96,749.70,831.71,86.11
2019-06-04T00:00:00Z,3645.49,5268.89,5243.47,5196.26,752.64,834.90,86.49
2019-06-05T00:00:00Z,3637.74,5274.99,5234.90,5197.72,754.42,836.98,85.95
2019-06-06T00:00:00Z,3656.78,5279.20,5245.10,5193.46,755.64,836.83,85.87
2019-06-07T00:00:00Z,3656.07,5287.53,5229.05,5195.81,755.12,836.08,86.13
2019-06-08T00:00:00Z,3656.07,5287.53,5229.05,5195.81,755.12,836.08,86.13
2019-06-09T00:00:00Z,3656.07,5287.53,5229.05,5195.81,755.12,836.08,86.13
2019-06-10T00:00:00Z,3646.42,5300.67,5220.26,5177.35,752.13,837.48,86.67
2019-06-11T00:00:00Z,3663.54,5309.58,5215.87,5194.14,754.77,836.42,86.83
2019-06-12T00:00:00Z,3675.19,5310.99,5232.98,5188.68,757.36,835.23,86.85
2019-06-13T00:00:00Z,3709.13,5295.04,5229.20,5186.48,753.87,836.07,86.80
2019-06-14T00:00:00Z,3694.45,5273.54,5241.20,5185.20,751.04,833.99,86.64
2019-06-15T00:00:00Z,3694.45,5273.54,5241.20,5185.20,751.04,833.99,86.64
2019-06-16T00:00:00Z,3694.45,5273.54,5241.20,5185.20,751.04,833.99,86.64
2019-06-17T00:00:00Z,3581.90,5259.03,5219.92,5184.43,748.01,831.48,86.11
2019-06-18T00:00:00Z,3568.31,5237.03,5240.16,5183.26,743.25,830.89,86.05
2019-06-19T00:00:00Z,3563.02,5246.39,5231.81,5199.77,747.79,832.30,86.97
2019-06-20T00:00:00Z,3576.53,5293.20,5268.95,5237.78,753.32,842.29,88.36
2019-06-21T00:00:00Z,3576.61,5298.92,5276.18,5222.41,751.64,845.61,88.18
2019-06-22T00:00:00Z,3576.61,5298.92,5276.18,5222.41,751.64,845.61,88.18
2019-06-23T00:00:00Z,3576.61,5298.92,5276.18,5222.41,751.64,845.61,88.18
2019-06-24T00:00:00Z,3568.95,5335.45,5286.04,5220.69,757.33,851.29,88.19
2019-06-25T00:00:00Z,3582.54,5332.64,5295.38,5218.40,755.91,850.92,88.31
2019-06-26T00:00:00Z,3578.12,5320.46,5264.73,5220.35,753.20,848.59,88.48
2019-06-27T00:00:00Z,3587.20,5324.21,5258.13,5220.02,755.20,848.58,88.66
2019-06-28T00:00:00Z,3518.80,5340.19,5264.47,5225.54,753.95,850.55,88.94
2019-06-29T00:00:00Z,3518.80,5340.19,5264.47,5225.54,753.95,850.55,88.94
2019-06-30T00:00:00Z,3518.80,5340.19,5243.21,5292.21,753.30,855.73,88.94
2019-07-01T00:00:00Z,3568.35,5325.65,5214.89,5313.88,750.72,850.65,88.86
2019-07-02T00:00:00Z,3579.00,5303.12,5217.03,5287.86,749.84,844.92,88.77
2019-07-03T00:00:00Z,3585.44,5299.37,5245.49,5284.32,746.75,848.35,89.01
2019-07-04T00:00:00Z,3585.44,5297.02,5241.44,5291.25,746.58,847.67,89.24
2019-07-05T00:00:00Z,3596.52,5266.82,5223.29,5287.80,744.96,845.11,89.24
2019-07-06T00:00:00Z,3596.52,5266.82,5223.29,5287.80,744.96,845.11,89.24
2019-07-07T00:00:00Z,3596.52,5266.82,5223.29,5287.80,744.96,845.11,89.24
2019-07-08T00:00:00Z,3587.45,5245.77,5201.13,5283.87,742.63,841.66,89.31
2019-07-09T00:00:00Z,3595.76,5241.10,5190.95,5280.39,739.08,840.15,88.84
2019-07-10T00:00:00Z,3613.56,5248.11,5186.42,5282.53,740.45,841.58,89.44
2019-07-11T00:00:00Z,3626.35,5278.52,5227.59,5295.98,745.89,847.90,89.82
2019-07-12T00:00:00Z,3628.51,5271.33,5217.47,5284.04,743.79,847.56,89.98
2019-07-13T00:00:00Z,3628.51,5271.33,5217.47,5284.04,743.79,847.56,89.98
2019-07-14T00:00:00Z,3628.51,5271.33,5217.47,5284.04,743.79,847.56,89.98
2019-07-15T00:00:00Z,3586.10,5278.82,5233.91,5288.00,744.14,849.99,90.01
2019-07-16T00:00:00Z,3590.45,5257.28,5233.63,5286.68,737.93,846.21,89.89
2019-07-17T00:00:00Z,3599.95,5253.53,5217.41,5286.74,736.75,844.09,89.90
2019-07-18T00:00:00Z,3597.96,5254.00,5240.75,5284.68,740.81,846.53,89.93
2019-07-19T00:00:00Z,3598.41,5262.95,5243.69,5286.03,743.27,849.66,89.98
2019-07-20T00:00:00Z,3598.41,5262.95,5243.69,5286.03,743.27,849.66,89.98
2019-07-21T00:00:00Z,3598.41,5262.95,5243.69,5286.03,743.27,849.66,89.98
2019-07-22T00:00:00Z,3593.11,5257.80,5234.22,5284.21,739.79,850.84,89.83
2019-07-23T00:00:00Z,3598.71,5238.11,5223.68,5285.79,738.16,849.35,89.34
2019-07-24T00:00:00Z,3616.95,5222.63,5225.99,5288.62,741.65,847.07,89.57
2019-07-25T00:00:00Z,3638.76,5210.91,5225.54,5290.22,741.48,844.63,89.59
2019-07-26T00:00:00Z,3641.12,5218.95,5197.00,5286.22,737.46,841.48,89.23
2019-07-27T00:00:00Z,3641.12,5218.95,5197.00,5286.22,737.46,841.48,89.23
2019-07-28T00:00:00Z,3641.12,5218.95,5197.00,5286.22,737.46,841.48,89.23
2019-07-29T00:00:00Z,3629.43,5210.05,5198.87,5274.52,729.61,841.26,89.29
2019-07-30T00:00:00Z,3640.05,5226.45,5207.04,5283.33,722.24,843.83,89.29
2019-07-31T00:00:00Z,3595.07,5225.04,5235.68,5201.17,723.77,850.22,90.02
2019-08-01T00:00:00Z,3655.43,5171.62,5219.24,5186.25,720.09,845.58,89.46
2019-08-02T00:00:00Z,3642.10,5196.70,5323.18,5159.00,721.78,855.31,89.44
2019-08-03T00:00:00Z,3642.10,5196.70,5323.18,5159.00,721.78,855.31,89.44
2019-08-04T00:00:00Z,3642.10,5196.70,5323.18,5159.00,721.78,855.31,89.44
2019-08-05T00:00:00Z,3634.52,5232.26,5357.80,5085.61,723.75,864.16,89.58
2019-08-06T00:00:00Z,3646.58,5234.60,5338.15,5099.81,724.47,862.49,89.56
2019-08-07T00:00:00Z,3644.84,5241.62,5373.27,5078.45,721.34,863.49,87.08
2019-08-08T00:00:00Z,3652.82,5237.41,5361.72,5079.77,722.62,862.64,87.28
2019-08-09T00:00:00Z,3653.61,5238.15,5370.00,5071.37,717.45,865.08,87.77
2019-08-10T00:00:00Z,3653.61,5238.15,5370.00,5071.37,717.45,865.08,87.77
2019-08-11T00:00:00Z,3653.61,5238.15,5370.00,5071.37,717.45,865.08,87.77
2019-08-12T00:00:00Z,3643.37,5236.27,5405.48,5071.16,718.78,866.44,87.68
2019-08-13T00:00:00Z,3631.88,5249.37,5404.31,5065.32,718.91,870.45,87.41
2019-08-14T00:00:00Z,3652.29,5233.47,5366.56,5099.94,717.95,867.10,88.01
2019-08-15T00:00:00Z,3670.74,5215.69,5353.30,5086.70,721.82,864.07,87.89
2019-08-16T00:00:00Z,3653.41,5179.22,5344.87,5084.37,723.56,859.05,87.97
2019-08-17T00:00:00Z,3653.41,5179.22,5344.87,5084.37,723.56,859.05,87.97
2019-08-18T00:00:00Z,3653.41,5179.22,5344.87,5084.37,723.56,859.05,87.97
2019-08-19T00:00:00Z,3643.95,5191.85,5332.09,5076.90,720.97,858.77,88.19
2019-08-20T00:00:00Z,3624.14,5179.22,5343.96,5071.23,718.90,858.57,87.78
2019-08-21T00:00:00Z,3618.27,5192.32,5337.08,5067.33,721.34,859.56,88.50
2019-08-22T00:00:00Z,3607.83,5182.50,5331.94,5052.27,723.09,855.57,88.57
2019-08-23T00:00:00Z,3616.78,5179.53,5338.65,5049.47,727.48,855.12,88.31
2019-08-24T00:00:00Z,3616.78,5179.53,5338.65,5049.47,727.48,855.12,88.31
2019-08-25T00:00:00Z,3616.78,5179.53,5338.65,5049.47,727.48,855.12,88.31
2019-08-26T00:00:00Z,3614.50,5203.40,5368.73,5009.51,727.98,859.70,88.43
2019-08-27T00:00:00Z,3597.99,5197.78,5373.89,4998.44,730.19,858.85,88.93
2019-08-28T00:00:00Z,3605.54,5187.95,5375.17,4999.17,725.70,858.17,89.20
2019-08-29T00:00:00Z,3602.99,5182.80,5347.02,5011.64,727.31,856.69,89.45
2019-08-30T00:00:00Z,3614.77,5168.95,5347.81,5006.30,724.68,851.63,89.41
2019-08-31T00:00:00Z,3614.77,5168.95,5389.26,5039.86,722.22,855.92,89.41
2019-09-01T00:00:00Z,3614.77,5168.95,5389.26,5039.86,722.22,855.92,89.41
2019-09-02T00:00:00Z,3614.77,5137.10,5384.52,5024.79,715.76,853.31,89.01
2019-09-03T00:00:00Z,3581.01,5122.58,5397.53,5019.78,713.23,854.51,88.79
2019-09-04T00:00:00Z,3585.30,5160.52,5391.97,5038.03,723.52,859.33,87.72
2019-09-05T00:00:00Z,3575.53,5179.25,5368.42,5044.29,731.62,861.26,88.50
2019-09-06T00:00:00Z,3579.12,5162.44,5351.56,5065.67,729.12,853.74,88.37
2019-09-07T00:00:00Z,3579.12,5162.44,5351.56,5065.67,729.12,853.74,88.37
2019-09-08T00:00:00Z,3579.12,5162.44,5351.56,5065.67,729.12,853.74,88.37
2019-09-09T00:00:00Z,3568.32,5165.25,5354.47,5057.59,732.46,854.59,88.83
2019-09-10T00:00:00Z,3563.91,5168.53,5334.81,5071.45,732.72,853.57,88.76
2019-09-11T00:00:00Z,3582.48,5151.21,5317.38,5063.23,731.63,851.41,88.52
2019-09-12T00:00:00Z,3570.90,5132.48,5314.64,5084.23,730.72,851.59,88.19
2019-09-13T00:00:00Z,3551.42,5186.94,5303.26,5087.83,738.15,858.14,88.08
2019-09-14T00:00:00Z,3551.42,5186.94,5303.26,5087.83,738.15,858.14,88.08
2019-09-15T00:00:00Z,3551.42,5186.94,5303.26,5087.83,738.15,858.14,88.08
2019-09-16T00:00:00Z,3468.72,5156.55,5310.75,5099.03,738.66,853.73,87.82
2019-09-17T00:00:00Z,3460.12,5154.22,5296.32,5077.70,735.80,850.70,87.78
2019-09-18T00:00:00Z,3522.73,5166.84,5295.52,5083.64,738.38,850.23,88.17
2019-09-19T00:00:00Z,3525.89,5173.38,5305.78,5079.12,739.19,853.55,88.03
2019-09-20T00:00:00Z,3526.64,5143.26,5303.58,5082.27,740.94,852.88,88.04
2019-09-21T00:00:00Z,3526.64,5143.26,5303.58,5082.27,740.94,852.88,88.04
2019-09-22T00:00:00Z,3526.64,5143.26,5303.58,5082.27,740.94,852.88,88.04
2019-09-23T00:00:00Z,3512.48,5122.28,5328.47,5056.88,736.97,853.38,87.98
2019-09-24T00:00:00Z,3521.13,5130.67,5320.08,5070.35,739.77,855.80,88.13
2019-09-25T00:00:00Z,3551.77,5120.88,5330.17,5058.09,734.07,857.08,87.45
2019-09-26T00:00:00Z,3543.16,5100.37,5320.99,5054.81,732.47,851.84,87.69
2019-09-27T00:00:00Z,3522.11,5071.77,5297.93,5055.31,730.02,851.92,87.59
2019-09-28T00:00:00Z,3522.11,5071.77,5297.93,5055.31,730.02,851.92,87.59
2019-09-29T00:00:00Z,3522.11,5071.77,5297.93,5055.31,730.02,851.92,87.59
2019-09-30T00:00:00Z,3468.18,5050.43,5276.45,5067.18,723.44,862.22,87.63
2019-10-01T00:00:00Z,3526.69,5054.61,5262.47,5063.63,720.93,858.26,87.46
2019-10-02T00:00:00Z,3607.59,5067.13,5299.30,5063.63,722.59,857.72,88.15
2019-10-03T00:00:00Z,3620.81,5079.19,5325.52,5063.62,725.78,858.42,87.52
2019-10-04T00:00:00Z,3618.82,5154.76,5336.40,5062.66,725.55,864.09,87.70
2019-10-05T00:00:00Z,3618.82,5154.76,5336.40,5062.66,725.55,864.09,87.70
2019-10-06T00:00:00Z,3618.82,5154.76,5336.40,5062.66,725.55,864.09,87.70
2019-10-07T00:00:00Z,3610.13,5161.34,5333.65,5063.63,725.58,864.32,87.69
2019-10-08T00:00:00Z,3628.75,5158.05,5330.71,5067.37,719.95,865.83,87.69
2019-10-09T00:00:00Z,3651.10,5155.70,5306.59,5078.59,719.18,863.14,87.95
2019-10-10T00:00:00Z,3641.15,5178.71,5302.84,5081.64,719.95,865.33,87.91
2019-10-11T00:00:00Z,3638.53,5181.66,5254.56,5097.37,742.52,860.30,88.01
2019-10-12T00:00:00Z,3638.53,5181.66,5254.56,5097.37,742.52,860.30,88.01
2019-10-13T00:00:00Z,3638.53,5181.66,5254.56,5097.37,742.52,860.30,88.01
2019-10-14T00:00:00Z,3638.53,5176.03,5264.23,5119.84,737.79,862.65,88.53
2019-10-15T00:00:00Z,3579.12,5164.77,5260.27,5111.65,744.01,861.24,88.43
2019-10-16T00:00:00Z,3603.17,5173.22,5239.43,5098.62,749.51,861.08,89.08
2019-10-17T00:00:00Z,3586.90,5214.51,5241.47,5114.03,753.06,868.43,89.30
2019-10-18T00:00:00Z,3570.08,5223.32,5249.14,5109.84,758.70,870.45,89.58
2019-10-19T00:00:00Z,3570.08,5223.32,5249.14,5109.84,758.70,870.45,89.58
2019-10-20T00:00:00Z,3570.08,5223.32,5249.14,5109.84,758.70,870.45,89.58
2019-10-21T00:00:00Z,3568.64,5236.91,5248.91,5117.69,765.14,872.24,89.78
2019-10-22T00:00:00Z,3561.56,5216.76,5246.88,5112.88,761.00,868.73,89.82
2019-10-23T00:00:00Z,3575.24,5213.48,5254.01,5116.87,757.50,868.18,90.02
2019-10-24T00:00:00Z,3585.39,5215.82,5246.37,5117.87,758.90,867.39,90.14
2019-10-25T00:00:00Z,3585.04,5199.05,5248.19,5119.92,754.75,865.75,90.18
2019-10-26T00:00:00Z,3585.04,5199.05,5248.19,5119.92,754.75,865.75,90.18
2019-10-27T00:00:00Z,3585.04,5199.05,5248.19,5119.92,754.75,865.75,90.18
2019-10-28T00:00:00Z,3574.92,5189.69,5234.40,5121.01,755.75,862.00,90.16
2019-10-29T00:00:00Z,3567.71,5193.43,5229.95,5123.00,756.30,863.10,90.24
2019-10-30T00:00:00Z,3619.01,5198.58,5230.37,5129.46,758.17,864.66,90.68
2019-10-31T00:00:00Z,3582.03,5221.05,5318.50,5107.50,762.61,873.04,90.21
2019-11-01T00:00:00Z,3656.95,5208.88,5324.58,5107.13,762.69,871.39,90.03
2019-11-02T00:00:00Z,3656.95,5208.88,5324.58,5107.13,762.69,871.39,90.03
2019-11-03T00:00:00Z,3656.95,5208.88,5324.58,5107.13,762.69,871.39,90.03
2019-11-04T00:00:00Z,3646.66,5217.77,5311.61,5116.82,760.81,872.24,90.20
2019-11-05T00:00:00Z,3644.32,5194.86,5288.28,5139.64,759.71,869.36,90.39
2019-11-06T00:00:00Z,3659.61,5185.97,5281.42,5139.44,759.12,867.79,88.46
2019-11-07T00:00:00Z,3655.63,5179.89,5274.36,5155.54,754.64,867.72,88.45
2019-11-08T00:00:00Z,3656.91,5168.47,5261.72,5145.92,754.19,864.90,88.25
2019-11-09T00:00:00Z,3656.91,5168.47,5261.72,5145.92,754.19,864.90,88.25
2019-11-10T00:00:00Z,3656.91,5168.47,5261.72,5145.92,754.19,864.90,88.25
2019-11-11T00:00:00Z,3656.91,5171.75,5283.88,5129.96,758.32,866.95,88.03
2019-11-12T00:00:00Z,3644.31,5159.57,5273.63,5132.26,755.85,865.62,87.93
2019-11-13T00:00:00Z,3675.93,5155.36,5289.11,5121.83,755.77,870.39,88.50
2019-11-14T00:00:00Z,3663.12,5151.14,5298.05,5122.35,756.18,871.36,88.45
2019-11-15T00:00:00Z,3686.18,5177.06,5295.49,5130.75,758.57,870.21,88.63
2019-11-16T00:00:00Z,3686.18,5177.06,5295.49,5130.75,758.57,870.21,88.63
2019-11-17T00:00:00Z,3686.18,5177.06,5295.49,5130.75,758.57,870.21,88.63
2019-11-18T00:00:00Z,3640.76,5189.73,5282.03,5124.35,763.37,869.47,88.76
2019-11-19T00:00:00Z,3645.08,5197.24,5293.62,5118.58,762.30,869.22,88.82
2019-11-20T00:00:00Z,3646.67,5188.79,5307.05,5113.08,759.80,867.97,88.16
2019-11-21T00:00:00Z,3646.55,5203.81,5300.31,5118.21,763.49,868.82,88.13
2019-11-22T00:00:00Z,3674.45,5193.42,5303.48,5109.47,757.39,866.55,88.35
2019-11-23T00:00:00Z,3674.45,5193.42,5303.48,5109.47,757.39,866.55,88.35
2019-11-24T00:00:00Z,3674.45,5193.42,5303.48,5109.47,757.39,866.55,88.35
2019-11-25T00:00:00Z,3660.96,5169.94,5286.10,5111.32,758.07,863.26,88.14
2019-11-26T00:00:00Z,3653.88,5175.58,5282.61,5108.85,757.12,863.65,88.14
2019-11-27T00:00:00Z,3693.47,5170.41,5273.38,5118.46,758.71,863.34,88.96
2019-11-28T00:00:00Z,3693.47,5168.53,5257.47,5112.44,760.84,862.63,88.81
2019-11-29T00:00:00Z,3709.51,5159.66,5249.53,5117.88,758.85,860.28,88.69
2019-11-30T00:00:00Z,3709.51,5159.66,5275.63,5166.76,755.28,863.34,88.69
2019-12-01T00:00:00Z,3709.51,5159.66,5275.63,5166.76,755.28,863.34,88.69
2019-12-02T00:00:00Z,3681.51,5178.93,5281.29,5155.79,758.17,866.80,88.76
2019-12-03T00:00:00Z,3720.48,5201.48,5320.15,5144.11,761.63,874.39,88.60
2019-12-04T00:00:00Z,3727.24,5206.18,5322.30,5148.16,767.63,874.47,87.69
2019-12-05T00:00:00Z,3734.44,5212.28,5317.95,5155.79,769.81,874.85,88.38
2019-12-06T00:00:00Z,3732.74,5224.48,5328.99,5164.51,769.96,874.53,88.33
2019-12-07T00:00:00Z,3732.74,5224.48,5328.99,5164.51,769.96,874.53,88.33
2019-12-08T00:00:00Z,3732.74,5224.48,5328.99,5164.51,769.96,874.53,88.33
2019-12-09T00:00:00Z,3724.83,5215.53,5332.70,5157.85,771.00,873.75,87.83
2019-12-10T00:00:00Z,3749.68,5216.47,5328.35,5158.25,772.26,876.87,87.90
2019-12-11T00:00:00Z,3790.73,5215.53,5319.86,5157.85,770.54,877.19,88.09
2019-12-12T00:00:00Z,3813.99,5244.73,5327.09,5159.33,771.97,880.25,88.50
2019-12-13T00:00:00Z,3802.28,5266.94,5280.18,5207.96,784.29,879.72,88.57
2019-12-14T00:00:00Z,3802.28,5266.94,5280.18,5207.96,784.29,879.72,88.57
2019-12-15T00:00:00Z,3802.28,5266.94,5280.18,5207.96,784.29,879.72,88.57
2019-12-16T00:00:00Z,3692.71,5253.74,5286.81,5186.59,783.20,879.84,88.90
2019-12-17T00:00:00Z,3707.09,5261.28,5279.68,5189.71,771.98,881.66,88.61
2019-12-18T00:00:00Z,3745.12,5239.13,5279.03,5188.26,765.96,880.60,90.24
2019-12-19T00:00:00Z,3754.71,5240.07,5283.45,5179.34,765.94,881.89,90.48
2019-12-20T00:00:00Z,3753.89,5196.27,5292.20,5181.12,764.02,881.60,90.37
2019-12-21T00:00:00Z,3753.89,5196.27,5292.20,5181.12,764.02,881.60,90.37
2019-12-22T00:00:00Z,3753.89,5196.27,5292.20,5181.12,764.02,881.60,90.37
2019-12-23T00:00:00Z,3742.27,5185.97,5287.38,5178.31,757.39,880.91,90.21
2019-12-24T00:00:00Z,3780.69,5188.31,5289.33,5181.25,759.28,880.66,90.22
2019-12-25T00:00:00Z,3809.23,5188.31,5289.33,5181.25,759.28,880.66,90.74
2019-12-26T00:00:00Z,3807.74,5188.31,5289.33,5181.25,759.28,880.66,90.74
2019-12-27T00:00:00Z,3789.99,5232.99,5278.88,5189.85,767.90,885.48,91.28
2019-12-28T00:00:00Z,3789.99,5232.99,5278.88,5189.85,767.90,885.48,91.28
2019-12-29T00:00:00Z,3789.99,5232.99,5278.88,5189.85,767.90,885.48,91.28
2019-12-30T00:00:00Z,3767.89,5249.88,5297.65,5196.61,769.67,889.89,91.39
2019-12-31T00:00:00Z,3697.65,5270.99,5279.38,5331.22,769.99,891.10,91.90
2020-01-01T00:00:00Z,3705.69,5270.99,5279.38,5331.22,769.99,891.10,92.07
2020-01-02T00:00:00Z,3788.19,5251.75,5268.32,5329.41,769.46,886.95,92.04
2020-01-03T00:00:00Z,3805.46,5199.00,5299.34,5323.49,763.71,885.34,92.16
2020-01-04T00:00:00Z,3805.46,5199.00,5299.34,5323.49,763.71,885.34,92.16
2020-01-05T00:00:00Z,3805.46,5199.00,5299.34,5323.49,763.71,885.34,92.16
2020-01-06T00:00:00Z,3791.38,5220.92,5300.58,5322.85,766.03,888.25,92.20
2020-01-07T00:00:00Z,3806.36,5210.66,5284.48,5345.75,764.82,886.51,92.06
2020-01-08T00:00:00Z,3797.83,5184.08,5270.14,5344.52,763.74,886.72,91.92
2020-01-09T00:00:00Z,3805.72,5181.75,5238.29,5354.12,759.66,885.01,91.65
2020-01-10T00:00:00Z,3806.40,5163.72,5226.75,5361.53,762.61,882.36,91.54
2020-01-11T00:00:00Z,3806.40,5163.72,5226.75,5361.53,762.61,882.36,91.54
2020-01-12T00:00:00Z,3806.40,5163.72,5226.75,5361.53,762.61,882.36,91.54
2020-01-13T00:00:00Z,3791.41,5180.01,5215.37,5383.78,756.54,886.04,91.73
2020-01-14T00:00:00Z,3800.88,5174.89,5207.23,5389.77,757.05,888.78,91.55
2020-01-15T00:00:00Z,3794.37,5187.46,5215.19,5388.08,758.31,892.27,90.10
2020-01-16T00:00:00Z,3779.76,5200.03,5212.08,5394.74,762.04,895.43,90.36
2020-01-17T00:00:00Z,3758.65,5176.71,5204.38,5411.12,761.13,890.79,90.24
2020-01-18T00:00:00Z,3758.65,5176.71,5204.38,5411.12,761.13,890.79,90.24
2020-01-19T00:00:00Z,3758.65,5176.71,5204.38,5411.12,761.13,890.79,90.24
2020-01-20T00:00:00Z,3758.65,5165.99,5200.83,5405.17,758.04,888.86,90.12
2020-01-21T00:00:00Z,3746.60,5179.97,5207.66,5376.00,762.28,890.77,90.21
2020-01-22T00:00:00Z,3718.60,5167.38,5211.20,5377.10,765.70,887.45,90.89
2020-01-23T00:00:00Z,3711.67,5168.78,5231.06,5352.89,765.43,889.59,90.08
2020-01-24T00:00:00Z,3721.36,5158.17,5227.88,5352.87,763.23,886.92,90.29
2020-01-25T00:00:00Z,3721.36,5158.17,5227.88,5352.87,763.23,886.92,90.29
2020-01-26T00:00:00Z,3721.36,5158.17,5227.88,5352.87,763.23,886.92,90.29
2020-01-27T00:00:00Z,3710.27,5153.49,5260.10,5350.25,762.13,888.02,89.91
2020-01-28T00:00:00Z,3702.66,5144.14,5254.50,5350.27,758.55,885.25,89.89
2020-01-29T00:00:00Z,3700.79,5142.27,5250.84,5350.29,758.48,882.78,90.43
2020-01-30T00:00:00Z,3701.56,5155.36,5265.52,5350.31,764.00,888.26,90.16
2020-01-31T00:00:00Z,3743.15,5162.79,5310.98,5384.36,761.90,873.47,90.04
2020-02-01T00:00:00Z,3743.15,5162.79,5310.98,5384.36,761.90,873.47,90.04
2020-02-02T00:00:00Z,3743.15,5162.79,5310.98,5384.36,761.90,873.47,90.04
2020-02-03T00:00:00Z,3744.46,5169.33,5328.77,5320.60,757.47,876.38,90.03
2020-02-04T00:00:00Z,3731.74,5160.92,5301.57,5338.27,755.30,872.50,89.74
2020-02-05T00:00:00Z,3746.01,5149.25,5271.20,5356.68,757.48,869.31,88.36
2020-02-06T00:00:00Z,3755.40,5139.90,5264.68,5359.65,752.62,867.89,88.40
2020-02-07T00:00:00Z,3759.95,5121.32,5264.09,5340.65,751.31,866.02,88.16
2020-02-08T00:00:00Z,3759.95,5121.32,5264.09,5340.65,751.31,866.02,88.16
2020-02-09T00:00:00Z,3759.95,5121.32,5264.09,5340.65,751.31,866.02,88.16
2020-02-10T00:00:00Z,3751.63,5112.91,5269.89,5348.62,750.90,865.00,88.16
2020-02-11T00:00:00Z,3734.29,5089.57,5265.54,5355.44,750.15,863.71,88.28
2020-02-12T00:00:00Z,3778.04,5095.64,5258.64,5358.44,753.43,866.53,89.37
2020-02-13T00:00:00Z,3756.77,5073.69,5272.01,5348.23,756.33,863.77,89.37
2020-02-14T00:00:00Z,3755.36,5073.76,5264.30,5345.29,756.11,861.14,89.43
2020-02-15T00:00:00Z,3755.36,5073.76,5264.30,5345.29,756.11,861.14,89.43
2020-02-16T00:00:00Z,3755.36,5073.76,5264.30,5345.29,756.11,861.14,89.43
2020-02-17T00:00:00Z,3755.36,5070.48,5263.55,5349.75,755.35,860.58,89.55
2020-02-18T00:00:00Z,3727.43,5061.59,5269.82,5334.24,756.32,860.85,89.33
2020-02-19T00:00:00Z,3750.42,5054.10,5233.36,5340.02,753.72,859.42,91.00
2020-02-20T00:00:00Z,3724.48,5049.42,5163.19,5317.55,746.81,859.03,90.77
2020-02-21T00:00:00Z,3725.72,5063.83,5164.19,5311.90,750.53,860.39,90.76
2020-02-22T00:00:00Z,3725.72,5063.83,5164.19,5311.90,750.53,860.39,90.76
2020-02-23T00:00:00Z,3725.72,5063.83,5164.19,5311.90,750.53,860.39,90.76
2020-02-24T00:00:00Z,3720.18,5071.80,5191.20,5309.28,748.81,862.56,90.57
2020-02-25T00:00:00Z,3701.75,5082.12,5227.78,5324.07,752.15,863.90,90.56
2020-02-26T00:00:00Z,3768.72,5098.53,5235.49,5321.38,749.92,866.61,91.35
2020-02-27T00:00:00Z,3780.20,5140.25,5263.88,5331.13,748.54,871.98,91.05
2020-02-28T00:00:00Z,3799.20,5150.25,5318.69,5347.96,746.62,874.08,90.41
2020-02-29T00:00:00Z,3799.20,5150.25,5379.25,5169.35,746.14,880.70,90.41
2020-03-01T00:00:00Z,3799.20,5150.25,5379.25,5169.35,746.14,880.70,90.41
2020-03-02T00:00:00Z,3752.31,5218.28,5429.39,5183.08,740.39,888.90,90.99
2020-03-03T00:00:00Z,3771.42,5215.93,5429.21,5173.87,740.93,889.25,90.95
2020-03-04T00:00:00Z,3855.18,5219.69,5441.75,5215.11,742.83,889.80,88.88
2020-03-05T00:00:00Z,3861.21,5248.77,5469.79,5205.98,748.52,893.42,88.43
2020-03-06T00:00:00Z,3863.11,5330.43,5568.24,5212.69,754.19,911.65,88.47
2020-03-07T00:00:00Z,3863.11,5330.43,5568.24,5212.69,754.19,911.65,88.47
2020-03-08T00:00:00Z,3863.11,5330.43,5568.24,5212.69,754.19,911.65,88.47
2020-03-09T00:00:00Z,3848.43,5386.86,5721.36,5195.80,760.27,920.86,87.12
2020-03-10T00:00:00Z,3846.22,5355.82,5615.04,5189.34,755.87,915.56,86.81
2020-03-11T00:00:00Z,3938.25,5330.43,5593.14,5193.51,749.67,911.47,87.36
2020-03-12T00:00:00Z,3972.03,5285.29,5626.93,5144.57,735.50,907.35,86.93
2020-03-13T00:00:00Z,3970.94,5223.59,5452.91,5166.82,722.95,891.39,86.63
2020-03-14T00:00:00Z,3970.94,5223.59,5452.91,5166.82,722.95,891.39,86.63
2020-03-15T00:00:00Z,3970.94,5223.59,5452.91,5166.82,722.95,891.39,86.63
2020-03-16T00:00:00Z,3892.68,5248.52,5541.75,5140.86,711.64,900.91,86.20
2020-03-17T00:00:00Z,3883.76,5166.20,5466.89,5142.66,701.21,885.52,85.00
2020-03-18T00:00:00Z,4266.38,5143.61,5430.06,5131.50,687.79,882.90,86.87
2020-03-19T00:00:00Z,4274.51,5081.05,5325.57,5074.09,673.62,873.07,86.51
2020-03-20T00:00:00Z,4273.11,5275.62,5290.82,5091.55,682.11,864.57,87.81
2020-03-21T00:00:00Z,4273.11,5275.62,5290.82,5091.55,682.11,864.57,87.81
2020-03-22T00:00:00Z,4273.11,5275.62,5290.82,5091.55,682.11,864.57,87.81
2020-03-23T00:00:00Z,4246.36,5313.07,5295.27,5096.41,672.60,867.09,86.99
2020-03-24T00:00:00Z,4215.93,5342.64,5285.69,5113.79,682.73,873.40,86.33
2020-03-25T00:00:00Z,4771.98,5334.75,5248.15,5086.64,686.17,869.65,107.37
2020-03-26T00:00:00Z,4733.70,5410.63,5344.50,5103.80,697.11,879.36,109.41
2020-03-27T00:00:00Z,4645.87,5557.31,5379.25,5087.59,709.32,883.44,108.98
2020-03-28T00:00:00Z,4645.87,5557.31,5379.25,5087.59,709.32,883.44,108.98
2020-03-29T00:00:00Z,4645.87,5557.31,5379.25,5087.59,709.32,883.44,108.98
2020-03-30T00:00:00Z,4609.05,5586.17,5408.09,5085.09,719.77,888.87,108.81
2020-03-31T00:00:00Z,4454.11,5546.68,5570.00,5146.36,725.73,882.18,108.10
2020-04-01T00:00:00Z,5096.85,5536.55,5623.69,5145.63,725.91,882.32,151.15
2020-04-02T00:00:00Z,5013.44,5521.37,5631.74,5149.15,729.87,880.99,152.20
2020-04-03T00:00:00Z,4990.00,5608.01,5567.35,5152.68,720.85,871.54,152.01
2020-04-04T00:00:00Z,4990.00,5608.01,5567.35,5152.68,720.85,871.54,152.01
2020-04-05T00:00:00Z,4990.00,5608.01,5567.35,5152.68,720.85,871.54,152.01
2020-04-06T00:00:00Z,4990.86,5611.13,5549.59,5152.65,721.66,870.96,152.28
2020-04-07T00:00:00Z,4972.83,5660.01,5550.24,5178.39,725.53,876.72,153.82
2020-04-08T00:00:00Z,5202.48,5652.73,5552.00,5170.65,725.79,877.66,196.49
2020-04-09T00:00:00Z,5178.71,5650.65,5551.37,5176.09,728.70,877.26,196.01
2020-04-10T00:00:00Z,5195.68,5713.31,5551.37,5176.09,728.70,877.26,196.01
2020-04-11T00:00:00Z,5195.68,5713.31,5551.37,5176.09,728.70,877.26,196.01
2020-04-12T00:00:00Z,5195.68,5713.31,5551.37,5176.09,728.70,877.26,196.01
2020-04-13T00:00:00Z,5208.16,5713.31,5551.37,5176.09,728.70,877.26,196.01
2020-04-14T00:00:00Z,5114.30,5763.79,5632.30,5177.47,737.76,886.26,197.84
2020-04-15T00:00:00Z,5508.58,5732.24,5627.30,5173.75,732.62,882.17,227.93
2020-04-16T00:00:00Z,5456.62,5724.36,5619.56,5167.10,733.47,882.46,227.18
2020-04-17T00:00:00Z,5477.12,5737.26,5617.58,5165.21,733.14,880.28,227.77
2020-04-18T00:00:00Z,5477.12,5737.26,5617.58,5165.21,733.14,880.28,227.77
2020-04-19T00:00:00Z,5477.12,5737.26,5617.58,5165.21,733.14,880.28,227.77
2020-04-20T00:00:00Z,5478.98,5737.26,5605.59,5165.35,730.08,880.02,227.10
2020-04-21T00:00:00Z,5430.81,5725.11,5628.32,5149.78,722.11,878.24,225.62
2020-04-22T00:00:00Z,5612.31,5740.96,5613.99,5158.94,725.76,880.17,246.33
2020-04-23T00:00:00Z,5565.14,5690.77,5625.49,5161.12,725.35,873.47,246.57
2020-04-24T00:00:00Z,5605.70,5774.81,5617.31,5161.27,724.76,874.58,248.07
2020-04-25T00:00:00Z,5605.70,5774.81,5617.31,5161.27,724.76,874.58,248.07
2020-04-26T00:00:00Z,5605.70,5774.81,5617.31,5161.27,724.76,874.58,248.07
2020-04-27T00:00:00Z,5594.86,5802.61,5644.35,5158.79,730.21,876.13,247.93
2020-04-28T00:00:00Z,5525.84,5815.98,5665.16,5162.82,733.45,875.74,249.74
2020-04-29T00:00:00Z,5578.25,5797.26,5673.32,5163.24,728.58,874.16,275.48
2020-04-30T00:00:00Z,5474.12,5815.44,5810.46,5112.03,874.20,930.70,277.30
2020-05-01T00:00:00Z,5554.72,5867.80,5810.46,5112.03,874.20,930.70,277.30
2020-05-02T00:00:00Z,5554.72,5867.80,5810.46,5112.03,874.20,930.70,277.30
2020-05-03T00:00:00Z,5554.72,5867.80,5810.46,5112.03,874.20,930.70,277.30
2020-05-04T00:00:00Z,5551.90,5903.41,5797.19,5102.46,869.57,937.24,273.31
2020-05-05T00:00:00Z,5486.93,5850.00,5800.84,5102.51,870.00,930.79,274.20
2020-05-06T00:00:00Z,5576.98,5830.58,5835.03,5076.82,865.19,927.26,278.16
2020-05-07T00:00:00Z,5521.98,5817.63,5808.90,5084.11,861.05,925.20,278.42
2020-05-08T00:00:00Z,5527.13,5910.52,5819.45,5092.94,865.28,930.43,281.06
2020-05-09T00:00:00Z,5527.13,5910.52,5819.45,5092.94,865.28,930.43,281.06
2020-05-10T00:00:00Z,5527.13,5910.52,5819.45,5092.94,865.28,930.43,281.06
2020-05-11T00:00:00Z,5569.30,5900.16,5768.24,5079.77,860.42,929.69,280.23
2020-05-12T00:00:00Z,5547.60,5918.70,5766.50,5085.80,864.13,932.52,280.34
2020-05-13T00:00:00Z,5782.23,5927.96,5789.44,5082.59,860.85,933.27,297.23
2020-05-14T00:00:00Z,5728.08,5882.72,5785.05,5073.21,851.87,927.55,295.33
2020-05-15T00:00:00Z,5748.07,5944.86,5785.76,5069.16,850.01,927.98,295.36
2020-05-16T00:00:00Z,5748.07,5944.86,5785.76,5069.16,850.01,927.98,295.36
2020-05-17T00:00:00Z,5748.07,5944.86,5785.76,5069.16,850.01,927.98,295.36
2020-05-18T00:00:00Z,5745.32,5963.58,5765.06,5064.73,848.71,930.20,296.85
2020-05-19T00:00:00Z,5715.93,6028.55,5744.39,5070.69,854.30,930.42,299.12
2020-05-20T00:00:00Z,5834.24,6032.95,5751.03,5075.05,856.62,935.41,318.73
2020-05-21T00:00:00Z,5766.37,6056.07,5750.16,5071.88,854.31,935.11,317.89
2020-05-22T00:00:00Z,5734.44,6057.47,5756.36,5050.62,850.44,930.19,315.88
2020-05-23T00:00:00Z,5734.44,6057.47,5756.36,5050.62,850.44,930.19,315.88
2020-05-24T00:00:00Z,5734.44,6057.47,5756.36,5050.62,850.44,930.19,315.88
2020-05-25T00:00:00Z,5734.44,6060.81,5749.23,5049.57,851.37,930.17,316.30
2020-05-26T00:00:00Z,5672.88,6096.92,5761.42,5052.85,862.58,935.45,319.80
2020-05-27T00:00:00Z,5766.09,6105.80,5737.70,5033.66,856.92,930.23,337.20
2020-05-28T00:00:00Z,5682.34,6119.69,5745.91,5037.30,857.60,931.65,337.32
2020-05-29T00:00:00Z,5646.86,6231.78,5778.80,5050.38,863.48,938.55,338.20
2020-05-30T00:00:00Z,5646.86,6231.78,5778.80,5050.38,863.48,938.55,338.20
2020-05-31T00:00:00Z,5646.86,6231.78,5961.41,5155.82,942.77,954.30,338.20
2020-06-01T00:00:00Z,5702.88,6220.59,5927.84,5154.93,945.43,955.61,338.75
2020-06-02T00:00:00Z,5639.81,6253.05,5905.51,5176.21,956.65,955.68,343.26
2020-06-03T00:00:00Z,5733.74,6264.24,5881.52,5173.36,958.56,952.78,353.99
2020-06-04T00:00:00Z,5663.48,6295.58,5865.58,5168.92,956.70,958.17,355.06
2020-06-05T00:00:00Z,5670.72,6407.58,5845.72,5187.34,966.05,957.88,356.78
2020-06-06T00:00:00Z,5670.72,6407.58,5845.72,5187.34,966.05,957.88,356.78
2020-06-07T00:00:00Z,5670.72,6407.58,5845.72,5187.34,966.05,957.88,356.78
2020-06-08T00:00:00Z,5644.41,6382.13,5839.49,5199.94,965.18,954.51,357.97
2020-06-09T00:00:00Z,5628.65,6387.22,5904.91,5191.79,966.53,963.34,356.82
2020-06-10T00:00:00Z,5664.35,6433.03,5946.29,5210.80,975.18,970.97,372.16
2020-06-11T00:00:00Z,5618.15,6417.76,5963.42,5201.99,965.25,974.55,369.03
2020-06-12T00:00:00Z,5627.59,6364.46,5953.03,5198.66,961.63,970.78,366.97
2020-06-13T00:00:00Z,5627.59,6364.46,5953.03,5198.66,961.63,970.78,366.97
2020-06-14T00:00:00Z,5627.59,6364.46,5953.03,5198.66,961.63,970.78,366.97
2020-06-15T00:00:00Z,5571.36,6335.75,5947.26,5184.93,957.35,968.02,365.43
2020-06-16T00:00:00Z,5576.32,6366.71,5948.76,5197.19,965.02,969.31,367.75
2020-06-17T00:00:00Z,5529.38,6323.92,5945.02,5190.73,957.70,967.12,376.11
2020-06-18T00:00:00Z,5460.03,6318.29,5971.90,5189.82,950.68,966.44,375.43
2020-06-19T00:00:00Z,5459.16,6318.38,5976.97,5198.19,944.66,966.41,375.25
2020-06-20T00:00:00Z,5459.16,6318.38,5976.97,5198.19,944.66,966.41,375.25
2020-06-21T00:00:00Z,5459.16,6318.38,5976.97,5198.19,944.66,966.41,375.25
2020-06-22T00:00:00Z,5467.77,6320.07,5972.59,5198.54,946.76,966.85,375.33
2020-06-23T00:00:00Z,5481.80,6379.25,5970.74,5208.10,952.44,971.25,377.38
2020-06-24T00:00:00Z,5495.73,6357.83,5987.80,5201.80,952.26,970.35,383.62
2020-06-25T00:00:00Z,5444.17,6312.74,5947.80,5201.82,947.71,967.27,382.12
2020-06-26T00:00:00Z,5434.85,6992.59,5970.59,5201.81,944.18,968.94,381.66
2020-06-27T00:00:00Z,5434.85,6992.59,5970.59,5201.81,944.18,968.94,381.66
2020-06-28T00:00:00Z,5434.85,6992.59,5970.59,5201.81,944.18,968.94,381.66
2020-06-29T00:00:00Z,5437.36,7036.86,5951.82,5199.15,940.14,971.60,381.81
2020-06-30T00:00:00Z,5359.32,6983.23,6022.63,5144.35,988.09,1005.41,381.00
2020-07-01T00:00:00Z,5352.29,6984.48,6041.22,5149.69,997.15,1008.52,388.75
2020-07-02T00:00:00Z,5349.89,7038.11,6040.92,5149.67,1007.09,1013.60,388.52
2020-07-03T00:00:00Z,5347.24,7058.74,6035.61,5150.38,1002.73,1010.40,389.18
2020-07-04T00:00:00Z,5347.24,7058.74,6035.61,5150.38,1002.73,1010.40,389.18
2020-07-05T00:00:00Z,5347.24,7058.74,6035.61,5150.38,1002.73,1010.40,389.18
2020-07-06T00:00:00Z,5348.38,7122.26,6034.91,5184.43,1007.45,1017.67,390.12
2020-07-07T00:00:00Z,5366.96,7100.25,6024.67,5182.17,1008.29,1014.43,389.32
2020-07-08T00:00:00Z,5296.31,7097.74,6033.45,5188.44,1010.48,1015.89,389.49
2020-07-09T00:00:00Z,5278.43,7132.95,6049.44,5209.78,1018.53,1019.97,392.03
2020-07-10T00:00:00Z,5279.64,7114.21,6073.64,5197.70,1013.56,1014.89,389.19
2020-07-11T00:00:00Z,5279.64,7114.21,6073.64,5197.70,1013.56,1014.89,389.19
2020-07-12T00:00:00Z,5279.64,7114.21,6073.64,5197.70,1013.56,1014.89,389.19
2020-07-13T00:00:00Z,5267.16,7147.65,6055.94,5198.63,1014.16,1013.93,390.26
2020-07-14T00:00:00Z,5293.01,7176.67,6042.21,5187.29,1008.85,1017.48,388.76
2020-07-15T00:00:00Z,5218.15,7220.20,6074.88,5207.66,1017.64,1014.92,397.86
2020-07-16T00:00:00Z,5151.30,7201.28,6059.45,5201.43,1011.23,1011.88,398.74
2020-07-17T00:00:00Z,5145.80,7225.47,6052.52,5200.38,1010.21,1016.33,397.74
2020-07-18T00:00:00Z,5145.80,7225.47,6052.52,5200.38,1010.21,1016.33,397.74
2020-07-19T00:00:00Z,5145.80,7225.47,6052.52,5200.38,1010.21,1016.33,397.74
2020-07-20T00:00:00Z,5141.33,7238.12,6058.17,5208.38,1017.60,1019.72,397.87
2020-07-21T00:00:00Z,5164.16,7234.96,6052.07,5206.75,1023.03,1018.89,401.13
2020-07-22T00:00:00Z,5187.57,7320.31,6062.21,5202.04,1022.97,1026.61,402.19
2020-07-23T00:00:00Z,5142.93,7314.62,6055.54,5194.27,1021.37,1030.98,403.28
2020-07-24T00:00:00Z,5139.26,7372.73,6106.49,5186.44,1027.17,1034.55,402.25
2020-07-25T00:00:00Z,5139.26,7372.73,6106.49,5186.44,1027.17,1034.55,402.25
2020-07-26T00:00:00Z,5139.26,7372.73,6106.49,5186.44,1027.17,1034.55,402.25
2020-07-27T00:00:00Z,5134.21,7469.27,6160.48,5197.50,1036.58,1037.65,403.60
2020-07-28T00:00:00Z,5169.24,7441.96,6164.83,5197.62,1037.01,1041.54,403.05
2020-07-29T00:00:00Z,5156.60,7447.04,6172.04,5199.53,1044.42,1041.48,409.38
2020-07-30T00:00:00Z,5181.38,7458.47,6166.51,5196.55,1047.37,1045.22,407.26
2020-07-31T00:00:00Z,5185.79,7536.30,6346.56,5131.71,1094.41,1044.39,407.61
2020-08-01T00:00:00Z,5185.79,7536.30,6346.56,5131.71,1094.41,1044.39,407.61
2020-08-02T00:00:00Z,5185.79,7536.30,6346.56,5131.71,1094.41,1044.39,407.61
2020-08-03T00:00:00Z,5203.90,7458.70,6271.12,5124.58,1083.62,1032.20,407.08
2020-08-04T00:00:00Z,5240.81,7483.51,6278.36,5125.54,1083.35,1037.85,407.97
2020-08-05T00:00:00Z,5238.60,7540.12,6296.09,5156.78,1092.39,1044.82,409.93
2020-08-06T00:00:00Z,5258.00,7533.12,6310.88,5148.99,1094.19,1044.92,408.38
2020-08-07T00:00:00Z,5267.09,7545.52,6299.55,5143.12,1087.68,1038.28,406.91
2020-08-08T00:00:00Z,5267.09,7545.52,6299.55,5143.12,1087.68,1038.28,406.91
2020-08-09T00:00:00Z,5267.09,7545.52,6299.55,5143.12,1087.68,1038.28,406.91
2020-08-10T00:00:00Z,5268.77,7511.04,6279.31,5134.29,1085.33,1034.88,405.85
2020-08-11T00:00:00Z,5290.37,7523.81,6278.41,5152.19,1090.95,1041.17,408.70
2020-08-12T00:00:00Z,5322.03,7516.14,6224.69,5153.18,1082.22,1038.95,407.58
2020-08-13T00:00:00Z,5316.02,7555.73,6224.85,5153.28,1089.15,1041.62,409.91
2020-08-14T00:00:00Z,5321.39,7565.83,6242.44,5150.02,1089.72,1042.76,408.90
2020-08-15T00:00:00Z,5321.39,7565.83,6242.44,5150.02,1089.72,1042.76,408.90
2020-08-16T00:00:00Z,5321.39,7565.83,6242.44,5150.02,1089.72,1042.76,408.90
2020-08-17T00:00:00Z,5293.34,7591.45,6264.57,5157.28,1087.96,1045.22,409.37
2020-08-18T00:00:00Z,5301.81,7625.39,6315.14,5171.23,1095.85,1049.11,411.52
2020-08-19T00:00:00Z,5374.13,7642.68,6319.40,5178.87,1098.70,1047.80,412.71
2020-08-20T00:00:00Z,5380.18,7589.52,6289.45,5173.40,1093.14,1042.92,410.73
2020-08-21T00:00:00Z,5389.25,7560.46,6293.10,5169.69,1090.72,1039.84,410.30
2020-08-22T00:00:00Z,5389.25,7560.46,6293.10,5169.69,1090.72,1039.84,410.30
2020-08-23T00:00:00Z,5389.25,7560.46,6293.10,5169.69,1090.72,1039.84,410.30
2020-08-24T00:00:00Z,5383.01,7610.56,6297.89,5177.65,1092.84,1045.08,412.73
2020-08-25T00:00:00Z,5381.34,7589.36,6259.86,5177.51,1092.58,1043.04,410.97
2020-08-26T00:00:00Z,5382.96,7573.30,6263.06,5192.56,1093.37,1042.19,411.34
2020-08-27T00:00:00Z,5387.60,7584.22,6272.09,5196.15,1097.21,1042.53,412.51
2020-08-28T00:00:00Z,5370.23,7673.54,6327.48,5216.79,1107.79,1051.37,415.47
2020-08-29T00:00:00Z,5370.23,7673.54,6327.48,5216.79,1107.79,1051.37,415.47
2020-08-30T00:00:00Z,5370.23,7673.54,6327.48,5216.79,1107.79,1051.37,415.47
2020-08-31T00:00:00Z,5284.42,7689.64,6447.23,5334.32,1142.48,1054.82,415.06
2020-09-01T00:00:00Z,5337.48,7719.91,6449.66,5353.48,1155.10,1050.10,416.72
2020-09-02T00:00:00Z,5365.65,7638.77,6428.46,5347.12,1144.70,1045.41,410.82
2020-09-03T00:00:00Z,5389.07,7607.85,6410.08,5336.95,1136.29,1043.41,409.27
2020-09-04T00:00:00Z,5395.71,7648.58,6428.88,5336.58,1136.66,1044.32,409.82
2020-09-05T00:00:00Z,5395.71,7648.58,6428.88,5336.58,1136.66,1044.32,409.82
2020-09-06T00:00:00Z,5395.71,7648.58,6428.88,5336.58,1136.66,1044.32,409.82
2020-09-07T00:00:00Z,5395.71,7636.95,6429.33,5342.78,1128.49,1041.19,409.83
2020-09-08T00:00:00Z,5426.00,7611.76,6428.09,5333.81,1117.08,1036.70,407.45
2020-09-09T00:00:00Z,5440.08,7604.01,6429.24,5333.27,1106.65,1036.99,404.51
2020-09-10T00:00:00Z,5429.63,7653.10,6434.22,5338.68,1109.21,1047.56,406.52
2020-09-11T00:00:00Z,5429.60,7675.01,6433.86,5339.55,1099.85,1046.93,405.76
2020-09-12T00:00:00Z,5429.60,7675.01,6433.86,5339.55,1099.85,1046.93,405.76
2020-09-13T00:00:00Z,5429.60,7675.01,6433.86,5339.55,1099.85,1046.93,405.76
2020-09-14T00:00:00Z,5414.52,7689.25,6445.80,5353.16,1104.50,1049.75,406.02
2020-09-15T00:00:00Z,5319.55,7699.61,6476.62,5391.06,1107.13,1051.16,406.74
2020-09-16T00:00:00Z,5371.61,7684.72,6498.82,5400.55,1113.11,1050.59,409.17
2020-09-17T00:00:00Z,5378.11,7638.10,6529.55,5392.52,1105.06,1045.29,408.28
2020-09-18T00:00:00Z,5379.72,7694.32,6543.64,5389.74,1111.01,1045.17,408.63
2020-09-19T00:00:00Z,5379.72,7694.32,6543.64,5389.74,1111.01,1045.17,408.63
2020-09-20T00:00:00Z,5379.72,7694.32,6543.64,5389.74,1111.01,1045.17,408.63
2020-09-21T00:00:00Z,5374.77,7664.40,6560.17,5379.13,1103.18,1042.56,406.97
2020-09-22T00:00:00Z,5391.68,7633.84,6529.76,5387.45,1097.17,1039.66,404.64
2020-09-23T00:00:00Z,5431.43,7602.63,6496.18,5373.32,1090.99,1033.01,403.12
2020-09-24T00:00:00Z,5442.76,7572.07,6479.56,5345.40,1094.43,1028.95,401.35
2020-09-25T00:00:00Z,5426.83,7602.60,6472.91,5345.46,1092.02,1025.50,402.00
2020-09-26T00:00:00Z,5426.83,7602.60,6472.91,5345.46,1092.02,1025.50,402.00
2020-09-27T00:00:00Z,5426.83,7602.60,6472.91,5345.46,1092.02,1025.50,402.00
2020-09-28T00:00:00Z,5425.32,7626.13,6478.16,5358.02,1105.51,1026.96,401.70
2020-09-29T00:00:00Z,5436.70,7647.04,6464.92,5354.73,1103.00,1031.78,401.90
2020-09-30T00:00:00Z,5273.60,7650.96,6527.82,5503.40,1116.75,1056.60,398.11
2020-10-01T00:00:00Z,5334.73,7679.71,6540.73,5518.20,1127.27,1062.24,401.15
2020-10-02T00:00:00Z,5359.64,7865.10,6559.17,5518.17,1125.78,1059.96,400.73
2020-10-03T00:00:00Z,5359.64,7865.10,6559.17,5518.17,1125.78,1059.96,400.73
2020-10-04T00:00:00Z,5359.64,7865.10,6559.17,5518.17,1125.78,1059.96,400.73
2020-10-05T00:00:00Z,5357.04,7890.58,6535.40,5503.44,1127.72,1064.28,401.74
2020-10-06T00:00:00Z,5374.00,7908.68,6533.04,5517.24,1127.23,1066.72,402.25
2020-10-07T00:00:00Z,5387.20,7891.92,6511.36,5517.73,1120.47,1063.87,396.57
2020-10-08T00:00:00Z,5380.93,7888.56,6510.68,5518.15,1124.65,1062.23,397.85
2020-10-09T00:00:00Z,5386.49,7932.96,6513.70,5591.50,1125.88,1067.51,399.91
2020-10-10T00:00:00Z,5386.49,7932.96,6513.70,5591.50,1125.88,1067.51,399.91
2020-10-11T00:00:00Z,5386.49,7932.96,6513.70,5591.50,1125.88,1067.51,399.91
2020-10-12T00:00:00Z,5386.49,7935.65,6544.19,5556.07,1133.34,1070.95,401.32
2020-10-13T00:00:00Z,5401.73,7927.58,6539.11,5563.71,1132.27,1070.66,402.02
2020-10-14T00:00:00Z,5503.49,7902.69,6554.42,5567.00,1131.17,1066.90,401.49
2020-10-15T00:00:00Z,5426.98,7867.72,6554.56,5566.01,1124.42,1066.25,399.17
2020-10-16T00:00:00Z,5420.03,7917.57,6555.23,5594.78,1123.84,1067.78,399.50
2020-10-17T00:00:00Z,5420.03,7917.57,6555.23,5594.78,1123.84,1067.78,399.50
2020-10-18T00:00:00Z,5420.03,7917.57,6555.23,5594.78,1123.84,1067.78,399.50
2020-10-19T00:00:00Z,5414.52,7947.24,6552.23,5606.62,1132.12,1071.48,400.32
2020-10-20T00:00:00Z,5432.90,7964.10,6530.35,5607.76,1125.32,1073.75,399.78
2020-10-21T00:00:00Z,5477.77,7992.43,6580.99,5630.49,1136.47,1078.48,402.88
2020-10-22T00:00:00Z,5490.65,7971.52,6592.96,5608.58,1139.54,1074.55,401.77
2020-10-23T00:00:00Z,5489.48,8040.53,6588.51,5612.61,1137.85,1078.84,402.86
2020-10-24T00:00:00Z,5489.48,8040.53,6588.51,5612.61,1137.85,1078.84,402.86
2020-10-25T00:00:00Z,5489.48,8040.53,6588.51,5612.61,1137.85,1078.84,402.86
2020-10-26T00:00:00Z,5487.05,8015.44,6569.54,5582.05,1133.30,1075.07,401.16
2020-10-27T00:00:00Z,5503.97,8024.26,6598.03,5587.97,1135.01,1074.95,401.37
2020-10-28T00:00:00Z,5493.26,7953.05,6613.23,5573.51,1125.63,1069.30,399.77
2020-10-29T00:00:00Z,5498.81,7937.45,6614.85,5584.82,1126.30,1068.10,396.95
2020-10-30T00:00:00Z,5547.51,7926.29,6596.87,5608.59,1128.50,1066.15,399.35
2020-10-31T00:00:00Z,5547.51,7926.29,6675.31,5564.96,1136.92,1063.17,399.35
2020-11-01T00:00:00Z,5547.51,7926.29,6675.31,5564.96,1136.92,1063.17,399.35
2020-11-02T00:00:00Z,5477.83,7895.12,6672.51,5557.02,1134.40,1059.29,400.09
2020-11-03T00:00:00Z,5527.81,7929.00,6666.69,5564.02,1139.40,1062.45,403.93
2020-11-04T00:00:00Z,5538.91,7941.87,6691.17,5584.48,1142.37,1067.56,400.22
2020-11-05T00:00:00Z,5540.76,8032.67,6737.37,5627.20,1149.09,1074.83,403.04
2020-11-06T00:00:00Z,5546.12,8067.93,6756.89,5624.48,1150.80,1080.42,402.33
2020-11-07T00:00:00Z,5546.12,8067.93,6756.89,5624.48,1150.80,1080.42,402.33
2020-11-08T00:00:00Z,5546.12,8067.93,6756.89,5624.48,1150.80,1080.42,402.33
2020-11-09T00:00:00Z,5543.95,8076.76,6655.23,5630.14,1154.69,1071.97,406.36
2020-11-10T00:00:00Z,5586.71,8025.79,6629.71,5620.96,1160.80,1061.37,403.66
2020-11-11T00:00:00Z,5604.65,7997.24,6621.57,5612.75,1159.90,1059.94,405.49
2020-11-12T00:00:00Z,5616.32,8014.23,6626.03,5613.01,1151.61,1061.01,404.27
2020-11-13T00:00:00Z,5626.72,8073.76,6659.35,5626.89,1155.01,1063.17,402.87
2020-11-14T00:00:00Z,5626.72,8073.76,6659.35,5626.89,1155.01,1063.17,402.87
2020-11-15T00:00:00Z,5626.72,8073.76,6659.35,5626.89,1155.01,1063.17,402.87
2020-11-16T00:00:00Z,5591.70,8084.01,6653.30,5643.14,1154.73,1063.15,404.74
2020-11-17T00:00:00Z,5612.98,8119.54,6702.52,5671.80,1162.83,1068.12,404.33
2020-11-18T00:00:00Z,5696.05,8109.98,6721.78,5670.36,1164.22,1067.25,410.67
2020-11-19T00:00:00Z,5708.88,8085.38,6712.27,5645.40,1160.62,1065.49,409.77
2020-11-20T00:00:00Z,5719.14,8147.29,6724.40,5660.99,1163.47,1066.90,411.29
2020-11-21T00:00:00Z,5719.14,8147.29,6724.40,5660.99,1163.47,1066.90,411.29
2020-11-22T00:00:00Z,5719.14,8147.29,6724.40,5660.99,1163.47,1066.90,411.29
2020-11-23T00:00:00Z,5718.55,8173.39,6730.09,5660.09,1173.82,1070.81,411.39
2020-11-24T00:00:00Z,5734.69,8148.66,6677.82,5644.84,1168.64,1064.91,410.83
2020-11-25T00:00:00Z,5732.44,8165.83,6684.89,5654.06,1169.57,1066.96,411.31
2020-11-26T00:00:00Z,5732.44,8172.70,6698.60,5654.11,1170.55,1070.03,411.81
2020-11-27T00:00:00Z,5718.75,8206.39,6700.72,5652.43,1168.61,1070.72,411.91
2020-11-28T00:00:00Z,5718.75,8206.39,6700.72,5652.43,1168.61,1070.72,411.91
2020-11-29T00:00:00Z,5718.75,8206.39,6700.72,5652.43,1168.61,1070.72,411.91
2020-11-30T00:00:00Z,5593.49,8246.32,6771.02,5807.55,1185.06,1079.85,413.40
2020-12-01T00:00:00Z,5656.57,8238.06,6757.19,5813.46,1184.49,1079.07,412.83
2020-12-02T00:00:00Z,5665.17,8305.51,6747.17,5819.33,1185.06,1089.61,414.71
2020-12-03T00:00:00Z,5680.35,8364.02,6775.36,5833.51,1195.15,1096.07,415.69
2020-12-04T00:00:00Z,5680.86,8417.82,6782.51,5848.09,1196.95,1097.71,417.53
2020-12-05T00:00:00Z,5680.86,8417.82,6782.51,5848.09,1196.95,1097.71,417.53
2020-12-06T00:00:00Z,5680.86,8417.82,6782.51,5848.09,1196.95,1097.71,417.53
2020-12-07T00:00:00Z,5679.91,8396.36,6772.71,5841.34,1181.68,1096.94,419.04
2020-12-08T00:00:00Z,5694.30,8386.67,6771.33,5848.98,1181.25,1097.80,419.34
2020-12-09T00:00:00Z,5740.29,8383.21,6775.51,5842.72,1195.76,1099.08,423.13
2020-12-10T00:00:00Z,5753.55,8387.36,6753.15,5839.20,1181.91,1100.34,423.78
2020-12-11T00:00:00Z,5751.13,8427.82,6773.23,5835.27,1167.77,1098.47,423.35
2020-12-12T00:00:00Z,5751.13,8427.82,6773.23,5835.27,1167.77,1098.47,423.35
2020-12-13T00:00:00Z,5751.13,8427.82,6773.23,5835.27,1167.77,1098.47,423.35
2020-12-14T00:00:00Z,5734.86,8452.14,6801.93,5837.25,1191.72,1102.66,424.87
2020-12-15T00:00:00Z,5622.04,8436.85,6791.24,5835.93,1188.32,1101.28,424.19
2020-12-16T00:00:00Z,5746.69,8470.91,6824.61,5846.91,1204.33,1104.09,427.05
2020-12-17T00:00:00Z,5759.58,8510.52,6844.57,5846.86,1208.62,1105.66,429.19
2020-12-18T00:00:00Z,5756.64,8592.21,6824.79,5842.85,1199.54,1104.39,427.11
2020-12-19T00:00:00Z,5756.64,8592.21,6824.79,5842.85,1199.54,1104.39,427.11
2020-12-20T00:00:00Z,5756.64,8592.21,6824.79,5842.85,1199.54,1104.39,427.11
2020-12-21T00:00:00Z,5752.87,8531.93,6811.86,5828.18,1180.95,1100.19,422.82
2020-12-22T00:00:00Z,5758.71,8578.19,6822.81,5839.87,1193.37,1103.40,423.30
2020-12-23T00:00:00Z,5819.87,8527.02,6810.65,5842.04,1192.12,1096.82,422.86
2020-12-24T00:00:00Z,5827.66,8545.95,6804.70,5849.49,1206.80,1097.83,424.20
2020-12-25T00:00:00Z,5827.66,8552.98,6804.70,5849.49,1206.80,1097.83,424.20
2020-12-26T00:00:00Z,5827.66,8552.98,6804.70,5849.49,1206.80,1097.83,424.20
2020-12-27T00:00:00Z,5827.66,8552.98,6804.70,5849.49,1206.80,1097.83,424.20
2020-12-28T00:00:00Z,5791.38,8571.21,6810.59,5841.27,1201.18,1099.87,424.54
2020-12-29T00:00:00Z,5797.16,8599.27,6795.83,5848.39,1199.07,1102.66,424.95
2020-12-30T00:00:00Z,5749.18,8614.71,6843.52,5854.21,1208.62,1105.15,428.92
2020-12-31T00:00:00Z,5625.13,8607.69,6815.86,5929.78,1227.31,1134.89,430.44
2021-01-01T00:00:00Z,5625.13,8564.33,6815.86,5929.78,1227.31,1134.89,430.44
2021-01-02T00:00:00Z,5625.13,8564.33,6815.86,5929.78,1227.31,1134.89,430.44
2021-01-03T00:00:00Z,5625.13,8564.33,6815.86,5929.78,1227.31,1134.89,430.44
2021-01-04T00:00:00Z,5799.99,8581.78,6822.74,5997.25,1226.31,1136.25,431.64
2021-01-05T00:00:00Z,5763.09,8564.33,6828.82,5997.81,1221.47,1134.78,429.94
2021-01-06T00:00:00Z,5727.41,8611.09,6823.95,6004.97,1224.05,1139.08,432.06
2021-01-07T00:00:00Z,5758.05,8567.82,6784.31,5994.44,1223.91,1132.10,430.96
2021-01-08T00:00:00Z,5741.87,8556.27,6763.03,5997.46,1222.15,1130.33,431.66
2021-01-09T00:00:00Z,5741.87,8556.27,6763.03,5997.46,1222.15,1130.33,431.66
2021-01-10T00:00:00Z,5741.87,8556.27,6763.03,5997.46,1222.15,1130.33,431.66
2021-01-11T00:00:00Z,5732.87,8495.51,6741.49,5983.42,1212.04,1121.16,428.37
2021-01-12T00:00:00Z,5742.25,8494.11,6741.44,5999.95,1222.61,1123.68,429.43
2021-01-13T00:00:00Z,5758.09,8497.60,6760.21,5991.74,1229.39,1124.14,434.27
2021-01-14T00:00:00Z,5758.99,8468.27,6749.15,5994.44,1225.70,1120.98,435.76
2021-01-15T00:00:00Z,5703.07,8505.07,6773.82,5987.07,1224.84,1124.53,434.82
2021-01-16T00:00:00Z,5703.07,8505.07,6773.82,5987.07,1224.84,1124.53,434.82
2021-01-17T00:00:00Z,5703.07,8505.07,6773.82,5987.07,1224.84,1124.53,434.82
2021-01-18T00:00:00Z,5703.07,8463.67,6771.01,5968.58,1217.85,1121.45,432.70
2021-01-19T00:00:00Z,5681.92,8511.38,6756.28,5983.05,1224.35,1125.47,434.44
2021-01-20T00:00:00Z,5774.81,8489.63,6767.99,5992.01,1228.62,1121.66,439.69
2021-01-21T00:00:00Z,5774.01,8529.62,6794.46,6000.30,1233.55,1127.47,442.74
2021-01-22T00:00:00Z,5778.78,8540.07,6769.15,5979.75,1227.73,1127.47,439.50
2021-01-23T00:00:00Z,5778.78,8540.07,6769.15,5979.75,1227.73,1127.47,439.50
2021-01-24T00:00:00Z,5778.78,8540.07,6769.15,5979.75,1227.73,1127.47,439.50
2021-01-25T00:00:00Z,5771.35,8535.86,6772.79,5985.15,1230.51,1127.01,439.25
2021-01-26T00:00:00Z,5781.53,8529.53,6774.76,5994.05,1231.01,1124.40,439.36
2021-01-27T00:00:00Z,5790.40,8509.16,6761.80,5989.34,1232.28,1124.85,440.31
2021-01-28T00:00:00Z,5808.30,8493.01,6731.32,5992.11,1227.05,1120.21,436.34
2021-01-29T00:00:00Z,5786.47,8535.56,6711.17,6028.20,1234.69,1122.82,439.20
2021-01-30T00:00:00Z,5786.47,8535.56,6711.17,6028.20,1234.69,1122.82,439.20
2021-01-31T00:00:00Z,5786.47,8535.56,6777.18,6050.84,1250.48,1121.42,439.20
2021-02-01T00:00:00Z,5740.32,8498.99,6763.05,6017.51,1247.71,1114.76,438.62
2021-02-02T00:00:00Z,5750.00,8470.85,6757.19,6027.44,1245.34,1111.89,438.64
2021-02-03T00:00:00Z,5780.69,8451.86,6753.25,6024.24,1241.56,1109.81,438.09
2021-02-04T00:00:00Z,5789.14,8437.09,6741.99,6019.99,1245.78,1106.44,437.75
2021-02-05T00:00:00Z,5796.63,8453.37,6709.17,6014.01,1246.64,1104.52,437.68
2021-02-06T00:00:00Z,5796.63,8453.37,6709.17,6014.01,1246.64,1104.52,437.68
2021-02-07T00:00:00Z,5796.63,8453.37,6709.17,6014.01,1246.64,1104.52,437.68
2021-02-08T00:00:00Z,5791.24,8483.00,6719.43,6028.64,1246.80,1106.66,438.67
2021-02-09T00:00:00Z,5807.19,8538.73,6784.41,6046.74,1255.07,1116.50,440.09
2021-02-10T00:00:00Z,5865.48,8554.96,6772.69,6031.82,1260.01,1119.86,444.49
2021-02-11T00:00:00Z,5877.26,8569.07,6779.59,6025.37,1260.57,1122.02,445.52
2021-02-12T00:00:00Z,5882.16,8571.42,6756.23,6024.53,1256.55,1118.32,443.11
2021-02-13T00:00:00Z,5882.16,8571.42,6756.23,6024.53,1256.55,1118.32,443.11
2021-02-14T00:00:00Z,5882.16,8571.42,6756.23,6024.53,1256.55,1118.32,443.11
2021-02-15T00:00:00Z,5882.16,8586.28,6737.74,6025.35,1266.35,1120.36,445.96
2021-02-16T00:00:00Z,5846.94,8596.19,6722.36,6025.38,1266.25,1121.86,445.92
2021-02-17T00:00:00Z,5988.46,8537.44,6687.89,6025.38,1262.99,1113.57,447.88
2021-02-18T00:00:00Z,5989.70,8554.43,6714.32,6015.28,1271.64,1113.42,448.69
2021-02-19T00:00:00Z,6000.15,8620.10,6738.55,6031.39,1277.90,1116.22,450.73
2021-02-20T00:00:00Z,6000.15,8620.10,6738.55,6031.39,1277.90,1116.22,450.73
2021-02-21T00:00:00Z,6000.15,8620.10,6738.55,6031.39,1277.90,1116.22,450.73
2021-02-22T00:00:00Z,6006.18,8615.84,6725.22,6018.50,1276.95,1111.88,449.89
2021-02-23T00:00:00Z,6076.36,8622.94,6731.82,6018.93,1281.29,1106.90,450.52
2021-02-24T00:00:00Z,6150.46,8625.07,6696.33,6031.48,1285.74,1098.84,455.97
2021-02-25T00:00:00Z,6200.17,8681.17,6685.85,6029.47,1288.45,1101.29,459.20
2021-02-26T00:00:00Z,6164.45,8618.62,6675.29,6017.30,1268.02,1100.87,453.10
2021-02-27T00:00:00Z,6164.45,8618.62,6675.29,6017.30,1268.02,1100.87,453.10
2021-02-28T00:00:00Z,6164.45,8618.62,6704.53,5923.93,1284.66,1116.74,453.10
2021-03-01T00:00:00Z,6089.42,8570.27,6677.29,5922.05,1284.76,1107.65,452.24
2021-03-02T00:00:00Z,6127.55,8552.49,6666.03,5919.64,1283.95,1101.75,452.75
2021-03-03T00:00:00Z,6136.78,8566.71,6665.19,5925.14,1287.30,1102.19,452.25
2021-03-04T00:00:00Z,6173.17,8556.76,6635.81,5922.13,1287.01,1095.95,452.35
2021-03-05T00:00:00Z,6188.26,8500.25,6579.31,5901.96,1276.30,1091.93,450.31
2021-03-06T00:00:00Z,6188.26,8500.25,6579.31,5901.96,1276.30,1091.93,450.31
2021-03-07T00:00:00Z,6188.26,8500.25,6579.31,5901.96,1276.30,1091.93,450.31
2021-03-08T00:00:00Z,6183.55,8448.99,6559.92,5869.62,1277.07,1083.28,451.31
2021-03-09T00:00:00Z,6208.35,8468.93,6544.93,5881.04,1280.44,1087.41,453.73
2021-03-10T00:00:00Z,6269.53,8467.50,6563.09,5883.47,1280.96,1087.42,454.90
2021-03-11T00:00:00Z,6300.64,8522.33,6569.97,5907.75,1289.03,1094.76,457.54
2021-03-12T00:00:00Z,6303.12,8517.16,6534.10,5888.31,1282.68,1088.71,458.48
2021-03-13T00:00:00Z,6303.12,8517.16,6534.10,5888.31,1282.68,1088.71,458.48
2021-03-14T00:00:00Z,6303.12,8517.16,6534.10,5888.31,1282.68,1088.71,458.48
2021-03-15T00:00:00Z,6200.75,8507.88,6525.48,5891.61,1283.75,1088.51,461.09
2021-03-16T00:00:00Z,6217.92,8512.16,6543.34,5893.74,1280.29,1094.09,461.54
2021-03-17T00:00:00Z,6604.01,8498.60,6525.88,5890.74,1282.38,1090.96,458.72
2021-03-18T00:00:00Z,6603.65,8502.17,6525.61,5887.73,1284.31,1089.25,459.78
2021-03-19T00:00:00Z,6615.68,8516.61,6541.26,5884.49,1279.24,1087.63,457.33
2021-03-20T00:00:00Z,6615.68,8516.61,6541.26,5884.49,1279.24,1087.63,457.33
2021-03-21T00:00:00Z,6615.68,8516.61,6541.26,5884.49,1279.24,1087.63,457.33
2021-03-22T00:00:00Z,6616.49,8541.68,6548.89,5888.96,1276.01,1095.08,457.88
2021-03-23T00:00:00Z,6572.72,8510.88,6564.73,5884.03,1271.93,1086.90,455.16
2021-03-24T00:00:00Z,6665.81,8469.34,6552.50,5873.07,1264.95,1081.39,451.67
2021-03-25T00:00:00Z,6715.49,8452.86,6532.14,5855.05,1265.16,1081.54,451.85
2021-03-26T00:00:00Z,6694.31,8842.42,6491.32,5857.03,1271.37,1075.33,452.15
2021-03-27T00:00:00Z,6694.31,8842.42,6491.32,5857.03,1271.37,1075.33,452.15
2021-03-28T00:00:00Z,6694.31,8842.42,6491.32,5857.03,1271.37,1075.33,452.15
2021-03-29T00:00:00Z,6660.26,8843.92,6499.96,5837.50,1277.30,1076.96,451.65
2021-03-30T00:00:00Z,6611.38,8811.65,6461.74,5829.77,1268.80,1074.78,450.58
2021-03-31T00:00:00Z,6432.73,8799.64,6449.22,5842.85,1279.07,1091.51,438.15
2021-04-01T00:00:00Z,6633.60,8815.40,6454.80,5824.28,1281.57,1090.61,438.79
2021-04-02T00:00:00Z,6659.61,8802.58,6454.80,5824.28,1281.57,1090.61,438.79
2021-04-03T00:00:00Z,6659.61,8802.58,6454.80,5824.28,1281.57,1090.61,438.79
2021-04-04T00:00:00Z,6659.61,8802.58,6454.80,5824.28,1281.57,1090.61,438.79
2021-04-05T00:00:00Z,6669.38,8802.58,6454.80,5824.28,1281.57,1090.61,438.79
2021-04-06T00:00:00Z,6675.67,8852.04,6479.11,5842.24,1286.31,1099.61,439.68
2021-04-07T00:00:00Z,6718.88,8906.00,6504.13,5849.81,1283.52,1108.92,416.60
2021-04-08T00:00:00Z,6756.36,8897.76,6540.69,5845.30,1278.99,1110.20,417.19
2021-04-09T00:00:00Z,6753.69,8932.96,6513.30,5838.79,1275.16,1112.71,417.63
2021-04-10T00:00:00Z,6753.69,8932.96,6513.30,5838.79,1275.16,1112.71,417.63
2021-04-11T00:00:00Z,6753.69,8932.96,6513.30,5838.79,1275.16,1112.71,417.63
2021-04-12T00:00:00Z,6746.14,8944.98,6533.09,5848.68,1278.95,1115.43,418.72
2021-04-13T00:00:00Z,6746.56,8938.97,6527.19,5844.89,1275.43,1114.37,416.35
2021-04-14T00:00:00Z,6820.56,8990.07,6559.47,5860.18,1279.48,1117.49,398.69
2021-04-15T00:00:00Z,6754.15,8994.58,6572.34,5864.39,1282.55,1116.74,400.78
2021-04-16T00:00:00Z,6737.68,9016.11,6569.51,5870.13,1283.68,1121.78,400.49
2021-04-17T00:00:00Z,6737.68,9016.11,6569.51,5870.13,1283.68,1121.78,400.49
2021-04-18T00:00:00Z,6737.68,9016.11,6569.51,5870.13,1283.68,1121.78,400.49
2021-04-19T00:00:00Z,6706.58,9052.97,6610.57,5881.63,1295.46,1127.70,400.74
2021-04-20T00:00:00Z,6706.98,9065.00,6591.49,5890.96,1298.09,1126.03,399.91
2021-04-21T00:00:00Z,6736.18,9031.90,6609.92,5891.42,1294.02,1122.22,388.62
2021-04-22T00:00:00Z,6741.71,9061.24,6605.95,5897.70,1289.18,1124.95,391.70
2021-04-23T00:00:00Z,6772.53,9119.82,6633.21,5897.01,1290.58,1126.51,392.48
2021-04-24T00:00:00Z,6772.53,9119.82,6633.21,5897.01,1290.58,1126.51,392.48
2021-04-25T00:00:00Z,6772.53,9119.82,6633.21,5897.01,1290.58,1126.51,392.48
2021-04-26T00:00:00Z,6737.83,9134.18,6615.15,5901.85,1291.57,1125.33,393.93
2021-04-27T00:00:00Z,6719.91,9136.45,6599.60,5903.76,1293.08,1128.56,395.21
2021-04-28T00:00:00Z,6681.94,9122.84,6560.20,5902.88,1289.77,1126.27,389.76
2021-04-29T00:00:00Z,6704.48,9167.44,6555.87,5916.99,1297.24,1134.24,393.05
2021-04-30T00:00:00Z,6627.01,9143.59,6611.33,5911.81,1324.36,1110.82,393.33
2021-05-01T00:00:00Z,6627.01,9143.59,6611.33,5911.81,1324.36,1110.82,393.33
2021-05-02T00:00:00Z,6627.01,9143.59,6611.33,5911.81,1324.36,1110.82,393.33
2021-05-03T00:00:00Z,6682.58,9114.83,6576.55,5905.84,1320.58,1105.51,392.80
2021-05-04T00:00:00Z,6687.30,9097.43,6596.00,5881.81,1319.09,1107.02,391.29
2021-05-05T00:00:00Z,6701.55,9085.32,6590.23,5911.82,1324.91,1107.06,385.68
2021-05-06T00:00:00Z,6746.29,9126.94,6595.79,5907.10,1324.31,1113.35,386.58
2021-05-07T00:00:00Z,6741.69,9151.30,6591.74,5925.20,1322.65,1112.24,388.52
2021-05-08T00:00:00Z,6741.69,9151.30,6591.74,5925.20,1322.65,1112.24,388.52
2021-05-09T00:00:00Z,6741.69,9151.30,6591.74,5925.20,1322.65,1112.24,388.52
2021-05-10T00:00:00Z,6723.60,9234.77,6624.21,5961.17,1344.24,1124.85,390.63
2021-05-11T00:00:00Z,6742.95,9235.53,6634.29,5951.60,1347.19,1121.15,391.03
2021-05-12T00:00:00Z,6757.15,9196.07,6620.97,5935.73,1344.80,1117.38,395.41
2021-05-13T00:00:00Z,6758.59,9167.99,6573.33,5923.83,1336.56,1114.58,393.61
2021-05-14T00:00:00Z,6746.40,9232.51,6590.21,5940.24,1340.90,1119.27,394.04
2021-05-15T00:00:00Z,6746.40,9232.51,6590.21,5940.24,1340.90,1119.27,394.04
2021-05-16T00:00:00Z,6746.40,9232.51,6590.21,5940.24,1340.90,1119.27,394.04
2021-05-17T00:00:00Z,6681.80,9247.74,6595.61,5934.67,1341.05,1121.32,394.16
2021-05-18T00:00:00Z,6691.18,9307.90,6614.07,5952.36,1353.18,1127.28,397.45
2021-05-19T00:00:00Z,6768.05,9300.29,6598.25,5940.45,1348.39,1121.75,397.19
2021-05-20T00:00:00Z,6738.79,9293.43,6610.75,5938.41,1344.79,1122.66,396.06
2021-05-21T00:00:00Z,6736.91,9315.50,6619.55,5943.98,1351.43,1125.37,398.22
2021-05-22T00:00:00Z,6736.91,9315.50,6619.55,5943.98,1351.43,1125.37,398.22
2021-05-23T00:00:00Z,6736.91,9315.50,6619.55,5943.98,1351.43,1125.37,398.22
2021-05-24T00:00:00Z,6703.42,9333.84,6614.63,5948.55,1345.66,1126.97,397.62
2021-05-25T00:00:00Z,6689.81,9373.58,6616.92,5968.33,1348.81,1129.71,398.58
2021-05-26T00:00:00Z,6674.35,9346.83,6614.38,5982.59,1348.75,1128.44,396.12
2021-05-27T00:00:00Z,6672.24,9323.14,6584.76,5993.58,1349.43,1124.65,396.14
2021-05-28T00:00:00Z,6647.34,9297.89,6543.25,5995.81,1347.98,1120.20,395.26
2021-05-29T00:00:00Z,6647.34,9297.89,6543.25,5995.81,1347.98,1120.20,395.26
2021-05-30T00:00:00Z,6647.34,9297.89,6543.25,5995.81,1347.98,1120.20,395.26
2021-05-31T00:00:00Z,6647.34,9343.07,6608.37,6073.92,1370.11,1124.49,396.75
2021-06-01T00:00:00Z,6637.77,9361.45,6608.53,6060.84,1368.48,1126.30,398.04
2021-06-02T00:00:00Z,6684.84,9331.59,6603.70,6059.44,1366.65,1123.11,390.67
2021-06-03T00:00:00Z,6706.45,9332.35,6599.80,6052.31,1369.46,1125.36,390.57
2021-06-04T00:00:00Z,6711.74,9306.02,6582.56,6036.37,1365.81,1119.91,389.12
2021-06-05T00:00:00Z,6711.74,9306.02,6582.56,6036.37,1365.81,1119.91,389.12
2021-06-06T00:00:00Z,6711.74,9306.02,6582.56,6036.37,1365.81,1119.91,389.12
2021-06-07T00:00:00Z,6712.02,9340.58,6627.37,6048.82,1368.72,1125.82,390.54
2021-06-08T00:00:00Z,6709.76,9355.94,6623.33,6047.65,1366.60,1129.74,390.52
2021-06-09T00:00:00Z,6775.87,9365.93,6625.43,6058.69,1368.80,1131.05,394.22
2021-06-10T00:00:00Z,6784.33,9349.80,6615.51,6052.22,1362.64,1129.51,393.27
2021-06-11T00:00:00Z,6807.47,9337.39,6612.18,6051.89,1366.39,1127.66,393.07
2021-06-12T00:00:00Z,6807.47,9337.39,6612.18,6051.89,1366.39,1127.66,393.07
2021-06-13T00:00:00Z,6807.47,9337.39,6612.18,6051.89,1366.39,1127.66,393.07
2021-06-14T00:00:00Z,6746.26,9327.37,6601.62,6046.81,1361.94,1125.83,391.32
2021-06-15T00:00:00Z,6677.05,9324.29,6583.10,6044.73,1357.51,1124.42,390.64
2021-06-16T00:00:00Z,6778.20,9336.62,6596.25,6046.48,1364.37,1126.22,392.63
2021-06-17T00:00:00Z,6580.21,9192.61,6548.59,6007.81,1348.12,1105.90,387.79
2021-06-18T00:00:00Z,6586.98,9204.93,6575.49,6008.35,1339.64,1100.68,386.44
2021-06-19T00:00:00Z,6586.98,9204.93,6575.49,6008.35,1339.64,1100.68,386.44
2021-06-20T00:00:00Z,6586.98,9204.93,6575.49,6008.35,1339.64,1100.68,386.44
2021-06-21T00:00:00Z,6553.15,9199.51,6582.16,5981.63,1340.65,1098.72,385.24
2021-06-22T00:00:00Z,6528.40,9201.84,6554.28,5975.52,1342.71,1100.11,386.18
2021-06-23T00:00:00Z,6554.42,9245.93,6538.95,5974.76,1351.12,1103.36,388.31
2021-06-24T00:00:00Z,6564.95,9234.33,6542.60,5982.72,1342.38,1101.58,387.53
2021-06-25T00:00:00Z,6597.89,9413.17,6546.80,5993.93,1342.91,1103.97,387.51
2021-06-26T00:00:00Z,6597.89,9413.17,6546.80,5993.93,1342.91,1103.97,387.51
2021-06-27T00:00:00Z,6597.89,9413.17,6546.80,5993.93,1342.91,1103.97,387.51
2021-06-28T00:00:00Z,6564.01,9381.66,6531.80,5990.72,1342.16,1098.98,386.45
2021-06-29T00:00:00Z,6549.43,9364.33,6548.98,5988.06,1335.97,1097.35,385.24
2021-06-30T00:00:00Z,6234.68,9361.18,6482.27,6037.82,1356.58,1127.16,388.48
2021-07-01T00:00:00Z,6551.86,9361.18,6433.81,6029.96,1352.98,1126.65,389.11
2021-07-02T00:00:00Z,6589.36,9349.40,6433.82,6018.43,1346.51,1124.96,387.67
2021-07-03T00:00:00Z,6589.36,9349.40,6433.82,6018.43,1346.51,1124.96,387.67
2021-07-04T00:00:00Z,6589.36,9349.40,6433.82,6018.43,1346.51,1124.96,387.67
2021-07-05T00:00:00Z,6589.36,9383.40,6465.07,6033.78,1356.74,1130.09,389.29
2021-07-06T00:00:00Z,6572.07,9361.26,6478.87,6029.92,1356.94,1127.94,389.14
2021-07-07T00:00:00Z,6587.15,9355.73,6481.47,6031.64,1355.34,1128.61,389.47
2021-07-08T00:00:00Z,6577.04,9361.26,6532.73,6007.40,1346.18,1136.15,384.86
2021-07-09T00:00:00Z,6599.09,9399.30,6516.18,6017.39,1354.35,1137.96,387.49
2021-07-10T00:00:00Z,6599.09,9399.30,6516.18,6017.39,1354.35,1137.96,387.49
2021-07-11T00:00:00Z,6599.09,9399.30,6516.18,6017.39,1354.35,1137.96,387.49
2021-07-12T00:00:00Z,6602.83,9394.55,6508.39,6020.85,1356.64,1137.39,387.40
2021-07-13T00:00:00Z,6622.71,9388.21,6504.00,6028.81,1356.55,1136.10,387.95
2021-07-14T00:00:00Z,6684.13,9362.84,6498.87,6038.53,1358.60,1134.80,390.76
2021-07-15T00:00:00Z,6735.28,9360.46,6515.72,6034.15,1357.78,1135.77,388.66
2021-07-16T00:00:00Z,6686.50,9383.37,6506.85,6025.13,1355.22,1132.48,387.17
2021-07-17T00:00:00Z,6686.50,9383.37,6506.85,6025.13,1355.22,1132.48,387.17
2021-07-18T00:00:00Z,6686.50,9383.37,6506.85,6025.13,1355.22,1132.48,387.17
2021-07-19T00:00:00Z,6641.14,9354.74,6540.83,6009.03,1341.42,1130.38,381.57
2021-07-20T00:00:00Z,6706.02,9361.90,6542.28,6016.70,1332.64,1131.46,381.99
2021-07-21T00:00:00Z,6738.03,9359.51,6510.34,6023.38,1335.11,1130.13,385.60
2021-07-22T00:00:00Z,6752.29,9361.90,6501.97,6028.71,1347.94,1132.40,389.69
2021-07-23T00:00:00Z,6775.20,9399.53,6483.57,6019.00,1347.33,1130.69,389.19
2021-07-24T00:00:00Z,6775.20,9399.53,6483.57,6019.00,1347.33,1130.69,389.19
2021-07-25T00:00:00Z,6775.20,9399.53,6483.57,6019.00,1347.33,1130.69,389.19
2021-07-26T00:00:00Z,6757.96,9415.51,6497.58,6013.29,1350.81,1133.87,389.43
2021-07-27T00:00:00Z,6748.31,9433.88,6513.77,5995.77,1352.89,1138.18,389.27
2021-07-28T00:00:00Z,6719.32,9431.48,6512.61,6000.26,1359.03,1138.31,390.51
2021-07-29T00:00:00Z,6733.01,9484.21,6526.92,6036.24,1366.87,1146.16,393.54
2021-07-30T00:00:00Z,6722.68,9497.77,6537.82,6033.82,1367.98,1149.71,394.59
2021-07-31T00:00:00Z,6722.68,9497.77,6592.92,5888.42,1374.01,1130.29,394.59
2021-08-01T00:00:00Z,6722.68,9497.77,6592.92,5888.42,1374.01,1130.29,394.59
2021-08-02T00:00:00Z,6744.59,9493.78,6601.29,5888.32,1366.56,1130.86,393.76
2021-08-03T00:00:00Z,6804.18,9492.98,6624.65,5886.98,1369.86,1133.51,392.19
2021-08-04T00:00:00Z,6797.45,9473.81,6631.22,5888.89,1370.34,1131.85,387.82
2021-08-05T00:00:00Z,6824.14,9465.03,6600.57,5889.81,1370.56,1130.38,389.11
2021-08-06T00:00:00Z,6840.38,9457.02,6584.22,5881.96,1369.13,1127.22,389.12
2021-08-07T00:00:00Z,6840.38,9457.02,6584.22,5881.96,1369.13,1127.22,389.12
2021-08-08T00:00:00Z,6840.38,9457.02,6584.22,5881.96,1369.13,1127.22,389.12
2021-08-09T00:00:00Z,6809.10,9420.18,6565.66,5873.58,1365.33,1116.38,388.02
2021-08-10T00:00:00Z,6820.22,9388.94,6544.90,5870.67,1363.65,1109.90,387.21
2021-08-11T00:00:00Z,6866.95,9385.74,6532.58,5867.04,1361.09,1109.00,390.05
2021-08-12T00:00:00Z,6818.24,9402.56,6547.82,5874.47,1362.80,1110.38,390.30
2021-08-13T00:00:00Z,6871.03,9454.37,6560.80,5871.95,1360.20,1112.32,390.36
2021-08-14T00:00:00Z,6871.03,9454.37,6560.80,5871.95,1360.20,1112.32,390.36
2021-08-15T00:00:00Z,6871.03,9454.37,6560.80,5871.95,1360.20,1112.32,390.36
2021-08-16T00:00:00Z,6858.73,9460.00,6610.08,5874.99,1364.54,1120.33,389.06
2021-08-17T00:00:00Z,6864.85,9455.98,6616.53,5872.41,1356.77,1124.56,387.43
2021-08-18T00:00:00Z,6913.29,9420.62,6586.66,5871.09,1353.92,1118.99,388.48
2021-08-19T00:00:00Z,6911.52,9398.92,6595.07,5863.36,1345.43,1116.73,384.31
2021-08-20T00:00:00Z,6920.87,9398.39,6593.32,5854.45,1339.00,1115.59,379.67
2021-08-21T00:00:00Z,6920.87,9398.39,6593.32,5854.45,1339.00,1115.59,379.67
2021-08-22T00:00:00Z,6920.87,9398.39,6593.32,5854.45,1339.00,1115.59,379.67
2021-08-23T00:00:00Z,6889.80,9436.24,6565.99,5867.51,1346.20,1116.64,385.24
2021-08-24T00:00:00Z,6928.75,9453.96,6592.63,5874.50,1349.62,1122.19,388.28
2021-08-25T00:00:00Z,6927.45,9450.74,6577.10,5873.35,1348.97,1118.88,389.40
2021-08-26T00:00:00Z,7001.65,9475.70,6563.94,5869.26,1350.52,1116.64,390.14
2021-08-27T00:00:00Z,6949.92,9633.80,6561.10,5873.19,1350.06,1115.34,387.96
2021-08-28T00:00:00Z,6949.92,9633.80,6561.10,5873.19,1350.06,1115.34,387.96
2021-08-29T00:00:00Z,6949.92,9633.80,6561.10,5873.19,1350.06,1115.34,387.96
2021-08-30T00:00:00Z,6929.14,9666.57,6579.86,5881.44,1353.94,1118.93,390.51
2021-08-31T00:00:00Z,6787.14,9693.60,6617.84,5873.09,1367.14,1142.10,390.84
2021-09-01T00:00:00Z,6968.12,9679.67,6588.06,5868.03,1365.37,1135.63,387.99
2021-09-02T00:00:00Z,6990.02,9703.43,6606.25,5876.12,1367.89,1138.10,387.25
2021-09-03T00:00:00Z,7011.98,9743.98,6609.09,5885.02,1372.09,1139.02,389.80
2021-09-04T00:00:00Z,7011.98,9743.98,6609.09,5885.02,1372.09,1139.02,389.80
2021-09-05T00:00:00Z,7011.98,9743.98,6609.09,5885.02,1372.09,1139.02,389.80
2021-09-06T00:00:00Z,7011.98,9737.42,6614.77,5876.75,1373.25,1137.62,389.43
2021-09-07T00:00:00Z,7037.57,9734.14,6603.93,5870.25,1366.33,1138.92,387.92
2021-09-08T00:00:00Z,7041.38,9707.05,6595.66,5876.45,1366.37,1132.10,386.11
2021-09-09T00:00:00Z,7042.44,9716.08,6612.45,5879.92,1372.72,1135.97,385.96
2021-09-10T00:00:00Z,7049.96,9736.54,6617.68,5894.83,1377.82,1136.99,388.20
2021-09-11T00:00:00Z,7049.96,9736.54,6617.68,5894.83,1377.82,1136.99,388.20
2021-09-12T00:00:00Z,7049.96,9736.54,6617.68,5894.83,1377.82,1136.99,388.20
2021-09-13T00:00:00Z,7045.13,9686.38,6604.42,5877.49,1372.98,1129.15,385.89
2021-09-14T00:00:00Z,6976.81,9714.34,6600.06,5886.02,1374.68,1130.96,386.49
2021-09-15T00:00:00Z,7022.76,9722.56,6655.27,5898.67,1371.82,1136.30,386.88
2021-09-16T00:00:00Z,6983.31,9672.40,6643.58,5885.26,1372.53,1126.18,388.54
2021-09-17T00:00:00Z,6915.46,9712.11,6604.93,5878.65,1369.07,1123.16,387.79
2021-09-18T00:00:00Z,6915.46,9712.11,6604.93,5878.65,1369.07,1123.16,387.79
2021-09-19T00:00:00Z,6915.46,9712.11,6604.93,5878.65,1369.07,1123.16,387.79
2021-09-20T00:00:00Z,6899.60,9655.22,6639.49,5868.76,1355.62,1121.51,381.86
2021-09-21T00:00:00Z,6912.66,9677.48,6646.50,5865.33,1356.37,1128.03,384.30
2021-09-22T00:00:00Z,6933.86,9670.06,6633.14,5868.17,1353.05,1129.77,385.89
2021-09-23T00:00:00Z,6963.42,9658.52,6605.69,5877.21,1359.41,1127.28,389.24
2021-09-24T00:00:00Z,6960.63,9695.37,6576.81,5866.80,1356.58,1127.77,388.20
2021-09-25T00:00:00Z,6960.63,9695.37,6576.81,5866.80,1356.58,1127.77,388.20
2021-09-26T00:00:00Z,6960.63,9695.37,6576.81,5866.80,1356.58,1127.77,388.20
2021-09-27T00:00:00Z,6975.76,9678.00,6552.38,5871.32,1358.63,1123.67,389.67
2021-09-28T00:00:00Z,6951.72,9661.45,6519.57,5874.96,1347.95,1122.78,389.96
2021-09-29T00:00:00Z,6858.40,9641.60,6520.19,5869.57,1337.50,1121.62,391.26
2021-09-30T00:00:00Z,6627.94,9579.55,6465.54,6063.92,1355.83,1122.64,389.88
2021-10-01T00:00:00Z,6846.83,9615.41,6512.42,6080.28,1364.63,1128.74,391.97
2021-10-02T00:00:00Z,6846.83,9615.41,6512.42,6080.28,1364.63,1128.74,391.97
2021-10-03T00:00:00Z,6846.83,9615.41,6512.42,6080.28,1364.63,1128.74,391.97
2021-10-04T00:00:00Z,6833.65,9645.25,6520.50,6080.29,1370.84,1134.66,393.99
2021-10-05T00:00:00Z,6801.64,9617.07,6512.54,6079.38,1372.56,1133.03,394.34
2021-10-06T00:00:00Z,6797.70,9567.33,6502.55,6080.29,1368.72,1131.06,394.67
2021-10-07T00:00:00Z,6873.01,9583.91,6500.67,6080.28,1370.24,1133.34,396.17
2021-10-08T00:00:00Z,6876.91,9618.80,6477.44,6079.48,1373.22,1131.70,397.67
2021-10-09T00:00:00Z,6876.91,9618.80,6477.44,6079.48,1373.22,1131.70,397.67
2021-10-10T00:00:00Z,6876.91,9618.80,6477.44,6079.48,1373.22,1131.70,397.67
2021-10-11T00:00:00Z,6876.91,9622.95,6411.82,6077.79,1374.01,1133.46,399.71
2021-10-12T00:00:00Z,6881.82,9607.16,6383.71,6077.74,1373.74,1130.86,400.06
2021-10-13T00:00:00Z,6901.08,9612.98,6375.90,6084.69,1372.26,1132.28,401.92
2021-10-14T00:00:00Z,6820.12,9646.23,6380.95,6089.31,1381.56,1140.03,404.01
2021-10-15T00:00:00Z,6803.48,9672.25,6332.85,6090.94,1385.66,1135.46,404.54
2021-10-16T00:00:00Z,6803.48,9672.25,6332.85,6090.94,1385.66,1135.46,404.54
2021-10-17T00:00:00Z,6803.48,9672.25,6332.85,6090.94,1385.66,1135.46,404.54
2021-10-18T00:00:00Z,6788.67,9673.92,6343.02,6095.75,1384.75,1137.46,403.43
2021-10-19T00:00:00Z,6795.04,9716.44,6339.31,6135.12,1393.52,1142.03,405.06
2021-10-20T00:00:00Z,6855.82,9689.76,6338.10,6131.61,1385.95,1136.45,406.96
2021-10-21T00:00:00Z,6891.18,9701.43,6342.39,6125.72,1391.12,1143.04,407.16
2021-10-22T00:00:00Z,6946.76,9732.31,6358.68,6132.42,1388.97,1144.71,407.43
2021-10-23T00:00:00Z,6946.76,9732.31,6358.68,6132.42,1388.97,1144.71,407.43
2021-10-24T00:00:00Z,6946.76,9732.31,6358.68,6132.42,1388.97,1144.71,407.43
2021-10-25T00:00:00Z,6936.59,9709.71,6370.37,6134.27,1385.58,1142.26,406.31
2021-10-26T00:00:00Z,6926.58,9722.27,6350.20,6143.69,1390.70,1141.81,406.44
2021-10-27T00:00:00Z,6907.65,9721.43,6372.26,6131.91,1384.79,1143.21,408.09
2021-10-28T00:00:00Z,6956.34,9701.34,6373.58,6126.75,1384.50,1142.35,409.77
2021-10-29T00:00:00Z,6838.73,9742.29,6357.75,6127.88,1388.78,1152.34,409.95
2021-10-30T00:00:00Z,6838.73,9742.29,6357.75,6127.88,1388.78,1152.34,409.95
2021-10-31T00:00:00Z,6838.73,9742.29,6367.68,6173.93,1479.07,1135.73,409.95
2021-11-01T00:00:00Z,6982.42,9686.24,6351.64,6172.46,1469.08,1134.44,409.24
2021-11-02T00:00:00Z,7011.11,9707.15,6373.07,6172.29,1465.67,1133.45,408.30
2021-11-03T00:00:00Z,7015.73,9686.24,6365.61,6172.05,1464.79,1133.79,400.02
2021-11-04T00:00:00Z,7011.17,9678.71,6366.93,6175.50,1454.61,1134.42,400.29
2021-11-05T00:00:00Z,7005.65,9656.00,6377.65,6167.74,1445.02,1128.98,399.23
2021-11-06T00:00:00Z,7005.65,9656.00,6377.65,6167.74,1445.02,1128.98,399.23
2021-11-07T00:00:00Z,7005.65,9656.00,6377.65,6167.74,1445.02,1128.98,399.23
2021-11-08T00:00:00Z,7005.33,9706.30,6395.73,6175.42,1453.69,1131.43,399.36
2021-11-09T00:00:00Z,6982.51,9704.62,6413.68,6179.27,1455.10,1131.13,399.68
2021-11-10T00:00:00Z,6999.33,9688.69,6403.15,6179.40,1449.86,1133.23,398.83
2021-11-11T00:00:00Z,6999.33,9606.54,6363.93,6174.99,1437.74,1122.98,394.13
2021-11-12T00:00:00Z,7030.31,9632.80,6361.65,6189.22,1436.79,1121.06,393.80
2021-11-13T00:00:00Z,7030.31,9632.80,6361.65,6189.22,1436.79,1121.06,393.80
2021-11-14T00:00:00Z,7030.31,9632.80,6361.65,6189.22,1436.79,1121.06,393.80
2021-11-15T00:00:00Z,7056.30,9629.43,6368.22,6188.16,1442.02,1124.40,395.91
2021-11-16T00:00:00Z,6981.10,9565.48,6346.87,6181.51,1443.15,1117.46,395.66
2021-11-17T00:00:00Z,6939.81,9521.73,6323.19,6192.20,1444.12,1112.14,396.02
2021-11-18T00:00:00Z,6875.71,9546.13,6349.18,6186.72,1446.39,1117.00,394.56
2021-11-19T00:00:00Z,6884.43,9515.33,6374.67,6179.82,1441.15,1114.91,393.11
2021-11-20T00:00:00Z,6884.43,9515.33,6374.67,6179.82,1441.15,1114.91,393.11
2021-11-21T00:00:00Z,6884.43,9515.33,6374.67,6179.82,1441.15,1114.91,393.11
2021-11-22T00:00:00Z,6886.04,9521.24,6355.33,6188.12,1442.13,1116.46,393.27
2021-11-23T00:00:00Z,6887.83,9505.20,6311.76,6180.44,1435.22,1110.54,390.77
2021-11-24T00:00:00Z,7013.71,9460.45,6296.66,6180.82,1432.72,1106.16,392.76
2021-11-25T00:00:00Z,7013.71,9474.81,6289.15,6183.63,1428.77,1108.26,393.46
2021-11-26T00:00:00Z,7015.50,9548.79,6356.24,6180.31,1431.90,1118.60,391.06
2021-11-27T00:00:00Z,7015.50,9548.79,6356.24,6180.31,1431.90,1118.60,391.06
2021-11-28T00:00:00Z,7015.50,9548.79,6356.24,6180.31,1431.90,1118.60,391.06
2021-11-29T00:00:00Z,7007.27,9536.10,6377.99,6184.70,1430.63,1117.76,391.50
2021-11-30T00:00:00Z,6948.66,9609.68,6454.56,6170.26,1479.21,1127.18,390.28
2021-12-01T00:00:00Z,7007.90,9568.24,6423.22,6171.78,1475.83,1122.64,389.52
2021-12-02T00:00:00Z,6986.66,9589.38,6454.02,6165.57,1476.75,1126.53,387.88
2021-12-03T00:00:00Z,6959.78,9563.37,6425.19,6170.37,1472.00,1124.67,387.70
2021-12-04T00:00:00Z,6959.78,9563.37,6425.19,6170.37,1472.00,1124.67,387.70
2021-12-05T00:00:00Z,6959.78,9563.37,6425.19,6170.37,1472.00,1124.67,387.70
2021-12-06T00:00:00Z,6947.25,9559.99,6432.46,6163.81,1470.10,1121.15,388.48
2021-12-07T00:00:00Z,6980.20,9533.73,6412.29,6173.90,1469.43,1118.28,392.28
2021-12-08T00:00:00Z,6965.17,9570.15,6399.74,6192.73,1463.49,1120.62,393.71
2021-12-09T00:00:00Z,6949.34,9580.31,6424.52,6165.95,1462.71,1120.30,391.88
2021-12-10T00:00:00Z,6942.22,9578.25,6403.44,6170.91,1464.37,1118.90,391.19
2021-12-11T00:00:00Z,6942.22,9578.25,6403.44,6170.91,1464.37,1118.90,391.19
2021-12-12T00:00:00Z,6942.22,9578.25,6403.44,6170.91,1464.37,1118.90,391.19
2021-12-13T00:00:00Z,6849.60,9582.50,6406.78,6176.83,1468.41,1120.04,390.06
2021-12-14T00:00:00Z,6864.88,9608.84,6411.39,6178.40,1469.22,1124.63,388.38
2021-12-15T00:00:00Z,6920.41,9568.91,6394.70,6175.47,1469.40,1118.66,386.96
2021-12-16T00:00:00Z,6883.88,9631.78,6380.99,6173.67,1481.58,1121.60,389.83
2021-12-17T00:00:00Z,6836.92,9643.49,6431.80,6166.05,1474.31,1126.17,388.47
2021-12-18T00:00:00Z,6836.92,9643.49,6431.80,6166.05,1474.31,1126.17,388.47
2021-12-19T00:00:00Z,6836.92,9643.49,6431.80,6166.05,1474.31,1126.17,388.47
2021-12-20T00:00:00Z,6783.46,9594.97,6414.45,6165.07,1466.95,1120.62,385.40
2021-12-21T00:00:00Z,6793.22,9613.70,6403.95,6169.98,1468.52,1121.83,385.36
2021-12-22T00:00:00Z,6876.06,9618.80,6375.58,6170.34,1475.87,1120.81,386.55
2021-12-23T00:00:00Z,6997.56,9626.46,6365.37,6170.37,1488.83,1123.75,388.96
2021-12-24T00:00:00Z,6997.56,9633.38,6366.36,6173.50,1486.91,1125.64,389.42
2021-12-25T00:00:00Z,6997.56,9633.38,6366.36,6173.50,1486.91,1125.64,389.42
2021-12-26T00:00:00Z,6997.56,9633.38,6366.36,6173.50,1486.91,1125.64,389.42
2021-12-27T00:00:00Z,6994.99,9629.12,6346.87,6168.81,1487.30,1125.79,388.52
2021-12-28T00:00:00Z,6938.27,9645.30,6339.46,6173.00,1491.24,1129.31,390.30
2021-12-29T00:00:00Z,6899.79,9621.46,6333.04,6171.86,1489.91,1126.63,389.61
2021-12-30T00:00:00Z,6845.82,9647.85,6327.53,6168.57,1497.29,1131.57,390.82
2021-12-31T00:00:00Z,6637.72,9702.27,6287.29,6229.20,1509.29,1158.56,392.93
2022-01-01T00:00:00Z,6637.72,9702.27,6287.29,6229.20,1509.29,1158.56,392.93
2022-01-02T00:00:00Z,6637.72,9702.27,6287.29,6229.20,1509.29,1158.56,392.93
2022-01-03T00:00:00Z,6962.77,9727.12,6294.70,6225.51,1511.23,1156.93,393.20
2022-01-04T00:00:00Z,7046.61,9662.01,6223.49,6205.34,1510.39,1151.07,391.60
2022-01-05T00:00:00Z,7057.77,9696.28,6252.24,6213.26,1517.06,1154.15,392.60
2022-01-06T00:00:00Z,7040.01,9692.85,6249.07,6202.46,1515.67,1150.31,391.05
2022-01-07T00:00:00Z,7020.47,9686.09,6246.84,6204.06,1516.35,1145.60,392.56
2022-01-08T00:00:00Z,7020.47,9686.09,6246.84,6204.06,1516.35,1145.60,392.56
2022-01-09T00:00:00Z,7020.47,9686.09,6246.84,6204.06,1516.35,1145.60,392.56
2022-01-10T00:00:00Z,6990.14,9703.24,6279.48,6209.18,1519.61,1144.99,394.54
2022-01-11T00:00:00Z,7023.54,9718.67,6265.45,6208.13,1520.63,1140.70,395.11
2022-01-12T00:00:00Z,7036.14,9747.82,6272.75,6216.08,1527.69,1145.87,398.48
2022-01-13T00:00:00Z,6936.38,9827.55,6334.19,6221.02,1536.37,1158.89,400.53
2022-01-14T00:00:00Z,6974.23,9837.54,6364.71,6228.14,1534.91,1159.93,399.25
2022-01-15T00:00:00Z,6974.23,9837.54,6364.71,6228.14,1534.91,1159.93,399.25
2022-01-16T00:00:00Z,6974.23,9837.54,6364.71,6228.14,1534.91,1159.93,399.25
2022-01-17T00:00:00Z,6974.23,9799.73,6317.44,6232.14,1527.82,1155.47,398.91
2022-01-18T00:00:00Z,6975.98,9768.79,6309.57,6228.81,1521.18,1153.48,399.30
2022-01-19T00:00:00Z,6996.10,9749.88,6323.06,6234.80,1527.45,1154.69,402.02
2022-01-20T00:00:00Z,6973.74,9743.87,6335.26,6236.76,1524.73,1154.09,401.37
2022-01-21T00:00:00Z,6946.55,9759.67,6359.99,6241.39,1519.36,1158.34,400.23
2022-01-22T00:00:00Z,6946.55,9759.67,6359.99,6241.39,1519.36,1158.34,400.23
2022-01-23T00:00:00Z,6946.55,9759.67,6359.99,6241.39,1519.36,1158.34,400.23
2022-01-24T00:00:00Z,7038.67,9721.83,6360.95,6253.08,1510.40,1158.89,397.06
2022-01-25T00:00:00Z,7053.17,9690.87,6347.10,6251.35,1507.21,1148.95,396.40
2022-01-26T00:00:00Z,7032.28,9698.61,6333.93,6259.15,1513.02,1147.44,399.72
2022-01-27T00:00:00Z,7061.43,9597.99,6274.06,6214.43,1498.94,1134.98,395.91
2022-01-28T00:00:00Z,7030.30,9603.83,6264.61,6220.04,1499.40,1134.17,392.96
2022-01-29T00:00:00Z,7030.30,9603.83,6264.61,6220.04,1499.40,1134.17,392.96
2022-01-30T00:00:00Z,7030.30,9603.83,6264.61,6220.04,1499.40,1134.17,392.96
2022-01-31T00:00:00Z,6990.48,9619.35,6281.32,6337.48,1499.27,1139.71,393.76
2022-02-01T00:00:00Z,7061.22,9709.02,6323.67,6337.44,1506.99,1153.66,395.60
2022-02-02T00:00:00Z,7031.16,9763.34,6346.77,6337.42,1517.30,1157.33,391.82
2022-02-03T00:00:00Z,7017.65,9731.44,6313.34,6337.03,1515.74,1152.66,390.43
2022-02-04T00:00:00Z,7015.16,9893.55,6311.16,6337.41,1514.44,1153.11,389.82
2022-02-05T00:00:00Z,7015.16,9893.55,6311.16,6337.41,1514.44,1153.11,389.82
2022-02-06T00:00:00Z,7015.16,9893.55,6311.16,6337.41,1514.44,1153.11,389.82
2022-02-07T00:00:00Z,6978.12,9878.88,6308.02,6338.09,1510.55,1150.97,390.23
2022-02-08T00:00:00Z,6983.44,9845.22,6282.24,6331.37,1511.15,1149.87,390.00
2022-02-09T00:00:00Z,7009.70,9868.52,6279.94,6335.62,1516.67,1151.50,388.08
2022-02-10T00:00:00Z,7028.70,9871.97,6264.10,6341.06,1517.32,1150.16,388.64
2022-02-11T00:00:00Z,7027.02,9877.76,6260.57,6342.65,1519.64,1149.47,387.89
2022-02-12T00:00:00Z,7027.02,9877.76,6260.57,6342.65,1519.64,1149.47,387.89
2022-02-13T00:00:00Z,7027.02,9877.76,6260.57,6342.65,1519.64,1149.47,387.89
2022-02-14T00:00:00Z,6996.62,9790.38,6283.10,6341.33,1510.47,1148.55,386.25
2022-02-15T00:00:00Z,7054.36,9815.47,6271.35,6354.76,1513.53,1150.29,387.18
2022-02-16T00:00:00Z,7051.74,9838.83,6268.12,6358.22,1513.97,1149.41,389.15
2022-02-17T00:00:00Z,7048.67,9837.10,6301.51,6360.72,1521.81,1154.69,388.46
2022-02-18T00:00:00Z,7020.94,9841.55,6304.69,6371.22,1520.91,1154.61,388.32
2022-02-19T00:00:00Z,7020.94,9841.55,6304.69,6371.22,1520.91,1154.61,388.32
2022-02-20T00:00:00Z,7020.94,9841.55,6304.69,6371.22,1520.91,1154.61,388.32
2022-02-21T00:00:00Z,7020.94,9827.68,6314.66,6363.04,1521.08,1160.20,386.97
2022-02-22T00:00:00Z,6996.44,9831.14,6300.43,6370.60,1514.58,1156.71,387.45
2022-02-23T00:00:00Z,6974.65,9832.88,6299.62,6380.80,1518.87,1155.92,389.72
2022-02-24T00:00:00Z,7062.57,9675.99,6310.25,6373.97,1494.64,1149.71,385.59
2022-02-25T00:00:00Z,7109.62,9725.72,6273.70,6383.71,1496.77,1146.50,387.18
2022-02-26T00:00:00Z,7109.62,9725.72,6273.70,6383.71,1496.77,1146.50,387.18
2022-02-27T00:00:00Z,7109.62,9725.72,6273.70,6383.71,1496.77,1146.50,387.18
2022-02-28T00:00:00Z,7116.92,9710.98,6327.03,6437.47,1494.58,1145.42,388.24
2022-03-01T00:00:00Z,7160.02,9678.90,6363.21,6435.14,1494.29,1151.55,389.86
2022-03-02T00:00:00Z,7163.08,9630.34,6334.75,6431.06,1486.33,1149.25,384.87
2022-03-03T00:00:00Z,7155.30,9604.32,6312.71,6428.07,1492.04,1148.85,386.46
2022-03-04T00:00:00Z,7206.23,9478.70,6328.16,6428.26,1479.12,1148.93,382.84
2022-03-05T00:00:00Z,7206.23,9478.70,6328.16,6428.26,1479.12,1148.93,382.84
2022-03-06T00:00:00Z,7206.23,9478.70,6328.16,6428.26,1479.12,1148.93,382.84
2022-03-07T00:00:00Z,7228.07,9449.21,6339.63,6428.65,1470.29,1143.88,383.66
2022-03-08T00:00:00Z,7164.20,9446.61,6313.74,6430.70,1459.99,1138.81,380.42
2022-03-09T00:00:00Z,7153.08,9534.20,6308.22,6429.69,1466.74,1139.57,376.98
2022-03-10T00:00:00Z,7126.85,9613.13,6299.58,6426.56,1468.25,1140.95,377.93
2022-03-11T00:00:00Z,7137.76,9547.00,6250.04,6411.41,1459.35,1135.69,379.13
2022-03-12T00:00:00Z,7137.76,9547.00,6250.04,6411.41,1459.35,1135.69,379.13
2022-03-13T00:00:00Z,7137.76,9547.00,6250.04,6411.41,1459.35,1135.69,379.13
2022-03-14T00:00:00Z,7087.57,9520.94,6192.49,6384.28,1456.32,1130.49,379.34
2022-03-15T00:00:00Z,7112.12,9547.87,6192.28,6367.73,1458.04,1125.67,377.15
2022-03-16T00:00:00Z,7125.51,9550.48,6175.87,6396.84,1459.57,1124.46,381.85
2022-03-17T00:00:00Z,7079.17,9599.99,6150.20,6397.11,1461.45,1124.95,382.98
2022-03-18T00:00:00Z,7024.00,9577.00,6120.21,6385.41,1462.53,1128.29,383.88
2022-03-19T00:00:00Z,7024.00,9577.00,6120.21,6385.41,1462.53,1128.29,383.88
2022-03-20T00:00:00Z,7024.00,9577.00,6120.21,6385.41,1462.53,1128.29,383.88
2022-03-21T00:00:00Z,7010.25,9603.10,6128.96,6391.77,1469.14,1135.33,385.28
2022-03-22T00:00:00Z,6975.96,9590.92,6057.19,6385.03,1476.92,1134.22,385.66
2022-03-23T00:00:00Z,6944.13,9556.99,6049.87,6374.62,1470.77,1130.87,385.93
2022-03-24T00:00:00Z,7039.66,9550.90,5998.08,6376.94,1469.70,1135.01,386.63
2022-03-25T00:00:00Z,7070.34,9583.42,5995.05,6384.12,1471.28,1139.50,388.18
2022-03-26T00:00:00Z,7070.34,9583.42,5995.05,6384.12,1471.28,1139.50,388.18
2022-03-27T00:00:00Z,7070.34,9583.42,5995.05,6384.12,1471.28,1139.50,388.18
2022-03-28T00:00:00Z,7058.68,9552.06,5893.67,6376.44,1461.86,1130.23,389.14
2022-03-29T00:00:00Z,7028.44,9655.72,5925.81,6382.78,1463.77,1130.92,388.60
2022-03-30T00:00:00Z,6936.04,9691.43,5999.97,6395.87,1467.05,1140.94,389.64
2022-03-31T00:00:00Z,6850.01,9669.65,6046.57,6287.03,1426.78,1122.18,388.63
2022-04-01T00:00:00Z,7055.92,9674.91,6011.88,6267.47,1428.08,1122.69,389.46
2022-04-02T00:00:00Z,7055.92,9674.91,6011.88,6267.47,1428.08,1122.69,389.46
2022-04-03T00:00:00Z,7055.92,9674.91,6011.88,6267.47,1428.08,1122.69,389.46
2022-04-04T00:00:00Z,7029.05,9633.77,5998.27,6266.21,1426.33,1119.45,389.39
2022-04-05T00:00:00Z,7011.15,9602.25,5992.85,6267.46,1428.48,1122.61,391.01
2022-04-06T00:00:00Z,6990.96,9561.99,5943.90,6266.77,1422.78,1112.86,389.94
2022-04-07T00:00:00Z,6988.01,9555.86,5939.21,6267.27,1422.26,1112.36,388.07
2022-04-08T00:00:00Z,6971.93,9518.28,5929.01,6265.73,1416.70,1110.03,386.93
2022-04-09T00:00:00Z,6971.93,9518.28,5929.01,6265.73,1416.70,1110.03,386.93
2022-04-10T00:00:00Z,6971.93,9518.28,5929.01,6265.73,1416.70,1110.03,386.93
2022-04-11T00:00:00Z,6963.47,9552.45,5857.36,6261.96,1416.05,1111.28,386.54
2022-04-12T00:00:00Z,7012.02,9518.28,5867.23,6258.13,1415.01,1112.66,385.55
2022-04-13T00:00:00Z,6934.77,9487.60,5849.61,6261.49,1413.41,1110.71,384.89
2022-04-14T00:00:00Z,7043.39,9533.17,5875.12,6256.98,1426.57,1108.05,387.78
2022-04-15T00:00:00Z,7043.39,9559.48,5875.12,6256.98,1426.57,1108.05,387.78
2022-04-16T00:00:00Z,7043.39,9559.48,5875.12,6256.98,1426.57,1108.05,387.78
2022-04-17T00:00:00Z,7043.39,9559.48,5875.12,6256.98,1426.57,1108.05,387.78
2022-04-18T00:00:00Z,6385.85,9559.48,5875.12,6256.98,1426.57,1108.05,387.78
2022-04-19T00:00:00Z,6254.84,9493.57,5746.93,6241.94,1415.93,1098.37,386.01
2022-04-20T00:00:00Z,6181.77,9517.30,5755.88,6217.89,1419.30,1096.17,384.63
2022-04-21T00:00:00Z,6182.27,9567.39,5741.42,6181.19,1417.24,1093.30,386.06
2022-04-22T00:00:00Z,6256.58,9509.14,5736.55,6132.37,1401.38,1086.17,380.39
2022-04-23T00:00:00Z,6256.58,9509.14,5736.55,6132.37,1401.38,1086.17,380.39
2022-04-24T00:00:00Z,6256.58,9509.14,5736.55,6132.37,1401.38,1086.17,380.39
2022-04-25T00:00:00Z,6213.95,9446.72,5744.41,6086.41,1385.50,1086.29,378.03
2022-04-26T00:00:00Z,6163.52,9383.43,5772.14,6094.19,1379.40,1083.02,378.14
2022-04-27T00:00:00Z,6178.62,9303.43,5747.42,6082.30,1366.34,1073.79,376.83
2022-04-28T00:00:00Z,6166.85,9217.28,5629.42,6025.63,1351.53,1065.20,375.39
2022-04-29T00:00:00Z,6109.16,9257.90,5663.90,6052.00,1365.77,1069.43,379.38
2022-04-30T00:00:00Z,6109.16,9257.90,5682.66,5909.48,1367.27,1098.52,379.38
2022-05-01T00:00:00Z,6109.16,9257.90,5682.66,5909.48,1367.27,1098.52,379.38
2022-05-02T00:00:00Z,6167.88,9243.85,5689.81,5891.43,1366.79,1094.28,375.06
2022-05-03T00:00:00Z,6187.69,9271.96,5689.21,5891.47,1365.73,1095.58,375.93
2022-05-04T00:00:00Z,6159.90,9250.00,5684.86,5891.45,1361.46,1087.48,367.09
2022-05-05T00:00:00Z,6151.73,9282.50,5690.69,5882.57,1350.27,1088.03,368.79
2022-05-06T00:00:00Z,6127.41,9297.50,5662.05,5836.78,1343.67,1081.55,366.76
2022-05-07T00:00:00Z,6127.41,9297.50,5662.05,5836.78,1343.67,1081.55,366.76
2022-05-08T00:00:00Z,6127.41,9297.50,5662.05,5836.78,1343.67,1081.55,366.76
2022-05-09T00:00:00Z,6118.05,9287.82,5647.97,5799.45,1348.41,1075.99,363.81
2022-05-10T00:00:00Z,6133.98,9283.42,5674.88,5790.09,1342.10,1073.73,362.28
2022-05-11T00:00:00Z,6146.56,9282.54,5687.18,5795.58,1345.15,1077.02,362.53
2022-05-12T00:00:00Z,6148.14,9155.00,5743.97,5732.28,1328.22,1069.29,360.61
2022-05-13T00:00:00Z,6195.93,9149.51,5728.71,5734.06,1328.06,1066.10,361.51
2022-05-14T00:00:00Z,6195.93,9149.51,5728.71,5734.06,1328.06,1066.10,361.51
2022-05-15T00:00:00Z,6195.93,9149.51,5728.71,5734.06,1328.06,1066.10,361.51
2022-05-16T00:00:00Z,6194.28,9182.10,5702.28,5732.29,1333.89,1060.31,363.66
2022-05-17T00:00:00Z,6173.25,9286.95,5711.96,5788.50,1359.43,1074.67,366.62
2022-05-18T00:00:00Z,6105.80,9271.09,5725.73,5772.67,1352.78,1069.87,364.50
2022-05-19T00:00:00Z,6139.71,9272.85,5782.19,5769.22,1352.11,1093.11,364.51
2022-05-20T00:00:00Z,6135.57,9322.59,5772.97,5829.73,1357.32,1096.90,365.34
2022-05-21T00:00:00Z,6135.57,9322.59,5772.97,5829.73,1357.32,1096.90,365.34
2022-05-22T00:00:00Z,6135.57,9322.59,5772.97,5829.73,1357.32,1096.90,365.34
2022-05-23T00:00:00Z,6063.10,9394.86,5787.37,5857.35,1368.44,1102.19,365.47
2022-05-24T00:00:00Z,6139.34,9448.63,5801.72,5841.48,1360.75,1105.93,365.20
2022-05-25T00:00:00Z,6116.82,9392.22,5816.09,5815.97,1359.84,1106.28,362.93
2022-05-26T00:00:00Z,6143.91,9428.36,5812.27,5782.42,1368.63,1109.03,364.46
2022-05-27T00:00:00Z,6125.28,9450.19,5821.57,5811.50,1375.03,1114.33,366.75
2022-05-28T00:00:00Z,6125.28,9450.19,5821.57,5811.50,1375.03,1114.33,366.75
2022-05-29T00:00:00Z,6125.28,9450.19,5821.57,5811.50,1375.03,1114.33,366.75
2022-05-30T00:00:00Z,6125.28,9487.21,5793.28,5842.08,1375.96,1111.22,368.57
2022-05-31T00:00:00Z,6081.50,9442.26,5744.05,5781.25,1368.42,1114.22,368.82
2022-06-01T00:00:00Z,6169.46,9441.38,5688.85,5765.86,1367.98,1111.52,361.90
2022-06-02T00:00:00Z,6172.25,9423.75,5676.59,5774.13,1364.83,1113.87,361.66
2022-06-03T00:00:00Z,6152.04,9461.63,5661.26,5785.32,1366.07,1114.36,363.91
2022-06-04T00:00:00Z,6152.04,9461.63,5661.26,5785.32,1366.07,1114.36,363.91
2022-06-05T00:00:00Z,6152.04,9461.63,5661.26,5785.32,1366.07,1114.36,363.91
2022-06-06T00:00:00Z,6150.40,9458.10,5636.13,5802.82,1365.64,1111.35,364.34
2022-06-07T00:00:00Z,6121.32,9401.66,5543.18,5774.44,1358.29,1093.81,362.87
2022-06-08T00:00:00Z,6094.09,9469.56,5495.54,5764.36,1364.74,1095.09,363.59
2022-06-09T00:00:00Z,6144.91,9473.09,5497.20,5771.58,1364.01,1094.55,362.67
2022-06-10T00:00:00Z,6127.98,9330.79,5498.34,5751.42,1352.61,1087.17,357.69
2022-06-11T00:00:00Z,6127.98,9330.79,5498.34,5751.42,1352.61,1087.17,357.69
2022-06-12T00:00:00Z,6127.98,9330.79,5498.34,5751.42,1352.61,1087.17,357.69
2022-06-13T00:00:00Z,6051.92,9222.30,5480.05,5719.57,1324.39,1077.53,354.82
2022-06-14T00:00:00Z,6033.17,9219.65,5474.19,5719.30,1312.88,1075.25,352.43
2022-06-15T00:00:00Z,5999.56,9201.13,5468.25,5740.75,1314.04,1068.88,352.10
2022-06-16T00:00:00Z,5998.15,9173.78,5540.73,5737.54,1322.05,1096.49,352.41
2022-06-17T00:00:00Z,5940.81,9256.98,5469.05,5746.80,1333.76,1109.60,350.50
2022-06-18T00:00:00Z,5940.81,9256.98,5469.05,5746.80,1333.76,1109.60,350.50
2022-06-19T00:00:00Z,5940.81,9256.98,5469.05,5746.80,1333.76,1109.60,350.50
2022-06-20T00:00:00Z,5940.81,9284.35,5457.01,5760.68,1333.83,1106.64,350.74
2022-06-21T00:00:00Z,5986.06,9313.48,5405.20,5751.45,1333.94,1104.46,351.89
2022-06-22T00:00:00Z,5929.84,9287.88,5414.45,5741.81,1332.21,1108.04,350.97
2022-06-23T00:00:00Z,5913.76,9263.16,5438.04,5745.82,1329.70,1107.60,351.58
2022-06-24T00:00:00Z,5994.86,9298.99,5451.04,5753.72,1334.33,1117.27,351.15
2022-06-25T00:00:00Z,5994.86,9298.99,5451.04,5753.72,1334.33,1117.27,351.15
2022-06-26T00:00:00Z,5994.86,9298.99,5451.04,5753.72,1334.33,1117.27,351.15
2022-06-27T00:00:00Z,6009.75,9341.41,5435.38,5758.80,1333.78,1114.51,353.22
2022-06-28T00:00:00Z,5963.32,9331.69,5413.85,5749.72,1330.07,1117.98,354.77
2022-06-29T00:00:00Z,5926.73,9292.81,5396.56,5757.73,1322.83,1124.01,355.27
2022-06-30T00:00:00Z,5801.40,9177.94,5377.19,5856.41,1317.15,1032.71,353.18
2022-07-01T00:00:00Z,6060.63,9162.28,5415.61,5857.14,1309.33,1029.56,352.71
2022-07-02T00:00:00Z,6060.63,9162.28,5415.61,5857.14,1309.33,1029.56,352.71
2022-07-03T00:00:00Z,6060.63,9162.28,5415.61,5857.14,1309.33,1029.56,352.71
2022-07-04T00:00:00Z,6060.63,9188.65,5413.54,5865.01,1323.61,1031.50,355.23
2022-07-05T00:00:00Z,6085.79,9043.64,5394.43,5851.72,1304.47,1025.95,351.48
2022-07-06T00:00:00Z,6035.88,8944.32,5415.00,5850.18,1292.69,1018.38,349.59
2022-07-07T00:00:00Z,6053.35,8946.96,5400.91,5856.96,1301.74,1017.65,350.93
2022-07-08T00:00:00Z,6088.83,8917.44,5394.23,5858.77,1307.56,1015.23,351.04
2022-07-09T00:00:00Z,6088.83,8917.44,5394.23,5858.77,1307.56,1015.23,351.04
2022-07-10T00:00:00Z,6088.83,8917.44,5394.23,5858.77,1307.56,1015.23,351.04
2022-07-11T00:00:00Z,6061.79,8860.40,5331.93,5847.24,1299.89,1009.25,350.41
2022-07-12T00:00:00Z,6102.58,8811.27,5358.74,5838.49,1288.36,1006.19,349.69
2022-07-13T00:00:00Z,6121.84,8833.20,5344.44,5835.40,1298.49,1014.24,351.17
2022-07-14T00:00:00Z,6093.47,8778.80,5272.56,5808.38,1287.61,1006.76,346.65
2022-07-15T00:00:00Z,6135.28,8817.40,5283.92,5811.79,1288.04,1011.37,348.91
2022-07-16T00:00:00Z,6135.28,8817.40,5283.92,5811.79,1288.04,1011.37,348.91
2022-07-17T00:00:00Z,6135.28,8817.40,5283.92,5811.79,1288.04,1011.37,348.91
2022-07-18T00:00:00Z,6076.83,8880.52,5296.30,5825.70,1301.55,1012.24,351.30
2022-07-19T00:00:00Z,6047.68,8980.45,5323.61,5823.18,1307.01,1022.91,352.23
2022-07-20T00:00:00Z,6042.66,8940.12,5303.09,5811.51,1303.05,1020.58,353.91
2022-07-21T00:00:00Z,6033.42,8940.12,5282.85,5799.05,1297.46,1017.70,352.67
2022-07-22T00:00:00Z,6080.93,8934.88,5351.96,5809.75,1302.47,1026.31,354.32
2022-07-23T00:00:00Z,6080.93,8934.88,5351.96,5809.75,1302.47,1026.31,354.32
2022-07-24T00:00:00Z,6080.93,8934.88,5351.96,5809.75,1302.47,1026.31,354.32
2022-07-25T00:00:00Z,6100.97,8975.22,5363.44,5815.54,1313.41,1027.08,354.22
2022-07-26T00:00:00Z,6072.51,8877.01,5361.88,5805.94,1302.96,1026.66,353.92
2022-07-27T00:00:00Z,6085.49,8901.56,5355.81,5814.94,1313.08,1029.19,354.59
2022-07-28T00:00:00Z,6053.10,8875.26,5403.39,5815.50,1317.85,1028.57,355.26
2022-07-29T00:00:00Z,5970.53,8938.02,5477.49,5826.75,1321.36,1036.40,354.81
2022-07-30T00:00:00Z,5970.53,8938.02,5477.49,5826.75,1321.36,1036.40,354.81
2022-07-31T00:00:00Z,5970.53,8938.02,5422.37,5723.93,1316.76,1013.38,354.81
2022-08-01T00:00:00Z,6177.10,8968.69,5482.78,5710.33,1325.85,1019.68,356.68
2022-08-02T00:00:00Z,6147.62,8960.80,5538.50,5704.32,1325.24,1015.96,354.36
2022-08-03T00:00:00Z,6125.81,8934.51,5429.79,5711.30,1321.92,1009.98,341.96
2022-08-04T00:00:00Z,6128.67,8923.12,5437.64,5709.07,1310.80,1009.51,341.92
2022-08-05T00:00:00Z,6130.84,8949.76,5448.97,5713.39,1316.92,1013.53,340.67
2022-08-06T00:00:00Z,6130.84,8949.76,5448.97,5713.39,1316.92,1013.53,340.67
2022-08-07T00:00:00Z,6130.84,8949.76,5448.97,5713.39,1316.92,1013.53,340.67
2022-08-08T00:00:00Z,6123.42,8920.03,5375.61,5705.73,1314.15,1011.51,340.85
2022-08-09T00:00:00Z,6104.80,8950.64,5369.09,5710.81,1313.12,1014.98,341.27
2022-08-10T00:00:00Z,6140.35,8966.38,5382.43,5711.27,1314.06,1022.00,340.79
2022-08-11T00:00:00Z,6132.91,9041.60,5490.77,5722.31,1325.60,1030.68,343.78
2022-08-12T00:00:00Z,6117.53,8997.11,5426.86,5718.91,1316.63,1027.83,343.42
2022-08-13T00:00:00Z,6117.53,8997.11,5426.86,5718.91,1316.63,1027.83,343.42
2022-08-14T00:00:00Z,6117.53,8997.11,5426.86,5718.91,1316.63,1027.83,343.42
2022-08-15T00:00:00Z,6177.36,8918.38,5453.15,5693.66,1310.36,1024.97,339.92
2022-08-16T00:00:00Z,6153.98,8862.39,5399.01,5681.20,1304.57,1019.17,340.14
2022-08-17T00:00:00Z,6110.85,8891.26,5367.31,5687.30,1308.97,1016.05,340.21
2022-08-18T00:00:00Z,6101.10,8903.51,5382.14,5683.34,1307.93,1017.76,340.65
2022-08-19T00:00:00Z,6098.80,8797.93,5297.26,5657.44,1283.68,1012.37,337.95
2022-08-20T00:00:00Z,6098.80,8797.93,5297.26,5657.44,1283.68,1012.37,337.95
2022-08-21T00:00:00Z,6098.80,8797.93,5297.26,5657.44,1283.68,1012.37,337.95
2022-08-22T00:00:00Z,6070.90,8751.55,5292.02,5633.70,1281.13,1010.82,338.05
2022-08-23T00:00:00Z,6043.91,8686.80,5281.37,5633.57,1276.40,1001.04,337.14
2022-08-24T00:00:00Z,6084.17,8692.92,5308.46,5615.40,1278.21,1004.46,337.90
2022-08-25T00:00:00Z,6083.50,8724.43,5314.77,5627.74,1282.69,1003.91,339.84
2022-08-26T00:00:00Z,6068.87,8756.16,5297.51,5619.51,1282.93,1004.92,339.44
2022-08-27T00:00:00Z,6068.87,8756.16,5297.51,5619.51,1282.93,1004.92,339.44
2022-08-28T00:00:00Z,6068.87,8756.16,5297.51,5619.51,1282.93,1004.92,339.44
2022-08-29T00:00:00Z,6035.85,8737.79,5230.28,5577.42,1267.80,999.91,336.60
2022-08-30T00:00:00Z,6035.38,8779.79,5247.09,5588.93,1270.55,997.39,337.67
2022-08-31T00:00:00Z,5905.16,8750.04,5112.81,5578.81,1260.41,984.65,334.94
2022-09-01T00:00:00Z,6054.08,8753.54,5092.09,5575.38,1254.53,984.44,333.60
2022-09-02T00:00:00Z,6078.26,8750.70,5049.53,5568.12,1253.07,979.66,334.19
2022-09-03T00:00:00Z,6078.26,8750.70,5049.53,5568.12,1253.07,979.66,334.19
2022-09-04T00:00:00Z,6078.26,8750.70,5049.53,5568.12,1253.07,979.66,334.19
2022-09-05T00:00:00Z,6078.26,8686.77,5044.63,5548.59,1245.65,981.69,333.99
2022-09-06T00:00:00Z,6047.70,8693.78,4997.11,5527.10,1255.59,982.68,334.62
2022-09-07T00:00:00Z,6032.49,8656.12,4895.90,5512.98,1239.07,977.92,327.29
2022-09-08T00:00:00Z,6030.15,8764.71,4941.78,5534.31,1252.50,991.31,328.95
2022-09-09T00:00:00Z,6027.69,8802.04,4973.65,5558.10,1254.55,1003.72,331.88
2022-09-10T00:00:00Z,6027.69,8802.04,4973.65,5558.10,1254.55,1003.72,331.88
2022-09-11T00:00:00Z,6027.69,8802.04,4973.65,5558.10,1254.55,1003.72,331.88
2022-09-12T00:00:00Z,6001.91,8894.89,4984.72,5552.46,1268.99,1013.26,332.23
2022-09-13T00:00:00Z,6019.75,8912.40,4994.19,5554.00,1271.26,1015.04,332.73
2022-09-14T00:00:00Z,5989.18,8750.36,4952.05,5524.91,1252.41,1002.50,327.30
2022-09-15T00:00:00Z,5979.12,8752.11,4940.96,5502.13,1246.38,1006.89,327.49
2022-09-16T00:00:00Z,5952.95,8716.60,4953.25,5486.31,1235.02,1002.33,324.92
2022-09-17T00:00:00Z,5952.95,8716.60,4953.25,5486.31,1235.02,1002.33,324.92
2022-09-18T00:00:00Z,5952.95,8716.60,4953.25,5486.31,1235.02,1002.33,324.92
2022-09-19T00:00:00Z,5910.22,8748.12,4940.31,5484.22,1234.05,997.72,324.42
2022-09-20T00:00:00Z,5898.07,8744.62,4941.09,5484.85,1239.06,998.77,324.93
2022-09-21T00:00:00Z,5810.62,8674.57,4924.87,5457.19,1229.98,1000.63,322.50
2022-09-22T00:00:00Z,5775.55,8655.30,5036.80,5446.40,1228.35,984.49,321.40
2022-09-23T00:00:00Z,5799.72,8561.45,4961.64,5402.78,1199.21,983.63,319.60
2022-09-24T00:00:00Z,5799.72,8561.45,4961.64,5402.78,1199.21,983.63,319.60
2022-09-25T00:00:00Z,5799.72,8561.45,4961.64,5402.78,1199.21,983.63,319.60
2022-09-26T00:00:00Z,5811.87,8466.65,4919.40,5371.35,1169.98,973.75,315.63
2022-09-27T00:00:00Z,5805.75,8464.89,4910.97,5363.95,1171.42,978.88,315.54
2022-09-28T00:00:00Z,5766.85,8395.55,4902.06,5316.70,1149.05,977.65,313.94
2022-09-29T00:00:00Z,5765.17,8519.31,4901.02,5393.20,1176.19,981.56,315.29
2022-09-30T00:00:00Z,5733.66,8588.10,4740.86,5584.53,1190.47,906.86,314.12
2022-10-01T00:00:00Z,5733.66,8588.10,4740.86,5584.53,1190.47,906.86,314.12
2022-10-02T00:00:00Z,5733.66,8588.10,4740.86,5584.53,1190.47,906.86,314.12
2022-10-03T00:00:00Z,5912.07,8602.19,4732.53,5584.60,1209.27,899.23,314.38
2022-10-04T00:00:00Z,5944.10,8714.08,4733.53,5584.66,1222.15,900.76,316.32
2022-10-05T00:00:00Z,5906.12,8735.23,4748.99,5584.64,1224.17,903.96,317.33
2022-10-06T00:00:00Z,5913.85,8686.77,4739.20,5584.61,1214.00,903.30,316.00
2022-10-07T00:00:00Z,5920.25,8593.90,4734.14,5584.67,1209.01,898.36,314.86
2022-10-08T00:00:00Z,5920.25,8593.90,4734.14,5584.67,1209.01,898.36,314.86
2022-10-09T00:00:00Z,5920.25,8593.90,4734.14,5584.67,1209.01,898.36,314.86
2022-10-10T00:00:00Z,5920.25,8506.19,4711.04,5557.24,1191.93,891.03,314.58
2022-10-11T00:00:00Z,5921.79,8528.99,4710.99,5546.14,1195.50,893.88,313.30
2022-10-12T00:00:00Z,5928.25,8514.08,4676.32,5541.70,1191.55,893.33,312.96
2022-10-13T00:00:00Z,5936.59,8543.03,4672.53,5533.35,1213.94,890.75,312.91
2022-10-14T00:00:00Z,5961.93,8529.65,4639.58,5520.30,1206.87,885.82,312.59
2022-10-15T00:00:00Z,5961.93,8529.65,4639.58,5520.30,1206.87,885.82,312.59
2022-10-16T00:00:00Z,5961.93,8529.65,4639.58,5520.30,1206.87,885.82,312.59
2022-10-17T00:00:00Z,5935.35,8548.96,4606.15,5518.75,1217.64,887.37,312.70
2022-10-18T00:00:00Z,5877.01,8633.23,4599.21,5520.02,1220.05,893.37,314.77
2022-10-19T00:00:00Z,5861.47,8583.20,4582.24,5498.36,1212.07,886.57,313.37
2022-10-20T00:00:00Z,5874.36,8612.17,4577.38,5502.43,1212.47,887.21,314.85
2022-10-21T00:00:00Z,5853.53,8537.84,4521.13,5484.40,1196.02,878.19,312.15
2022-10-22T00:00:00Z,5853.53,8537.84,4521.13,5484.40,1196.02,878.19,312.15
2022-10-23T00:00:00Z,5853.53,8537.84,4521.13,5484.40,1196.02,878.19,312.15
2022-10-24T00:00:00Z,5865.09,8644.02,4603.24,5471.89,1220.04,889.02,315.17
2022-10-25T00:00:00Z,5888.82,8652.79,4605.41,5437.32,1220.26,887.04,314.67
2022-10-26T00:00:00Z,5899.91,8794.94,4665.81,5536.17,1248.04,898.97,319.17
2022-10-27T00:00:00Z,5945.24,8807.23,4670.74,5497.75,1247.74,897.33,317.18
2022-10-28T00:00:00Z,5918.17,8727.69,4649.02,5480.33,1246.02,892.25,317.49
2022-10-29T00:00:00Z,5918.17,8727.69,4649.02,5480.33,1246.02,892.25,317.49
2022-10-30T00:00:00Z,5918.17,8727.69,4649.02,5480.33,1246.02,892.25,317.49
2022-10-31T00:00:00Z,5851.16,8695.24,4680.92,5463.40,1263.51,901.12,316.05
2022-11-01T00:00:00Z,5971.57,8724.19,4730.20,5497.92,1268.56,908.42,319.08
2022-11-02T00:00:00Z,5894.92,8689.98,4731.05,5477.05,1262.97,906.42,304.82
2022-11-03T00:00:00Z,5932.20,8554.03,4694.72,5450.97,1227.13,889.71,300.46
2022-11-04T00:00:00Z,5921.34,8649.51,4732.04,5554.29,1238.56,902.94,306.42
2022-11-05T00:00:00Z,5921.34,8649.51,4732.04,5554.29,1238.56,902.94,306.42
2022-11-06T00:00:00Z,5921.34,8649.51,4732.04,5554.29,1238.56,902.94,306.42
2022-11-07T00:00:00Z,5904.79,8755.52,4757.60,5521.51,1258.67,912.99,307.57
2022-11-08T00:00:00Z,5899.03,8758.15,4756.75,5499.85,1255.55,909.85,307.10
2022-11-09T00:00:00Z,5923.73,8795.83,4758.67,5499.39,1255.26,916.63,308.13
2022-11-10T00:00:00Z,5967.75,8721.35,4762.16,5500.34,1251.42,913.12,306.29
2022-11-11T00:00:00Z,5967.75,9034.61,4985.67,5611.76,1292.37,944.64,311.84
2022-11-12T00:00:00Z,5967.75,9034.61,4985.67,5611.76,1292.37,944.64,311.84
2022-11-13T00:00:00Z,5967.75,9034.61,4985.67,5611.76,1292.37,944.64,311.84
2022-11-14T00:00:00Z,5989.73,9044.25,4957.57,5645.56,1294.12,954.67,311.99
2022-11-15T00:00:00Z,6109.96,9118.75,4999.10,5661.55,1305.64,958.69,312.05
2022-11-16T00:00:00Z,6054.37,9125.77,4987.45,5633.54,1306.23,958.94,312.75
2022-11-17T00:00:00Z,6045.81,9044.25,4959.63,5572.72,1294.68,948.15,309.53
2022-11-18T00:00:00Z,6042.60,9090.01,4971.23,5603.33,1306.73,946.40,310.47
2022-11-19T00:00:00Z,6042.60,9090.01,4971.23,5603.33,1306.73,946.40,310.47
2022-11-20T00:00:00Z,6042.60,9090.01,4971.23,5603.33,1306.73,946.40,310.47
2022-11-21T00:00:00Z,6023.43,8984.78,4906.58,5566.45,1295.62,941.54,308.46
2022-11-22T00:00:00Z,6009.09,9009.33,4924.40,5587.37,1305.71,946.62,309.41
2022-11-23T00:00:00Z,6059.46,9054.06,4930.17,5566.69,1312.02,950.93,308.91
2022-11-24T00:00:00Z,6059.46,9131.22,5036.11,5579.44,1329.92,956.79,310.69
2022-11-25T00:00:00Z,6079.79,8789.12,4992.75,5560.35,1325.81,951.55,310.23
2022-11-26T00:00:00Z,6079.79,8789.12,4992.75,5560.35,1325.81,951.55,310.23
2022-11-27T00:00:00Z,6079.79,8789.12,4992.75,5560.35,1325.81,951.55,310.23
2022-11-28T00:00:00Z,6049.35,8863.67,5025.37,5540.44,1325.92,956.12,308.46
2022-11-29T00:00:00Z,6050.96,8781.50,5032.26,5565.70,1319.54,948.22,306.84
2022-11-30T00:00:00Z,5935.87,8789.97,5033.33,5673.23,1313.60,931.85,306.84
2022-12-01T00:00:00Z,6075.88,8856.05,5135.23,5675.08,1335.41,937.52,308.31
2022-12-02T00:00:00Z,6099.87,8926.68,5218.99,5720.21,1343.94,948.32,308.57
2022-12-03T00:00:00Z,6099.87,8926.68,5218.99,5720.21,1343.94,948.32,308.57
2022-12-04T00:00:00Z,6099.87,8926.68,5218.99,5720.21,1343.94,948.32,308.57
2022-12-05T00:00:00Z,6050.09,8968.19,5179.12,5777.90,1346.59,947.05,309.18
2022-12-06T00:00:00Z,6061.68,8908.04,5135.06,5745.32,1336.24,942.70,304.36
2022-12-07T00:00:00Z,6020.33,8919.05,5101.89,5753.83,1334.20,941.86,301.48
2022-12-08T00:00:00Z,6047.97,8910.58,5121.51,5760.28,1335.25,941.34,302.88
2022-12-09T00:00:00Z,6078.28,8954.21,5157.13,5770.30,1345.13,948.09,302.49
2022-12-10T00:00:00Z,6078.28,8954.21,5157.13,5770.30,1345.13,948.09,302.49
2022-12-11T00:00:00Z,6078.28,8954.21,5157.13,5770.30,1345.13,948.09,302.49
2022-12-12T00:00:00Z,6053.32,8956.76,5103.04,5756.66,1344.64,948.45,301.57
2022-12-13T00:00:00Z,6058.36,8942.34,5095.18,5749.97,1346.44,945.58,302.91
2022-12-14T00:00:00Z,6048.45,9030.54,5187.33,5777.50,1353.95,955.30,303.70
2022-12-15T00:00:00Z,6011.31,9006.79,5124.12,5762.46,1349.20,953.08,302.86
2022-12-16T00:00:00Z,5989.33,9001.97,5106.96,5759.04,1332.88,951.26,301.49
2022-12-17T00:00:00Z,5989.33,9001.97,5106.96,5759.04,1332.88,951.26,301.49
2022-12-18T00:00:00Z,5989.33,9001.97,5106.96,5759.04,1332.88,951.26,301.49
2022-12-19T00:00:00Z,5966.26,8984.17,5127.87,5758.23,1332.00,948.89,301.60
2022-12-20T00:00:00Z,5973.59,8985.02,5276.83,5758.85,1325.86,951.87,302.06
2022-12-21T00:00:00Z,5922.52,9016.38,5306.20,5754.12,1328.65,956.94,301.75
2022-12-22T00:00:00Z,5911.83,9013.84,5299.79,5751.72,1319.36,955.12,301.48
2022-12-23T00:00:00Z,5916.81,8482.23,5277.77,5748.17,1321.19,952.68,302.23
2022-12-24T00:00:00Z,5916.81,8482.23,5277.77,5748.17,1321.19,952.68,302.23
2022-12-25T00:00:00Z,5916.81,8482.23,5277.77,5748.17,1321.19,952.68,302.23
2022-12-26T00:00:00Z,5916.81,8482.23,5277.77,5748.17,1321.19,952.68,302.23
2022-12-27T00:00:00Z,5912.18,8483.82,5248.21,5765.10,1316.90,951.13,303.32
2022-12-28T00:00:00Z,5848.36,8496.60,5236.53,5755.89,1323.01,954.68,304.33
2022-12-29T00:00:00Z,5829.95,8503.79,5239.85,5766.43,1316.78,957.72,302.19
2022-12-30T00:00:00Z,5550.77,8485.65,5307.17,5820.30,1316.74,958.57,303.40
2022-12-31T00:00:00Z,5550.77,8485.65,5337.86,6041.44,1308.42,954.68,303.40
2023-01-01T00:00:00Z,5550.77,8485.65,5337.86,6041.44,1308.42,954.68,303.40
2023-01-02T00:00:00Z,5550.77,8499.18,5386.20,6041.55,1311.43,953.69,302.50
2023-01-03T00:00:00Z,5976.78,8389.39,5381.76,6031.85,1303.05,940.80,300.50
2023-01-04T00:00:00Z,5898.27,8432.35,5377.74,6052.60,1309.30,949.07,303.11
2023-01-05T00:00:00Z,5885.29,8433.94,5294.42,6063.88,1306.18,949.64,304.16
2023-01-06T00:00:00Z,5923.47,8366.44,5230.99,6074.30,1291.23,938.21,300.95
2023-01-07T00:00:00Z,5923.47,8366.44,5230.99,6074.30,1291.23,938.21,300.95
2023-01-08T00:00:00Z,5923.47,8366.44,5230.99,6074.30,1291.23,938.21,300.95
2023-01-09T00:00:00Z,5923.09,8522.61,5326.75,6144.96,1321.71,955.62,307.25
2023-01-10T00:00:00Z,5946.49,8544.12,5318.75,6144.71,1320.81,953.88,306.25
2023-01-11T00:00:00Z,5962.99,8563.25,5304.86,6152.12,1318.65,950.35,305.99
2023-01-12T00:00:00Z,5995.23,8583.17,5392.83,6175.51,1321.46,944.13,306.49
2023-01-13T00:00:00Z,6007.23,8620.98,5475.77,6197.12,1324.97,948.28,306.52
2023-01-14T00:00:00Z,6007.23,8620.98,5475.77,6197.12,1324.97,948.28,306.52
2023-01-15T00:00:00Z,6007.23,8620.98,5475.77,6197.12,1324.97,948.28,306.52
2023-01-16T00:00:00Z,6007.23,8619.38,5478.70,6190.69,1325.35,950.47,306.63
2023-01-17T00:00:00Z,6016.28,8644.10,5471.57,6150.81,1331.60,955.87,306.22
2023-01-18T00:00:00Z,5979.86,8640.91,5458.20,6172.07,1347.30,964.39,306.90
2023-01-19T00:00:00Z,5923.27,8621.77,5476.28,6139.02,1342.51,960.80,304.16
2023-01-20T00:00:00Z,5943.90,8616.61,5410.24,6145.18,1344.61,957.82,304.89
2023-01-21T00:00:00Z,5943.90,8616.61,5410.24,6145.18,1344.61,957.82,304.89
2023-01-22T00:00:00Z,5943.90,8616.61,5410.24,6145.18,1344.61,957.82,304.89
2023-01-23T00:00:00Z,5882.54,8652.42,5402.43,6145.20,1344.52,956.90,307.42
2023-01-24T00:00:00Z,5860.81,8642.08,5402.84,6145.19,1336.87,951.95,307.18
2023-01-25T00:00:00Z,5866.37,8658.00,5424.29,6145.16,1341.15,956.85,307.23
2023-01-26T00:00:00Z,5877.94,8671.53,5424.70,6145.18,1347.87,960.07,307.20
2023-01-27T00:00:00Z,5899.10,8576.82,5420.50,6145.14,1345.08,955.99,308.24
2023-01-28T00:00:00Z,5899.10,8576.82,5420.50,6145.14,1345.08,955.99,308.24
2023-01-29T00:00:00Z,5899.10,8576.82,5420.50,6145.14,1345.08,955.99,308.24
2023-01-30T00:00:00Z,5842.02,8606.82,5412.99,6174.09,1348.36,956.66,308.19
2023-01-31T00:00:00Z,5841.08,8551.56,5626.81,6246.38,1297.91,955.20,305.41
2023-02-01T00:00:00Z,5894.50,8599.71,5654.49,6259.83,1300.20,965.59,295.44
2023-02-02T00:00:00Z,5877.37,8673.92,5713.39,6277.44,1298.55,972.75,296.03
2023-02-03T00:00:00Z,5914.77,8613.29,5714.00,6264.33,1293.09,968.52,294.37
2023-02-04T00:00:00Z,5914.77,8613.29,5714.00,6264.33,1293.09,968.52,294.37
2023-02-05T00:00:00Z,5914.77,8613.29,5714.00,6264.33,1293.09,968.52,294.37
2023-02-06T00:00:00Z,5871.40,8486.49,5552.40,6222.70,1273.65,956.66,293.19
2023-02-07T00:00:00Z,5847.53,8426.64,5556.55,6219.83,1263.82,955.47,292.90
2023-02-08T00:00:00Z,5879.93,8454.20,5594.12,6220.21,1275.64,961.03,293.54
2023-02-09T00:00:00Z,5882.18,8482.56,5613.28,6228.16,1284.04,963.37,293.83
2023-02-10T00:00:00Z,5902.28,8415.39,5607.71,6194.48,1276.79,957.87,292.82
2023-02-11T00:00:00Z,5902.28,8415.39,5607.71,6194.48,1276.79,957.87,292.82
2023-02-12T00:00:00Z,5902.28,8415.39,5607.71,6194.48,1276.79,957.87,292.82
2023-02-13T00:00:00Z,5826.49,8412.24,5535.57,6184.26,1277.28,959.75,294.79
2023-02-14T00:00:00Z,5831.83,8469.71,5554.17,6193.90,1288.28,964.25,295.37
2023-02-15T00:00:00Z,5933.07,8423.26,5488.57,6167.08,1271.12,957.50,293.31
2023-02-16T00:00:00Z,5873.27,8423.26,5478.62,6156.82,1270.29,958.67,293.76
2023-02-17T00:00:00Z,5849.43,8365.68,5445.15,6136.26,1261.32,949.74,291.05
2023-02-18T00:00:00Z,5849.43,8365.68,5445.15,6136.26,1261.32,949.74,291.05
2023-02-19T00:00:00Z,5849.43,8365.68,5445.15,6136.26,1261.32,949.74,291.05
2023-02-20T00:00:00Z,5849.43,8404.26,5473.71,6155.29,1269.28,957.50,292.37
2023-02-21T00:00:00Z,5830.42,8396.39,5443.09,6134.35,1279.81,957.38,292.43
2023-02-22T00:00:00Z,5817.03,8380.64,5452.61,6123.27,1277.12,953.94,290.78
2023-02-23T00:00:00Z,5871.11,8358.59,5435.23,6118.83,1270.94,949.32,290.86
2023-02-24T00:00:00Z,5858.38,8286.23,5403.00,6078.13,1263.93,944.63,289.44
2023-02-25T00:00:00Z,5858.38,8286.23,5403.00,6078.13,1263.93,944.63,289.44
2023-02-26T00:00:00Z,5858.38,8286.23,5403.00,6078.13,1263.93,944.63,289.44
2023-02-27T00:00:00Z,5825.74,8273.69,5382.45,6070.58,1264.48,940.25,289.81
2023-02-28T00:00:00Z,5779.15,8324.64,5407.70,6021.12,1277.54,936.35,290.03
2023-03-01T00:00:00Z,5854.72,8375.60,5456.20,6083.91,1272.69,937.37,280.98
2023-03-02T00:00:00Z,5792.10,8313.67,5406.53,6044.20,1260.28,931.28,280.50
2023-03-03T00:00:00Z,5826.34,8312.39,5431.09,6046.51,1265.10,934.97,280.98
2023-03-04T00:00:00Z,5826.34,8312.39,5431.09,6046.51,1265.10,934.97,280.98
2023-03-05T00:00:00Z,5826.34,8312.39,5431.09,6046.51,1265.10,934.97,280.98
2023-03-06T00:00:00Z,5808.71,8336.67,5443.56,6025.06,1267.37,938.73,280.71
2023-03-07T00:00:00Z,5824.76,8351.54,5431.87,6021.70,1264.80,939.28,280.08
2023-03-08T00:00:00Z,5837.31,8257.57,5389.68,6007.54,1249.08,931.33,277.98
2023-03-09T00:00:00Z,5865.69,8264.62,5427.29,5996.31,1253.81,934.00,276.79
2023-03-10T00:00:00Z,5945.83,8288.17,5410.64,6008.04,1265.53,945.13,276.32
2023-03-11T00:00:00Z,5945.83,8288.17,5410.64,6008.04,1265.53,945.13,276.32
2023-03-12T00:00:00Z,5945.83,8288.17,5410.64,6008.04,1265.53,945.13,276.32
2023-03-13T00:00:00Z,5988.29,8382.12,5577.59,6091.12,1278.26,963.10,277.52
2023-03-14T00:00:00Z,6045.78,8406.39,5511.05,6080.19,1286.56,962.53,279.38
2023-03-15T00:00:00Z,6305.83,8259.20,5592.31,6046.94,1275.78,951.22,278.03
2023-03-16T00:00:00Z,6287.87,8295.22,5589.85,6058.34,1272.93,946.32,278.07
2023-03-17T00:00:00Z,6252.99,8319.78,5589.07,6068.37,1281.13,945.16,278.44
2023-03-18T00:00:00Z,6252.99,8319.78,5589.07,6068.37,1281.13,945.16,278.44
2023-03-19T00:00:00Z,6252.99,8319.78,5589.07,6068.37,1281.13,945.16,278.44
2023-03-20T00:00:00Z,6273.81,8393.40,5630.52,6070.42,1291.41,946.80,279.28
2023-03-21T00:00:00Z,6220.06,8439.61,5587.68,6077.55,1291.54,948.01,279.73
2023-03-22T00:00:00Z,6254.32,8446.66,5572.82,6067.88,1294.21,949.75,278.96
2023-03-23T00:00:00Z,6306.92,8520.28,5631.62,6114.67,1296.67,957.16,279.63
2023-03-24T00:00:00Z,6327.96,8419.70,5682.36,6079.11,1289.19,954.47,277.28
2023-03-25T00:00:00Z,6327.96,8419.70,5682.36,6079.11,1289.19,954.47,277.28
2023-03-26T00:00:00Z,6327.96,8419.70,5682.36,6079.11,1289.19,954.47,277.28
2023-03-27T00:00:00Z,6312.73,8441.64,5625.17,6069.88,1294.34,956.86,278.89
2023-03-28T00:00:00Z,6335.69,8494.92,5658.68,6073.53,1300.74,955.93,280.01
2023-03-29T00:00:00Z,6278.32,8499.62,5587.29,6066.72,1300.72,953.96,281.44
2023-03-30T00:00:00Z,6240.07,8530.18,5574.76,6070.73,1302.79,958.36,282.43
2023-03-31T00:00:00Z,6153.08,8405.95,5519.85,6123.96,1301.32,1041.46,282.20
2023-04-01T00:00:00Z,6153.08,8405.95,5519.85,6123.96,1301.32,1041.46,282.20
2023-04-02T00:00:00Z,6153.08,8405.95,5519.85,6123.96,1301.32,1041.46,282.20
2023-04-03T00:00:00Z,6311.83,8402.09,5529.52,6115.50,1302.64,1042.97,284.17
2023-04-04T00:00:00Z,6346.22,8426.05,5528.84,6116.43,1313.20,1045.42,284.73
2023-04-05T00:00:00Z,6248.68,8456.20,5594.95,6119.47,1312.60,1054.77,284.16
2023-04-06T00:00:00Z,6345.76,8436.87,5591.89,6125.92,1312.45,1054.81,283.80
2023-04-07T00:00:00Z,6347.90,8436.48,5591.89,6125.92,1312.45,1054.81,283.80
2023-04-08T00:00:00Z,6347.90,8436.48,5591.89,6125.92,1312.45,1054.81,283.80
2023-04-09T00:00:00Z,6347.90,8436.48,5591.89,6125.92,1312.45,1054.81,283.80
2023-04-10T00:00:00Z,6267.72,8436.48,5591.89,6125.92,1312.45,1054.81,283.80
2023-04-11T00:00:00Z,6227.71,8428.75,5517.93,6114.92,1307.61,1054.91,283.00
2023-04-12T00:00:00Z,6224.38,8441.89,5495.89,6116.07,1305.19,1058.17,283.58
2023-04-13T00:00:00Z,6193.61,8513.77,5515.50,6121.33,1316.00,1072.51,285.39
2023-04-14T00:00:00Z,6226.12,8548.08,5544.46,6144.42,1315.32,1074.08,287.14
2023-04-15T00:00:00Z,6226.12,8548.08,5544.46,6144.42,1315.32,1074.08,287.14
2023-04-16T00:00:00Z,6226.12,8548.08,5544.46,6144.42,1315.32,1074.08,287.14
2023-04-17T00:00:00Z,6213.87,8489.33,5492.49,6128.73,1307.26,1068.33,286.18
2023-04-18T00:00:00Z,6123.25,8482.37,5490.98,6123.46,1309.60,1065.39,285.83
2023-04-19T00:00:00Z,6033.49,8452.22,5458.45,6104.12,1305.47,1061.93,284.46
2023-04-20T00:00:00Z,6036.06,8460.72,5455.79,6119.03,1306.11,1064.95,283.61
2023-04-21T00:00:00Z,6022.33,8468.67,5492.86,6111.98,1304.00,1069.89,282.54
2023-04-22T00:00:00Z,6022.33,8468.67,5492.86,6111.98,1304.00,1069.89,282.54
2023-04-23T00:00:00Z,6022.33,8468.67,5492.86,6111.98,1304.00,1069.89,282.54
2023-04-24T00:00:00Z,5977.62,8487.19,5458.43,6107.73,1308.43,1071.68,282.26
2023-04-25T00:00:00Z,6001.93,8502.62,5477.96,6082.58,1308.12,1075.17,281.30
2023-04-26T00:00:00Z,5987.00,8515.73,5495.33,6081.20,1311.39,1072.66,280.84
2023-04-27T00:00:00Z,5995.13,8518.04,5515.87,6080.47,1313.71,1068.82,280.80
2023-04-28T00:00:00Z,5920.91,8477.13,5404.96,6084.68,1312.06,1065.40,280.37
2023-04-29T00:00:00Z,5920.91,8477.13,5404.96,6084.68,1312.06,1065.40,280.37
2023-04-30T00:00:00Z,5920.91,8477.13,5441.40,5963.96,1286.38,1040.72,280.37
2023-05-01T00:00:00Z,6084.44,8477.13,5441.40,5963.96,1286.38,1040.72,280.37
2023-05-02T00:00:00Z,6080.76,8464.78,5384.80,5970.04,1287.17,1038.99,281.77
2023-05-03T00:00:00Z,6057.46,8524.99,5460.79,5970.05,1290.50,1049.79,268.39
2023-05-04T00:00:00Z,6052.93,8548.92,5503.33,5970.54,1297.80,1053.49,268.66
2023-05-05T00:00:00Z,6089.87,8499.41,5514.99,5971.43,1300.17,1045.01,271.01
2023-05-06T00:00:00Z,6089.87,8499.41,5514.99,5971.43,1300.17,1045.01,271.01
2023-05-07T00:00:00Z,6089.87,8499.41,5514.99,5971.43,1300.17,1045.01,271.01
2023-05-08T00:00:00Z,6071.26,8517.16,5476.49,5965.48,1305.13,1048.79,274.35
2023-05-09T00:00:00Z,6096.22,8456.96,5481.15,5961.90,1299.45,1044.04,272.99
2023-05-10T00:00:00Z,6115.06,8450.02,5468.89,5959.75,1301.03,1045.00,273.23
2023-05-11T00:00:00Z,6117.46,8434.59,5519.99,5948.94,1298.92,1044.48,272.45
2023-05-12T00:00:00Z,6133.87,8417.89,5482.84,5935.70,1291.06,1042.35,270.95
2023-05-13T00:00:00Z,6133.87,8417.89,5482.84,5935.70,1291.06,1042.35,270.95
2023-05-14T00:00:00Z,6133.87,8417.89,5482.84,5935.70,1291.06,1042.35,270.95
2023-05-15T00:00:00Z,6194.66,8405.53,5433.03,5934.90,1290.31,1040.49,270.88
2023-05-16T00:00:00Z,6205.17,8409.39,5445.08,5924.15,1290.97,1042.58,271.60
2023-05-17T00:00:00Z,6174.75,8369.20,5403.71,5898.25,1285.44,1036.10,271.16
2023-05-18T00:00:00Z,6161.15,8356.84,5367.86,5872.41,1283.61,1035.74,271.52
2023-05-19T00:00:00Z,6119.38,8354.71,5348.52,5886.50,1283.76,1034.94,271.26
2023-05-20T00:00:00Z,6119.38,8354.71,5348.52,5886.50,1283.76,1034.94,271.26
2023-05-21T00:00:00Z,6119.38,8354.71,5348.52,5886.50,1283.76,1034.94,271.26
2023-05-22T00:00:00Z,6113.11,8365.53,5352.22,5870.80,1285.33,1040.34,270.82
2023-05-23T00:00:00Z,6123.52,8332.29,5346.68,5849.63,1278.06,1034.29,270.61
2023-05-24T00:00:00Z,6136.07,8336.93,5346.07,5855.50,1278.77,1033.38,270.28
2023-05-25T00:00:00Z,6199.78,8298.28,5309.55,5837.11,1275.78,1031.13,269.04
2023-05-26T00:00:00Z,6192.08,8292.95,5295.87,5847.12,1277.39,1032.77,268.87
2023-05-27T00:00:00Z,6192.08,8292.95,5295.87,5847.12,1277.39,1032.77,268.87
2023-05-28T00:00:00Z,6192.08,8292.95,5295.87,5847.12,1277.39,1032.77,268.87
2023-05-29T00:00:00Z,6192.08,8265.18,5276.38,5831.69,1273.23,1031.87,269.19
2023-05-30T00:00:00Z,6198.42,8287.55,5300.54,5834.39,1283.18,1033.91,269.51
2023-05-31T00:00:00Z,6082.48,8240.50,5340.80,5718.45,1268.27,1022.51,268.10
2023-06-01T00:00:00Z,6202.91,8251.30,5343.50,5715.41,1278.55,1023.01,269.71
2023-06-02T00:00:00Z,6220.38,8301.20,5368.91,5750.75,1284.83,1026.58,272.71
2023-06-03T00:00:00Z,6220.38,8301.20,5368.91,5750.75,1284.83,1026.58,272.71
2023-06-04T00:00:00Z,6220.38,8301.20,5368.91,5750.75,1284.83,1026.58,272.71
2023-06-05T00:00:00Z,6183.22,8244.89,5314.72,5711.97,1270.31,1022.34,272.29
2023-06-06T00:00:00Z,6179.64,8239.49,5342.23,5709.88,1272.72,1025.25,272.59
2023-06-07T00:00:00Z,6150.27,8265.72,5347.40,5713.40,1278.75,1027.88,266.86
2023-06-08T00:00:00Z,6159.56,8281.14,5337.37,5701.18,1279.01,1024.84,267.53
2023-06-09T00:00:00Z,6175.67,8316.11,5349.47,5701.81,1288.89,1032.65,268.23
2023-06-10T00:00:00Z,6175.67,8316.11,5349.47,5701.81,1288.89,1032.65,268.23
2023-06-11T00:00:00Z,6175.67,8316.11,5349.47,5701.81,1288.89,1032.65,268.23
2023-06-12T00:00:00Z,6161.52,8304.54,5349.51,5690.25,1288.85,1027.51,267.95
2023-06-13T00:00:00Z,6181.75,8326.14,5342.41,5684.42,1289.61,1026.71,267.79
2023-06-14T00:00:00Z,6144.36,8338.49,5329.46,5678.43,1297.50,1031.71,268.71
2023-06-15T00:00:00Z,6145.77,8346.20,5276.81,5674.29,1297.18,1031.61,268.27
2023-06-16T00:00:00Z,6109.89,8454.50,5286.60,5706.54,1316.76,1044.66,270.32
2023-06-17T00:00:00Z,6109.89,8454.50,5286.60,5706.54,1316.76,1044.66,270.32
2023-06-18T00:00:00Z,6109.89,8454.50,5286.60,5706.54,1316.76,1044.66,270.32
2023-06-19T00:00:00Z,6109.89,8420.58,5255.53,5677.69,1313.94,1040.25,270.90
2023-06-20T00:00:00Z,6070.91,8429.06,5275.46,5663.12,1308.55,1037.48,270.01
2023-06-21T00:00:00Z,6032.85,8421.35,5257.71,5653.83,1305.48,1037.06,270.47
2023-06-22T00:00:00Z,6000.84,8469.15,5248.25,5660.91,1308.52,1040.61,271.47
2023-06-23T00:00:00Z,6015.30,8392.22,5207.00,5660.90,1306.13,1036.53,270.53
2023-06-24T00:00:00Z,6015.30,8392.22,5207.00,5660.90,1306.13,1036.53,270.53
2023-06-25T00:00:00Z,6015.30,8392.22,5207.00,5660.90,1306.13,1036.53,270.53
2023-06-26T00:00:00Z,6012.26,8418.44,5204.23,5618.83,1304.12,1043.61,271.87
2023-06-27T00:00:00Z,5972.96,8443.89,5195.71,5635.53,1306.36,1041.20,271.67
2023-06-28T00:00:00Z,5987.14,8433.86,5167.18,5608.53,1298.32,1036.47,269.85
2023-06-29T00:00:00Z,5941.11,8433.86,5169.80,5617.17,1298.62,1040.61,269.63
2023-06-30T00:00:00Z,5904.20,7844.92,5066.76,5751.45,1294.92,983.13,269.49
2023-07-01T00:00:00Z,5904.20,7844.92,5066.76,5751.45,1294.92,983.13,269.49
2023-07-02T00:00:00Z,5904.20,7844.92,5066.76,5751.45,1294.92,983.13,269.49
2023-07-03T00:00:00Z,6036.82,7868.75,5061.21,5767.17,1296.56,984.91,269.82
2023-07-04T00:00:00Z,6036.82,7865.86,5074.47,5791.51,1300.72,988.38,270.43
2023-07-05T00:00:00Z,5984.39,7854.31,5069.59,5771.85,1298.63,984.91,269.25
2023-07-06T00:00:00Z,5930.65,7868.75,5101.30,5780.85,1306.74,989.25,268.96
2023-07-07T00:00:00Z,5971.02,7846.87,5114.44,5778.46,1305.60,988.55,267.44
2023-07-08T00:00:00Z,5971.02,7846.87,5114.44,5778.46,1305.60,988.55,267.44
2023-07-09T00:00:00Z,5971.02,7846.87,5114.44,5778.46,1305.60,988.55,267.44
2023-07-10T00:00:00Z,5974.55,7895.88,5155.63,5776.56,1307.09,994.83,269.20
2023-07-11T00:00:00Z,5979.73,7919.66,5220.10,5804.80,1320.63,1004.00,269.34
2023-07-12T00:00:00Z,5959.36,7943.45,5250.41,5812.61,1320.43,1008.06,270.47
2023-07-13T00:00:00Z,6006.79,8058.76,5292.23,5836.32,1336.86,1026.83,271.78
2023-07-14T00:00:00Z,6034.52,8085.28,5287.81,5858.29,1340.94,1029.87,272.47
2023-07-15T00:00:00Z,6034.52,8085.28,5287.81,5858.29,1340.94,1029.87,272.47
2023-07-16T00:00:00Z,6034.52,8085.28,5287.81,5858.29,1340.94,1029.87,272.47
2023-07-17T00:00:00Z,6037.18,8091.77,5296.48,5835.22,1337.60,1030.38,270.54
2023-07-18T00:00:00Z,6018.54,8109.78,5307.58,5827.35,1341.12,1033.21,270.83
2023-07-19T00:00:00Z,6004.31,8086.01,5246.11,5790.98,1320.57,1032.21,271.32
2023-07-20T00:00:00Z,6015.68,8067.99,5248.15,5833.81,1317.60,1029.16,272.17
2023-07-21T00:00:00Z,5970.97,7993.98,5171.13,5822.83,1312.12,1022.89,271.25
2023-07-22T00:00:00Z,5970.97,7993.98,5171.13,5822.83,1312.12,1022.89,271.25
2023-07-23T00:00:00Z,5970.97,7993.98,5171.13,5822.83,1312.12,1022.89,271.25
2023-07-24T00:00:00Z,5958.67,7974.57,5196.82,5816.78,1314.34,1024.13,271.21
2023-07-25T00:00:00Z,5979.94,7942.23,5185.36,5854.42,1312.07,1019.66,271.46
2023-07-26T00:00:00Z,5943.71,7947.98,5218.51,5844.29,1319.97,1025.63,270.64
2023-07-27T00:00:00Z,5955.93,7995.41,5227.78,5849.51,1324.91,1032.51,271.62
2023-07-28T00:00:00Z,5963.21,7915.41,5261.46,5841.28,1316.19,1020.55,270.68
2023-07-29T00:00:00Z,5963.21,7915.41,5261.46,5841.28,1316.19,1020.55,270.68
2023-07-30T00:00:00Z,5963.21,7915.41,5261.46,5841.28,1316.19,1020.55,270.68
2023-07-31T00:00:00Z,5920.39,7924.76,5215.86,5708.04,1287.11,974.83,270.76
2023-08-01T00:00:00Z,6045.68,7886.66,5186.81,5694.18,1279.43,971.05,269.40
2023-08-02T00:00:00Z,5975.65,7897.44,5192.91,5686.85,1278.60,969.15,262.03
2023-08-03T00:00:00Z,5984.87,7859.34,5189.02,5690.60,1266.10,970.82,260.80
2023-08-04T00:00:00Z,5971.48,7842.33,5199.99,5678.76,1271.77,970.14,260.62
2023-08-05T00:00:00Z,5971.48,7842.33,5199.99,5678.76,1271.77,970.14,260.62
2023-08-06T00:00:00Z,5971.48,7842.33,5199.99,5678.76,1271.77,970.14,260.62
2023-08-07T00:00:00Z,5944.85,7869.55,5214.70,5675.75,1276.63,970.78,260.81
2023-08-08T00:00:00Z,5969.41,7840.89,5184.43,5656.94,1272.05,969.76,258.68
2023-08-09T00:00:00Z,5979.46,7858.09,5169.38,5663.61,1274.52,969.16,259.56
2023-08-10T00:00:00Z,5998.25,7894.63,5158.02,5661.00,1278.47,974.58,260.35
2023-08-11T00:00:00Z,5983.64,7886.03,5133.50,5642.64,1275.22,973.35,259.52
2023-08-12T00:00:00Z,5983.64,7886.03,5133.50,5642.64,1275.22,973.35,259.52
2023-08-13T00:00:00Z,5983.64,7886.03,5133.50,5642.64,1275.22,973.35,259.52
2023-08-14T00:00:00Z,5945.80,7833.00,5108.30,5620.80,1269.59,967.71,259.37
2023-08-15T00:00:00Z,6066.02,7830.14,5094.87,5601.17,1272.96,969.58,258.53
2023-08-16T00:00:00Z,5964.19,7822.97,5089.24,5592.39,1276.40,966.78,258.63
2023-08-17T00:00:00Z,5942.77,7811.50,5087.86,5603.18,1278.26,970.41,258.39
2023-08-18T00:00:00Z,5921.56,7773.24,5097.16,5599.62,1272.93,965.86,257.35
2023-08-19T00:00:00Z,5921.56,7773.24,5097.16,5599.62,1272.93,965.86,257.35
2023-08-20T00:00:00Z,5921.56,7773.24,5097.16,5599.62,1272.93,965.86,257.35
2023-08-21T00:00:00Z,5905.34,7802.57,5082.96,5602.43,1278.00,967.78,258.49
2023-08-22T00:00:00Z,5892.30,7787.55,5087.56,5596.50,1278.34,968.24,258.12
2023-08-23T00:00:00Z,5906.50,7728.89,5094.83,5596.01,1263.30,965.08,257.08
2023-08-24T00:00:00Z,5968.53,7753.93,5089.33,5604.32,1267.44,964.36,257.58
2023-08-25T00:00:00Z,5990.43,7732.97,5081.06,5598.49,1263.80,961.31,257.06
2023-08-26T00:00:00Z,5990.43,7732.97,5081.06,5598.49,1263.80,961.31,257.06
2023-08-27T00:00:00Z,5990.43,7732.97,5081.06,5598.49,1263.80,961.31,257.06
2023-08-28T00:00:00Z,5958.26,7732.97,5061.80,5595.72,1261.27,961.82,256.70
2023-08-29T00:00:00Z,5945.78,7729.39,5041.00,5594.69,1260.02,961.47,256.07
2023-08-30T00:00:00Z,5923.79,7788.78,5072.71,5598.81,1268.82,967.85,257.35
2023-08-31T00:00:00Z,5927.87,7775.90,5132.88,5720.27,1267.52,949.42,257.67
2023-09-01T00:00:00Z,6101.13,7773.25,5154.72,5745.14,1267.38,948.31,258.24
2023-09-02T00:00:00Z,6101.13,7773.25,5154.72,5745.14,1267.38,948.31,258.24
2023-09-03T00:00:00Z,6101.13,7773.25,5154.72,5745.14,1267.38,948.31,258.24
2023-09-04T00:00:00Z,6101.13,7742.42,5113.50,5733.36,1262.18,947.12,256.69
2023-09-05T00:00:00Z,6064.52,7692.25,5077.47,5706.96,1254.22,940.98,255.62
2023-09-06T00:00:00Z,6013.52,7702.28,5084.74,5707.42,1256.33,940.93,237.57
2023-09-07T00:00:00Z,6056.93,7677.19,5083.60,5687.95,1246.45,938.26,237.34
2023-09-08T00:00:00Z,6066.60,7656.65,5076.25,5679.20,1248.15,939.11,237.24
2023-09-09T00:00:00Z,6066.60,7656.65,5076.25,5679.20,1248.15,939.11,237.24
2023-09-10T00:00:00Z,6066.60,7656.65,5076.25,5679.20,1248.15,939.11,237.24
2023-09-11T00:00:00Z,6026.90,7670.96,5107.74,5714.17,1251.72,939.19,238.63
2023-09-12T00:00:00Z,6056.71,7663.09,5094.07,5716.72,1246.43,938.13,238.63
2023-09-13T00:00:00Z,6015.19,7677.40,5075.85,5725.26,1246.37,937.14,238.86
2023-09-14T00:00:00Z,6023.51,7675.25,5079.24,5727.40,1247.40,936.97,239.64
2023-09-15T00:00:00Z,6064.52,7605.27,5065.34,5727.99,1240.71,934.00,239.61
2023-09-16T00:00:00Z,6064.52,7605.27,5065.34,5727.99,1240.71,934.00,239.61
2023-09-17T00:00:00Z,6064.52,7605.27,5065.34,5727.99,1240.71,934.00,239.61
2023-09-18T00:00:00Z,5981.82,7608.83,5069.65,5713.37,1237.51,933.46,239.88
2023-09-19T00:00:00Z,5970.52,7644.51,5068.95,5717.01,1241.55,934.80,241.45
2023-09-20T00:00:00Z,5875.39,7636.66,5061.19,5714.94,1236.45,933.26,240.94
2023-09-21T00:00:00Z,5887.47,7588.85,5059.55,5705.77,1226.11,924.82,239.40
2023-09-22T00:00:00Z,5922.36,7604.07,5048.25,5706.99,1226.34,923.75,240.75
2023-09-23T00:00:00Z,5922.36,7604.07,5048.25,5706.99,1226.34,923.75,240.75
2023-09-24T00:00:00Z,5922.36,7604.07,5048.25,5706.99,1226.34,923.75,240.75
2023-09-25T00:00:00Z,5896.78,7594.07,5034.92,5702.28,1222.33,920.06,240.30
2023-09-26T00:00:00Z,5884.91,7574.07,5028.34,5702.74,1218.34,917.73,239.55
2023-09-27T00:00:00Z,5887.12,7524.79,5016.92,5701.38,1213.34,911.29,239.10
2023-09-28T00:00:00Z,5875.52,7526.93,5014.20,5706.34,1220.39,911.73,239.99
2023-09-29T00:00:00Z,5787.61,7486.20,5015.82,5708.98,1224.99,917.35,240.89
2023-09-30T00:00:00Z,5787.61,7486.20,4968.60,5852.98,1218.24,900.43,240.89
2023-10-01T00:00:00Z,5787.61,7486.20,4968.60,5852.98,1218.24,900.43,240.89
2023-10-02T00:00:00Z,5958.39,7440.98,4952.05,5852.96,1208.50,898.24,237.63
2023-10-03T00:00:00Z,5978.28,7397.87,4944.06,5853.00,1199.47,890.63,235.76
2023-10-04T00:00:00Z,5934.79,7417.66,4974.07,5852.96,1205.27,895.43,236.05
2023-10-05T00:00:00Z,5990.47,7438.15,4980.50,5852.94,1208.36,898.74,235.26
2023-10-06T00:00:00Z,5970.59,7454.37,4973.88,5850.22,1213.94,901.52,235.88
2023-10-07T00:00:00Z,5970.59,7454.37,4973.88,5850.22,1213.94,901.52,235.88
2023-10-08T00:00:00Z,5970.59,7454.37,4973.88,5850.22,1213.94,901.52,235.88
2023-10-09T00:00:00Z,5970.59,7431.78,4971.76,5861.21,1210.13,903.30,236.99
2023-10-10T00:00:00Z,5989.35,7467.78,4975.24,5854.98,1217.82,906.91,238.03
2023-10-11T00:00:00Z,5999.67,7483.30,4980.53,5852.38,1222.12,910.03,237.88
2023-10-12T00:00:00Z,6097.72,7493.89,4972.46,5854.53,1223.92,912.27,238.11
2023-10-13T00:00:00Z,6097.72,7426.47,4956.46,5848.33,1210.79,906.00,236.61
2023-10-14T00:00:00Z,6097.72,7426.47,4956.46,5848.33,1210.79,906.00,236.61
2023-10-15T00:00:00Z,6097.72,7426.47,4956.46,5848.33,1210.79,906.00,236.61
2023-10-16T00:00:00Z,6027.26,7436.35,4959.90,5844.25,1210.58,911.12,237.53
2023-10-17T00:00:00Z,6012.06,7458.23,4959.07,5844.00,1210.30,912.65,237.39
2023-10-18T00:00:00Z,5941.28,7455.40,4955.00,5842.55,1212.77,914.71,237.12
2023-10-19T00:00:00Z,5990.43,7450.46,4948.27,5842.08,1205.18,916.23,235.98
2023-10-20T00:00:00Z,5974.56,7453.94,4945.30,5840.98,1207.35,921.82,236.60
2023-10-21T00:00:00Z,5974.56,7453.94,4945.30,5840.98,1207.35,921.82,236.60
2023-10-22T00:00:00Z,5974.56,7453.94,4945.30,5840.98,1207.35,921.82,236.60
2023-10-23T00:00:00Z,5940.43,7458.17,4944.67,5841.27,1208.87,920.49,235.92
2023-10-24T00:00:00Z,5964.91,7482.80,4950.10,5846.16,1214.64,919.64,236.35
2023-10-25T00:00:00Z,5959.50,7443.39,4946.08,5840.85,1205.27,917.40,235.39
2023-10-26T00:00:00Z,5982.90,7418.05,4931.42,5839.00,1202.13,915.05,234.34
2023-10-27T00:00:00Z,5987.66,7399.44,4944.37,5839.48,1204.27,911.67,234.25
2023-10-28T00:00:00Z,5987.66,7399.44,4944.37,5839.48,1204.27,911.67,234.25
2023-10-29T00:00:00Z,5987.66,7399.44,4944.37,5839.48,1204.27,911.67,234.25
2023-10-30T00:00:00Z,5931.83,7444.36,4951.83,5840.71,1207.12,911.26,234.09
2023-10-31T00:00:00Z,5937.72,7454.19,4972.65,5922.29,1150.11,888.71,233.73
2023-11-01T00:00:00Z,6034.19,7396.63,4964.29,5919.68,1146.76,885.07,230.30
2023-11-02T00:00:00Z,6023.55,7483.67,5005.12,5921.09,1155.47,890.84,231.47
2023-11-03T00:00:00Z,6032.15,7493.13,5024.99,5929.88,1164.21,893.98,233.22
2023-11-04T00:00:00Z,6032.15,7493.13,5024.99,5929.88,1164.21,893.98,233.22
2023-11-05T00:00:00Z,6032.15,7493.13,5024.99,5929.88,1164.21,893.98,233.22
2023-11-06T00:00:00Z,6029.62,7520.44,5011.96,5959.03,1173.07,895.29,233.89
2023-11-07T00:00:00Z,6065.06,7481.93,4989.39,5947.94,1164.18,892.55,232.46
2023-11-08T00:00:00Z,6072.78,7471.43,4976.20,5950.29,1160.41,893.81,231.67
2023-11-09T00:00:00Z,6124.52,7485.43,4967.01,5947.13,1160.05,891.95,231.71
2023-11-10T00:00:00Z,6085.14,7476.89,4957.16,5943.60,1156.13,891.38,231.27
2023-11-11T00:00:00Z,6085.14,7476.89,4957.16,5943.60,1156.13,891.38,231.27
2023-11-12T00:00:00Z,6085.14,7476.89,4957.16,5943.60,1156.13,891.38,231.27
2023-11-13T00:00:00Z,6083.56,7467.79,4945.32,5942.47,1158.43,888.45,230.97
2023-11-14T00:00:00Z,6100.66,7505.58,4948.65,5943.74,1163.30,891.84,230.92
2023-11-15T00:00:00Z,6200.77,7606.37,4993.00,5982.91,1179.48,906.44,233.73
2023-11-16T00:00:00Z,6203.72,7593.07,4964.22,5976.02,1172.96,903.82,232.74
2023-11-17T00:00:00Z,6176.56,7611.57,5028.69,6007.09,1177.12,906.49,232.96
2023-11-18T00:00:00Z,6176.56,7611.57,5028.69,6007.09,1177.12,906.49,232.96
2023-11-19T00:00:00Z,6176.56,7611.57,5028.69,6007.09,1177.12,906.49,232.96
2023-11-20T00:00:00Z,6148.13,7650.77,5059.90,6040.81,1180.01,909.08,232.82
2023-11-21T00:00:00Z,6155.64,7669.68,5088.41,6071.23,1187.05,910.58,232.85
2023-11-22T00:00:00Z,6186.20,7638.87,5047.98,6059.48,1186.30,910.02,233.04
2023-11-23T00:00:00Z,6186.20,7631.17,5020.30,6066.04,1186.33,908.73,233.10
2023-11-24T00:00:00Z,6203.68,7636.61,5017.82,6056.43,1189.74,910.44,233.52
2023-11-25T00:00:00Z,6203.68,7636.61,5017.82,6056.43,1189.74,910.44,233.52
2023-11-26T00:00:00Z,6203.68,7636.61,5017.82,6056.43,1189.74,910.44,233.52
2023-11-27T00:00:00Z,6190.11,7661.10,5047.51,6057.16,1195.58,913.36,234.37
2023-11-28T00:00:00Z,6186.75,7659.70,5050.31,6056.67,1193.31,912.72,234.99
2023-11-29T00:00:00Z,6128.39,7684.89,5086.29,6078.68,1201.32,917.34,235.29
2023-11-30T00:00:00Z,6149.47,7647.11,5125.28,6174.75,1198.94,897.13,234.92
2023-12-01T00:00:00Z,6359.40,7614.73,5100.60,6168.65,1197.28,895.53,235.84
2023-12-02T00:00:00Z,6359.40,7614.73,5100.60,6168.65,1197.28,895.53,235.84
2023-12-03T00:00:00Z,6359.40,7614.73,5100.60,6168.65,1197.28,895.53,235.84
2023-12-04T00:00:00Z,6298.61,7609.82,5150.70,6173.03,1200.06,900.05,236.01
2023-12-05T00:00:00Z,6296.98,7574.11,5137.48,6168.79,1195.37,897.72,235.16
2023-12-06T00:00:00Z,6223.21,7546.81,5132.83,6156.19,1192.63,897.05,234.21
2023-12-07T00:00:00Z,6243.45,7541.90,5212.26,6159.37,1189.91,894.85,233.42
2023-12-08T00:00:00Z,6252.65,7536.86,5236.96,6153.14,1191.40,896.11,234.01
2023-12-09T00:00:00Z,6252.65,7536.86,5236.96,6153.14,1191.40,896.11,234.01
2023-12-10T00:00:00Z,6252.65,7536.86,5236.96,6153.14,1191.40,896.11,234.01
2023-12-11T00:00:00Z,6226.14,7522.88,5160.55,6139.58,1190.72,890.67,233.86
2023-12-12T00:00:00Z,6252.02,7555.75,5206.23,6147.21,1191.08,897.88,234.13
2023-12-13T00:00:00Z,6285.62,7543.86,5188.45,6139.21,1186.55,895.61,234.01
2023-12-14T00:00:00Z,6322.17,7636.17,5330.99,6179.22,1203.38,902.94,236.34
2023-12-15T00:00:00Z,6316.20,7648.41,5332.11,6198.79,1208.07,905.36,237.31
2023-12-16T00:00:00Z,6316.20,7648.41,5332.11,6198.79,1208.07,905.36,237.31
2023-12-17T00:00:00Z,6316.20,7648.41,5332.11,6198.79,1208.07,905.36,237.31
2023-12-18T00:00:00Z,6241.67,7628.85,5291.19,6176.51,1198.97,903.81,237.82
2023-12-19T00:00:00Z,6215.39,7659.59,5236.96,6174.61,1206.15,908.41,237.33
2023-12-20T00:00:00Z,6212.20,7647.02,5264.30,6173.15,1197.77,907.88,237.37
2023-12-21T00:00:00Z,6211.50,7674.27,5294.18,6171.05,1198.58,913.82,237.25
2023-12-22T00:00:00Z,6219.49,7604.95,5317.87,6176.67,1204.96,918.61,238.59
2023-12-23T00:00:00Z,6219.49,7604.95,5317.87,6176.67,1204.96,918.61,238.59
2023-12-24T00:00:00Z,6219.49,7604.95,5317.87,6176.67,1204.96,918.61,238.59
2023-12-25T00:00:00Z,6219.49,7604.95,5317.87,6176.67,1204.96,918.61,238.59
2023-12-26T00:00:00Z,6186.76,7604.95,5317.87,6176.67,1204.96,918.61,238.59
2023-12-27T00:00:00Z,6180.85,7633.93,5299.23,6165.24,1207.18,920.05,239.99
2023-12-28T00:00:00Z,6158.23,7667.73,5364.85,6203.92,1209.32,937.64,239.64
2023-12-29T00:00:00Z,5925.71,7663.72,5342.14,6202.13,1204.51,936.47,239.18
2023-12-30T00:00:00Z,5925.71,7663.72,5342.14,6202.13,1204.51,936.47,239.18
2023-12-31T00:00:00Z,5925.71,7663.72,5301.03,6431.40,1197.45,948.25,239.18
2024-01-01T00:00:00Z,5925.71,7663.72,5301.03,6431.40,1197.45,948.25,239.18
2024-01-02T00:00:00Z,6241.58,7598.52,5277.88,6396.66,1190.82,935.64,238.39
2024-01-03T00:00:00Z,6217.66,7572.86,5243.88,6391.96,1189.20,930.78,240.98
2024-01-04T00:00:00Z,6262.95,7596.44,5201.92,6389.52,1195.56,934.58,241.25
2024-01-05T00:00:00Z,6238.56,7557.16,5165.13,6387.16,1193.01,931.15,240.60
2024-01-06T00:00:00Z,6238.56,7557.16,5165.13,6387.16,1193.01,931.15,240.60
2024-01-07T00:00:00Z,6238.56,7557.16,5165.13,6387.16,1193.01,931.15,240.60
2024-01-08T00:00:00Z,6230.97,7574.46,5189.39,6379.98,1196.57,934.48,240.31
2024-01-09T00:00:00Z,6255.57,7570.31,5204.97,6377.78,1198.87,933.47,240.80
2024-01-10T00:00:00Z,6278.89,7574.46,5161.98,6373.55,1198.34,931.68,240.55
2024-01-11T00:00:00Z,6330.03,7602.84,5159.25,6383.35,1201.12,934.97,240.99
2024-01-12T00:00:00Z,6347.84,7575.86,5155.56,6373.25,1198.92,929.95,240.71
2024-01-13T00:00:00Z,6347.84,7575.86,5155.56,6373.25,1198.92,929.95,240.71
2024-01-14T00:00:00Z,6347.84,7575.86,5155.56,6373.25,1198.92,929.95,240.71
2024-01-15T00:00:00Z,6347.84,7577.94,5140.82,6368.67,1197.51,930.10,239.78
2024-01-16T00:00:00Z,6308.30,7534.32,5112.19,6355.64,1190.57,923.76,238.95
2024-01-17T00:00:00Z,6310.01,7530.86,5077.72,6350.69,1193.63,918.92,238.20
2024-01-18T00:00:00Z,6265.81,7529.47,5069.21,6352.04,1194.04,916.22,238.48
2024-01-19T00:00:00Z,6258.54,7500.35,5065.99,6354.18,1194.63,914.61,239.15
2024-01-20T00:00:00Z,6258.54,7500.35,5065.99,6354.18,1194.63,914.61,239.15
2024-01-21T00:00:00Z,6258.54,7500.35,5065.99,6354.18,1194.63,914.61,239.15
2024-01-22T00:00:00Z,6224.09,7502.41,5074.31,6351.22,1198.45,914.96,239.80
2024-01-23T00:00:00Z,6234.49,7490.01,5068.13,6372.94,1197.62,914.61,238.95
2024-01-24T00:00:00Z,6222.51,7512.75,5096.81,6388.76,1200.55,920.40,235.66
2024-01-25T00:00:00Z,6289.48,7504.48,5080.13,6373.80,1199.30,918.90,234.68
2024-01-26T00:00:00Z,6277.00,7487.50,5075.86,6369.00,1199.26,919.39,235.93
2024-01-27T00:00:00Z,6277.00,7487.50,5075.86,6369.00,1199.26,919.39,235.93
2024-01-28T00:00:00Z,6277.00,7487.50,5075.86,6369.00,1199.26,919.39,235.93
2024-01-29T00:00:00Z,6252.01,7454.44,5068.91,6364.71,1195.62,920.92,235.93
2024-01-30T00:00:00Z,6236.20,7470.28,5084.77,6364.80,1192.87,920.31,236.08
2024-01-31T00:00:00Z,6149.26,7464.08,5117.34,6358.61,1177.18,929.50,239.76
2024-02-01T00:00:00Z,6312.92,7448.24,5145.99,6355.00,1175.81,928.72,239.48
2024-02-02T00:00:00Z,6330.52,7471.62,5158.71,6359.27,1184.56,936.75,240.81
2024-02-03T00:00:00Z,6330.52,7471.62,5158.71,6359.27,1184.56,936.75,240.81
2024-02-04T00:00:00Z,6330.52,7471.62,5158.71,6359.27,1184.56,936.75,240.81
2024-02-05T00:00:00Z,6277.54,7377.56,5089.30,6341.00,1165.11,921.80,238.58
2024-02-06T00:00:00Z,6276.80,7375.50,5092.98,6349.00,1166.63,919.67,238.20
2024-02-07T00:00:00Z,6256.67,7398.16,5103.83,6344.02,1172.34,919.84,232.96
2024-02-08T00:00:00Z,6262.62,7385.80,5068.65,6342.34,1169.38,916.74,232.50
2024-02-09T00:00:00Z,6230.18,7391.12,5061.06,6344.94,1170.05,915.70,233.11
2024-02-10T00:00:00Z,6230.18,7391.12,5061.06,6344.94,1170.05,915.70,233.11
2024-02-11T00:00:00Z,6230.18,7391.12,5061.06,6344.94,1170.05,915.70,233.11
2024-02-12T00:00:00Z,6204.73,7391.80,5076.98,6344.87,1170.83,915.98,232.84
2024-02-13T00:00:00Z,6217.26,7405.53,5065.58,6344.86,1177.04,912.74,233.16
2024-02-14T00:00:00Z,6226.66,7350.64,5024.60,6344.90,1166.13,904.83,231.50
2024-02-15T00:00:00Z,6371.93,7371.22,5039.29,6344.31,1164.24,908.23,231.55
2024-02-16T00:00:00Z,6322.00,7368.20,5031.68,6344.88,1167.36,909.67,232.55
2024-02-17T00:00:00Z,6322.00,7368.20,5031.68,6344.88,1167.36,909.67,232.55
2024-02-18T00:00:00Z,6322.00,7368.20,5031.68,6344.88,1167.36,909.67,232.55
2024-02-19T00:00:00Z,6322.00,7373.68,5044.45,6340.67,1170.38,910.25,232.66
2024-02-20T00:00:00Z,6281.37,7391.47,5038.23,6343.86,1170.30,909.19,232.58
2024-02-21T00:00:00Z,6218.04,7396.26,5043.36,6346.99,1171.62,911.31,231.89
2024-02-22T00:00:00Z,6268.88,7420.21,5028.67,6346.48,1175.33,911.86,232.64
2024-02-23T00:00:00Z,6274.09,7400.64,5030.51,6341.93,1178.17,912.26,232.92
2024-02-24T00:00:00Z,6274.09,7400.64,5030.51,6341.93,1178.17,912.26,232.92
2024-02-25T00:00:00Z,6274.09,7400.64,5030.51,6341.93,1178.17,912.26,232.92
2024-02-26T00:00:00Z,6254.31,7412.94,5024.37,6342.05,1177.98,911.48,231.92
2024-02-27T00:00:00Z,6253.30,7415.67,5036.70,6341.14,1176.70,912.01,232.39
2024-02-28T00:00:00Z,6230.28,7382.88,5019.67,6340.12,1172.48,910.27,230.71
2024-02-29T00:00:00Z,6228.63,7395.18,5065.17,6194.90,1172.11,933.04,230.62
2024-03-01T00:00:00Z,6378.40,7374.43,5050.08,6191.51,1171.62,927.25,230.98
2024-03-02T00:00:00Z,6378.40,7374.43,5050.08,6191.51,1171.62,927.25,230.98
2024-03-03T00:00:00Z,6378.40,7374.43,5050.08,6191.51,1171.62,927.25,230.98
2024-03-04T00:00:00Z,6362.60,7396.94,5053.08,6190.76,1175.26,927.95,231.05
2024-03-05T00:00:00Z,6356.68,7398.98,5060.99,6190.89,1176.14,927.72,230.68
2024-03-06T00:00:00Z,6321.46,7416.03,5083.25,6191.13,1179.47,928.89,225.75
2024-03-07T00:00:00Z,6336.13,7430.36,5143.02,6192.72,1182.48,934.77,227.18
2024-03-08T00:00:00Z,6329.37,7448.18,5163.69,6199.36,1190.35,936.87,228.02
2024-03-09T00:00:00Z,6329.37,7448.18,5163.69,6199.36,1190.35,936.87,228.02
2024-03-10T00:00:00Z,6329.37,7448.18,5163.69,6199.36,1190.35,936.87,228.02
2024-03-11T00:00:00Z,6273.71,7444.09,5178.87,6205.67,1189.14,935.77,227.09
2024-03-12T00:00:00Z,6278.25,7437.28,5143.36,6209.57,1184.58,935.49,227.10
2024-03-13T00:00:00Z,6271.84,7452.95,5140.18,6196.71,1187.17,936.39,227.35
2024-03-14T00:00:00Z,6309.18,7443.41,5137.73,6197.76,1186.08,933.54,227.54
2024-03-15T00:00:00Z,6323.90,7423.54,5111.78,6193.54,1182.64,931.01,226.76
2024-03-16T00:00:00Z,6323.90,7423.54,5111.78,6193.54,1182.64,931.01,226.76
2024-03-17T00:00:00Z,6323.90,7423.54,5111.78,6193.54,1182.64,931.01,226.76
2024-03-18T00:00:00Z,6255.37,7423.54,5096.68,6191.80,1181.05,929.37,226.55
2024-03-19T00:00:00Z,6250.31,7397.65,5052.16,6190.89,1178.03,926.12,225.42
2024-03-20T00:00:00Z,6205.50,7390.83,5011.61,6191.68,1177.04,922.59,225.71
2024-03-21T00:00:00Z,6250.81,7433.77,5027.90,6191.01,1180.56,917.69,227.03
2024-03-22T00:00:00Z,6230.77,7370.42,5026.35,6164.92,1169.87,914.08,226.01
2024-03-23T00:00:00Z,6230.77,7370.42,5026.35,6164.92,1169.87,914.08,226.01
2024-03-24T00:00:00Z,6230.77,7370.42,5026.35,6164.92,1169.87,914.08,226.01
2024-03-25T00:00:00Z,6218.88,7378.59,5030.69,6180.53,1172.49,915.57,225.74
2024-03-26T00:00:00Z,6214.64,7392.21,5020.97,6174.24,1172.63,909.22,226.22
2024-03-27T00:00:00Z,6194.12,7365.65,5029.85,6165.90,1169.48,905.86,225.55
2024-03-28T00:00:00Z,6119.66,7362.25,5029.68,6166.05,1172.47,909.61,226.06
2024-03-29T00:00:00Z,6115.04,7156.55,5029.68,6166.05,1172.47,909.61,226.06
2024-03-30T00:00:00Z,6115.04,7156.55,5029.68,6166.05,1172.47,909.61,226.06
2024-03-31T00:00:00Z,6115.04,7156.55,5003.18,6071.51,1166.51,939.41,226.06
2024-04-01T00:00:00Z,6251.62,7156.55,5003.18,6071.51,1166.51,939.41,226.06
2024-04-02T00:00:00Z,6276.27,7115.50,4987.91,6065.02,1159.82,934.12,226.23
2024-04-03T00:00:00Z,6270.10,7138.01,4983.81,6065.18,1160.74,934.49,209.08
2024-04-04T00:00:00Z,6290.59,7183.69,4984.34,6066.82,1167.14,935.31,210.05
2024-04-05T00:00:00Z,6290.85,7139.18,4997.19,6066.86,1166.16,939.42,209.12
2024-04-06T00:00:00Z,6290.85,7139.18,4997.19,6066.86,1166.16,939.42,209.12
2024-04-07T00:00:00Z,6290.85,7139.18,4997.19,6066.86,1166.16,939.42,209.12
2024-04-08T00:00:00Z,6261.89,7127.32,4978.88,6067.54,1163.93,936.52,208.59
2024-04-09T00:00:00Z,6305.94,7156.30,4982.75,6067.32,1170.46,939.18,208.96
2024-04-10T00:00:00Z,6319.82,7151.69,4981.96,6067.66,1171.73,939.43,209.16
2024-04-11T00:00:00Z,6315.10,7065.42,4943.15,6064.11,1157.46,930.28,207.20
2024-04-12T00:00:00Z,6305.83,7026.77,4938.35,6063.69,1150.51,930.35,206.34
2024-04-13T00:00:00Z,6305.83,7026.77,4938.35,6063.69,1150.51,930.35,206.34
2024-04-14T00:00:00Z,6305.83,7026.77,4938.35,6063.69,1150.51,930.35,206.34
2024-04-15T00:00:00Z,6214.09,7029.41,4913.41,6062.83,1151.20,929.84,206.39
2024-04-16T00:00:00Z,6160.62,7016.88,4890.04,6062.94,1148.68,929.43,205.70
2024-04-17T00:00:00Z,6035.07,7017.54,4890.50,6062.64,1149.32,931.34,205.45
2024-04-18T00:00:00Z,6041.96,7044.58,4901.01,6063.33,1150.68,933.87,206.30
2024-04-19T00:00:00Z,6068.81,7023.69,4893.23,6060.73,1147.99,933.90,206.09
2024-04-20T00:00:00Z,6068.81,7023.69,4893.23,6060.73,1147.99,933.90,206.09
2024-04-21T00:00:00Z,6068.81,7023.69,4893.23,6060.73,1147.99,933.90,206.09
2024-04-22T00:00:00Z,6039.70,7009.85,4888.63,6058.75,1136.33,930.81,206.73
2024-04-23T00:00:00Z,6013.91,7037.54,4886.56,6055.87,1144.50,931.51,207.10
2024-04-24T00:00:00Z,6031.84,7045.45,4882.01,6056.57,1147.19,927.79,207.31
2024-04-25T00:00:00Z,6050.54,7067.87,4862.59,6056.21,1154.47,929.03,207.53
2024-04-26T00:00:00Z,6027.58,7070.02,4823.14,6056.25,1154.25,929.74,207.80
2024-04-27T00:00:00Z,6027.58,7070.02,4823.14,6056.25,1154.25,929.74,207.80
2024-04-28T00:00:00Z,6027.58,7070.02,4823.14,6056.25,1154.25,929.74,207.80
2024-04-29T00:00:00Z,5967.31,7073.98,4840.24,6060.50,1156.92,930.55,207.87
2024-04-30T00:00:00Z,5905.77,7072.66,4830.14,5916.66,1158.06,940.51,207.31
2024-05-01T00:00:00Z,6033.88,7072.66,4830.14,5916.66,1158.06,940.51,206.63
2024-05-02T00:00:00Z,6061.20,7059.46,4897.97,5916.60,1155.08,941.45,206.16
2024-05-03T00:00:00Z,6059.20,7071.78,4949.21,5916.60,1159.58,946.96,206.99
2024-05-04T00:00:00Z,6059.20,7071.78,4949.21,5916.60,1159.58,946.96,206.99
2024-05-05T00:00:00Z,6059.20,7071.78,4949.21,5916.60,1159.58,946.96,206.99
2024-05-06T00:00:00Z,6026.64,7092.84,4931.60,5944.62,1161.85,948.80,206.91
2024-05-07T00:00:00Z,6041.61,7086.26,4904.82,5935.66,1158.81,946.37,206.73
2024-05-08T00:00:00Z,6043.17,7071.12,4873.84,5927.25,1152.60,944.35,205.59
2024-05-09T00:00:00Z,6090.61,7063.88,4863.91,5928.59,1152.60,944.35,206.16
2024-05-10T00:00:00Z,6071.81,7093.61,4869.20,5929.86,1156.84,946.64,206.80
2024-05-11T00:00:00Z,6071.81,7093.61,4869.20,5929.86,1156.84,946.64,206.80
2024-05-12T00:00:00Z,6071.81,7093.61,4869.20,5929.86,1156.84,946.64,206.80
2024-05-13T00:00:00Z,6052.91,7104.14,4865.42,5922.08,1158.99,947.56,206.96
2024-05-14T00:00:00Z,6079.40,7104.80,4847.43,5922.02,1159.63,946.00,207.04
2024-05-15T00:00:00Z,6154.39,7128.49,4876.88,5933.49,1165.44,949.26,207.64
2024-05-16T00:00:00Z,6177.27,7150.86,4895.09,5935.57,1168.96,950.10,207.63
2024-05-17T00:00:00Z,6130.32,7116.30,4866.96,5928.09,1168.84,945.00,207.57
2024-05-18T00:00:00Z,6130.32,7116.30,4866.96,5928.09,1168.84,945.00,207.57
2024-05-19T00:00:00Z,6130.32,7116.30,4866.96,5928.09,1168.84,945.00,207.57
2024-05-20T00:00:00Z,6076.82,7127.45,4866.24,5923.02,1172.55,944.09,207.70
2024-05-21T00:00:00Z,6074.14,7129.42,4850.10,5920.89,1174.35,943.97,207.77
2024-05-22T00:00:00Z,6092.30,7107.11,4844.05,5917.11,1174.46,939.02,206.99
2024-05-23T00:00:00Z,6128.54,7122.86,4844.50,5917.85,1176.92,940.91,207.14
2024-05-24T00:00:00Z,6170.37,7130.22,4827.45,5914.43,1174.49,938.09,206.41
2024-05-25T00:00:00Z,6170.37,7130.22,4827.45,5914.43,1174.49,938.09,206.41
2024-05-26T00:00:00Z,6170.37,7130.22,4827.45,5914.43,1174.49,938.09,206.41
2024-05-27T00:00:00Z,6170.37,7132.20,4834.75,5914.34,1177.18,938.54,207.20
2024-05-28T00:00:00Z,6162.84,7157.85,4838.77,5913.25,1181.28,943.24,207.84
2024-05-29T00:00:00Z,6108.99,7141.41,4822.00,5909.86,1177.87,941.17,207.16
2024-05-30T00:00:00Z,6133.23,7113.78,4838.48,5920.47,1173.66,946.99,206.50
2024-05-31T00:00:00Z,6125.59,7119.63,4843.59,5932.20,1166.81,932.61,207.54
2024-06-01T00:00:00Z,6125.59,7119.63,4843.59,5932.20,1166.81,932.61,207.54
2024-06-02T00:00:00Z,6125.59,7119.63,4843.59,5932.20,1166.81,932.61,207.54
2024-06-03T00:00:00Z,6184.89,7113.07,4851.36,5927.86,1168.33,936.14,207.63
2024-06-04T00:00:00Z,6205.84,7128.16,4913.65,5935.30,1171.25,944.79,207.01
2024-06-05T00:00:00Z,6180.53,7132.75,4875.39,5926.69,1173.31,945.31,200.28
2024-06-06T00:00:00Z,6196.82,7128.16,4871.68,5928.89,1172.01,946.36,199.99
2024-06-07T00:00:00Z,6184.72,7129.07,4892.82,5931.75,1175.12,948.35,200.28
2024-06-08T00:00:00Z,6184.72,7129.07,4892.82,5931.75,1175.12,948.35,200.28
2024-06-09T00:00:00Z,6184.72,7129.07,4892.82,5931.75,1175.12,948.35,200.28
2024-06-10T00:00:00Z,6148.90,7036.18,4851.39,5926.48,1167.43,941.72,199.02
2024-06-11T00:00:00Z,6178.02,7019.17,4847.70,5921.12,1169.68,940.91,198.81
2024-06-12T00:00:00Z,6161.19,7042.07,4837.96,5921.64,1171.17,942.12,199.32
2024-06-13T00:00:00Z,6181.08,7054.50,4839.92,5922.61,1171.81,941.15,199.29
2024-06-14T00:00:00Z,6195.78,6982.79,4846.81,5920.42,1164.79,945.70,199.08
2024-06-15T00:00:00Z,6195.78,6982.79,4846.81,5920.42,1164.79,945.70,199.08
2024-06-16T00:00:00Z,6195.78,6982.79,4846.81,5920.42,1164.79,945.70,199.08
2024-06-17T00:00:00Z,6102.93,6999.78,4820.97,5919.63,1162.54,945.32,199.27
2024-06-18T00:00:00Z,6101.27,7001.74,4813.78,5919.76,1163.32,950.46,199.26
2024-06-19T00:00:00Z,6094.84,7023.96,4818.53,5918.98,1168.18,954.08,201.43
2024-06-20T00:00:00Z,6091.95,7004.35,4803.95,5916.11,1164.13,947.43,201.43
2024-06-21T00:00:00Z,6068.08,6986.55,4790.06,5915.95,1160.51,945.58,201.73
2024-06-22T00:00:00Z,6068.08,6986.55,4790.06,5915.95,1160.51,945.58,201.73
2024-06-23T00:00:00Z,6068.08,6986.55,4790.06,5915.95,1160.51,945.58,201.73
2024-06-24T00:00:00Z,6032.19,7014.00,4770.95,5917.16,1162.34,944.44,201.83
2024-06-25T00:00:00Z,6018.98,7003.55,4773.04,5914.42,1164.24,944.12,201.97
2024-06-26T00:00:00Z,5996.80,6987.20,4745.79,5911.10,1161.69,940.93,199.47
2024-06-27T00:00:00Z,5980.85,6991.78,4742.26,5909.49,1160.57,939.69,199.34
2024-06-28T00:00:00Z,5788.80,6981.80,4738.52,5914.24,1160.89,937.55,199.20
2024-06-29T00:00:00Z,5788.80,6981.80,4738.52,5914.24,1160.89,937.55,199.20
2024-06-30T00:00:00Z,5788.80,6981.80,4692.36,6010.74,1161.92,913.97,199.20
2024-07-01T00:00:00Z,6015.94,7007.89,4676.98,6006.24,1164.17,912.18,199.38
2024-07-02T00:00:00Z,6019.24,6997.46,4665.71,6003.68,1162.91,910.07,198.87
2024-07-03T00:00:00Z,6050.01,7016.37,4654.95,6001.98,1167.09,910.55,199.78
2024-07-04T00:00:00Z,6050.01,7043.76,4682.26,6004.85,1171.88,914.20,200.53
2024-07-05T00:00:00Z,6098.73,7033.11,4686.74,6007.48,1175.18,915.01,200.55
2024-07-06T00:00:00Z,6098.73,7033.11,4686.74,6007.48,1175.18,915.01,200.55
2024-07-07T00:00:00Z,6098.73,7033.11,4686.74,6007.48,1175.18,915.01,200.55
2024-07-08T00:00:00Z,6063.10,7040.26,4683.16,6005.11,1179.20,917.73,200.27
2024-07-09T00:00:00Z,6051.13,7026.61,4678.64,6003.15,1175.79,915.86,200.15
2024-07-10T00:00:00Z,6079.60,7033.76,4667.59,5999.80,1176.61,915.75,200.32
2024-07-11T00:00:00Z,6088.95,7053.25,4664.52,6008.87,1182.85,915.84,200.36
2024-07-12T00:00:00Z,6083.02,7072.47,4747.77,6018.93,1190.56,918.98,200.49
2024-07-13T00:00:00Z,6083.02,7072.47,4747.77,6018.93,1190.56,918.98,200.49
2024-07-14T00:00:00Z,6083.02,7072.47,4747.77,6018.93,1190.56,918.98,200.49
2024-07-15T00:00:00Z,6046.26,7083.51,4769.81,6011.43,1192.19,919.66,200.20
2024-07-16T00:00:00Z,6019.46,7080.26,4759.06,6007.39,1191.46,918.68,199.68
2024-07-17T00:00:00Z,6042.07,7101.05,4813.18,6013.71,1197.00,927.84,206.56
2024-07-18T00:00:00Z,6040.82,7098.45,4816.76,6014.92,1192.86,930.09,206.43
2024-07-19T00:00:00Z,6057.19,7054.89,4782.63,6005.17,1187.02,924.58,205.88
2024-07-20T00:00:00Z,6057.19,7054.89,4782.63,6005.17,1187.02,924.58,205.88
2024-07-21T00:00:00Z,6057.19,7054.89,4782.63,6005.17,1187.02,924.58,205.88
2024-07-22T00:00:00Z,6042.56,7053.60,4804.43,6002.10,1187.71,926.04,205.39
2024-07-23T00:00:00Z,6024.94,7035.46,4824.84,6000.91,1186.66,922.70,205.23
2024-07-24T00:00:00Z,6038.91,7027.68,4888.97,5999.52,1186.76,928.59,209.83
2024-07-25T00:00:00Z,6060.13,7029.63,4937.86,6047.38,1182.77,936.15,208.95
2024-07-26T00:00:00Z,6057.67,7032.39,4876.59,6020.19,1182.37,931.07,209.28
2024-07-27T00:00:00Z,6057.67,7032.39,4876.59,6020.19,1182.37,931.07,209.28
2024-07-28T00:00:00Z,6057.67,7032.39,4876.59,6020.19,1182.37,931.07,209.28
2024-07-29T00:00:00Z,6038.67,7004.55,4898.14,6014.07,1178.15,928.93,208.91
2024-07-30T00:00:00Z,6035.98,7009.08,4867.09,6020.18,1180.10,928.17,208.77
2024-07-31T00:00:00Z,5911.19,7011.67,5067.49,6044.06,1142.49,922.71,209.16
2024-08-01T00:00:00Z,6044.41,6986.41,5052.34,6021.59,1139.08,925.80,209.31
2024-08-02T00:00:00Z,6080.86,7008.82,5114.44,6057.18,1134.89,933.10,208.49
2024-08-03T00:00:00Z,6080.86,7008.82,5114.44,6057.18,1134.89,933.10,208.49
2024-08-04T00:00:00Z,6080.86,7008.82,5114.44,6057.18,1134.89,933.10,208.49
2024-08-05T00:00:00Z,6092.95,7093.56,5355.15,6132.69,1136.87,957.47,208.88
2024-08-06T00:00:00Z,6106.61,7060.57,5252.45,6102.22,1130.00,950.87,209.16
2024-08-07T00:00:00Z,6103.36,7065.10,5179.58,6078.57,1133.23,942.99,210.52
2024-08-08T00:00:00Z,6079.80,7070.27,5211.93,6085.50,1130.31,947.81,210.52
2024-08-09T00:00:00Z,6074.70,7054.80,5186.57,6087.04,1134.04,939.96,210.46
2024-08-10T00:00:00Z,6074.70,7054.80,5186.57,6087.04,1134.04,939.96,210.46
2024-08-11T00:00:00Z,6074.70,7054.80,5186.57,6087.04,1134.04,939.96,210.46
2024-08-12T00:00:00Z,6046.58,7059.97,5160.76,6079.15,1136.91,935.10,210.74
2024-08-13T00:00:00Z,6038.15,7063.85,5166.16,6093.21,1138.81,936.70,210.63
2024-08-14T00:00:00Z,6060.39,7120.71,5181.71,6116.80,1143.63,940.76,210.99
2024-08-15T00:00:00Z,6144.64,7115.54,5172.83,6097.70,1145.04,937.52,211.18
2024-08-16T00:00:00Z,6116.43,7090.28,5146.44,6092.77,1149.81,936.17,210.79
2024-08-17T00:00:00Z,6116.43,7090.28,5146.44,6092.77,1149.81,936.17,210.79
2024-08-18T00:00:00Z,6116.43,7090.28,5146.44,6092.77,1149.81,936.17,210.79
2024-08-19T00:00:00Z,6101.07,7120.60,5216.53,6111.83,1153.17,939.88,211.65
2024-08-20T00:00:00Z,6107.89,7148.33,5205.84,6108.98,1158.33,945.12,212.65
2024-08-21T00:00:00Z,6083.90,7168.97,5218.30,6117.81,1160.19,950.24,209.54
2024-08-22T00:00:00Z,6088.44,7181.22,5215.01,6114.01,1167.10,953.17,209.72
2024-08-23T00:00:00Z,6092.82,7183.21,5217.11,6116.09,1168.52,953.38,209.79
2024-08-24T00:00:00Z,6092.82,7183.21,5217.11,6116.09,1168.52,953.38,209.79
2024-08-25T00:00:00Z,6092.82,7183.21,5217.11,6116.09,1168.52,953.38,209.79
2024-08-26T00:00:00Z,6046.18,7210.33,5283.34,6127.76,1174.15,958.60,211.00
2024-08-27T00:00:00Z,6009.68,7209.69,5273.04,6124.52,1176.92,960.54,211.47
2024-08-28T00:00:00Z,5977.27,7180.62,5273.70,6122.45,1176.01,963.30,214.78
2024-08-29T00:00:00Z,5985.32,7161.89,5266.83,6153.07,1172.78,961.92,215.01
2024-08-30T00:00:00Z,5980.60,7176.72,5239.24,6157.83,1173.44,956.52,214.78
2024-08-31T00:00:00Z,5980.60,7176.72,5260.54,6192.09,1184.55,948.67,214.78
2024-09-01T00:00:00Z,5980.60,7176.72,5260.54,6192.09,1184.55,948.67,214.78
2024-09-02T00:00:00Z,5980.60,7159.89,5203.97,6170.35,1180.40,946.55,214.41
2024-09-03T00:00:00Z,5999.30,7143.06,5233.59,6160.78,1179.49,944.93,213.63
2024-09-04T00:00:00Z,6004.21,7152.77,5273.41,6166.49,1178.81,947.52,205.65
2024-09-05T00:00:00Z,6052.35,7183.19,5331.10,6185.56,1182.84,952.16,206.30
2024-09-06T00:00:00Z,6053.46,7168.76,5343.05,6195.90,1183.83,955.22,206.58
2024-09-07T00:00:00Z,6053.46,7168.76,5343.05,6195.90,1183.83,955.22,206.58
2024-09-08T00:00:00Z,6053.46,7168.76,5343.05,6195.90,1183.83,955.22,206.58
2024-09-09T00:00:00Z,6049.00,7130.02,5327.58,6167.21,1176.42,948.94,205.53
2024-09-10T00:00:00Z,6085.08,7122.28,5346.07,6165.13,1176.54,950.64,205.39
2024-09-11T00:00:00Z,6110.21,7130.02,5393.24,6171.52,1176.29,950.76,209.48
2024-09-12T00:00:00Z,6132.18,7112.59,5365.66,6163.73,1172.23,942.80,209.43
2024-09-13T00:00:00Z,6116.12,7138.95,5426.70,6184.89,1178.94,951.09,209.31
2024-09-14T00:00:00Z,6116.12,7138.95,5426.70,6184.89,1178.94,951.09,209.31
2024-09-15T00:00:00Z,6116.12,7138.95,5426.70,6184.89,1178.94,951.09,209.31
2024-09-16T00:00:00Z,6000.51,7167.94,5466.59,6184.91,1186.49,954.24,209.49
2024-09-17T00:00:00Z,6004.95,7176.32,5436.31,6184.85,1187.88,954.24,209.39
2024-09-18T00:00:00Z,5963.91,7166.66,5386.71,6196.04,1187.02,954.68,205.24
2024-09-19T00:00:00Z,5972.11,7187.27,5348.36,6211.50,1194.30,950.14,205.93
2024-09-20T00:00:00Z,5965.08,7178.05,5301.64,6221.09,1195.98,948.38,205.60
2024-09-21T00:00:00Z,5965.08,7178.05,5301.64,6221.09,1195.98,948.38,205.60
2024-09-22T00:00:00Z,5965.08,7178.05,5301.64,6221.09,1195.98,948.38,205.60
2024-09-23T00:00:00Z,5904.44,7147.84,5328.95,6221.60,1196.53,948.19,205.86
2024-09-24T00:00:00Z,5915.46,7156.84,5317.00,6241.21,1202.33,950.29,206.56
2024-09-25T00:00:00Z,5884.96,7196.05,5301.44,6243.35,1202.66,949.86,207.38
2024-09-26T00:00:00Z,5908.44,7170.98,5306.30,6259.70,1201.70,950.86,206.92
2024-09-27T00:00:00Z,5870.84,7139.33,5345.97,6260.03,1203.32,954.34,206.83
2024-09-28T00:00:00Z,5870.84,7139.33,5345.97,6260.03,1203.32,954.34,206.83
2024-09-29T00:00:00Z,5870.84,7139.33,5345.97,6260.03,1203.32,954.34,206.83
2024-09-30T00:00:00Z,5728.70,7163.65,5277.15,6489.21,1201.03,988.94,206.20
2024-10-01T00:00:00Z,5890.84,7093.26,5240.05,6483.60,1194.23,983.91,206.18
2024-10-02T00:00:00Z,5840.11,7083.67,5203.90,6483.57,1191.26,983.21,202.62
2024-10-03T00:00:00Z,5909.73,7063.19,5133.76,6483.61,1174.14,980.47,201.86
2024-10-04T00:00:00Z,5916.66,7101.32,5138.31,6483.59,1180.40,978.85,201.58
2024-10-05T00:00:00Z,5916.66,7101.32,5138.31,6483.59,1180.40,978.85,201.58
2024-10-06T00:00:00Z,5916.66,7101.32,5138.31,6483.59,1180.40,978.85,201.58
2024-10-07T00:00:00Z,5913.46,7071.06,5086.84,6483.60,1172.81,975.30,201.23
2024-10-08T00:00:00Z,5901.38,7071.06,5091.23,6452.46,1174.77,973.02,200.33
2024-10-09T00:00:00Z,5916.00,7054.96,5064.67,6438.94,1172.63,972.15,202.91
2024-10-10T00:00:00Z,5940.91,7038.87,5056.84,6429.14,1170.71,970.35,201.83
2024-10-11T00:00:00Z,5935.41,7045.83,5056.82,6440.50,1171.08,972.43,201.51
2024-10-12T00:00:00Z,5935.41,7045.83,5056.82,6440.50,1171.08,972.43,201.51
2024-10-13T00:00:00Z,5935.41,7045.83,5056.82,6440.50,1171.08,972.43,201.51
2024-10-14T00:00:00Z,5935.41,7031.01,5032.29,6422.80,1169.18,967.19,201.30
2024-10-15T00:00:00Z,5934.79,7023.28,5043.43,6395.72,1172.24,966.95,200.86
2024-10-16T00:00:00Z,5952.50,7019.42,5049.33,6397.40,1168.09,966.83,199.47
2024-10-17T00:00:00Z,5948.23,6999.45,5037.14,6389.58,1166.86,965.82,199.41
2024-10-18T00:00:00Z,5951.59,6973.66,5020.61,6404.90,1168.88,961.98,199.26
2024-10-19T00:00:00Z,5951.59,6973.66,5020.61,6404.90,1168.88,961.98,199.26
2024-10-20T00:00:00Z,5951.59,6973.66,5020.61,6404.90,1168.88,961.98,199.26
2024-10-21T00:00:00Z,5936.64,6977.51,5022.15,6397.40,1167.42,964.67,198.87
2024-10-22T00:00:00Z,5962.83,6956.94,4994.15,6390.62,1163.63,963.36,198.73
2024-10-23T00:00:00Z,5941.16,6922.22,4925.77,6383.00,1160.50,961.12,197.55
2024-10-24T00:00:00Z,5992.48,6944.08,4957.58,6395.74,1163.29,963.23,197.88
2024-10-25T00:00:00Z,5974.93,6943.63,4958.63,6387.10,1163.81,961.97,197.44
2024-10-26T00:00:00Z,5974.93,6943.63,4958.63,6387.10,1163.81,961.97,197.44
2024-10-27T00:00:00Z,5974.93,6943.63,4958.63,6387.10,1163.81,961.97,197.44
2024-10-28T00:00:00Z,5942.48,6939.14,4933.52,6384.96,1164.01,962.89,196.77
2024-10-29T00:00:00Z,5937.50,6910.92,4899.22,6375.86,1163.04,958.77,196.61
2024-10-30T00:00:00Z,5937.41,6937.22,4910.45,6386.91,1161.80,959.96,201.42
2024-10-31T00:00:00Z,5891.17,6980.20,4952.61,6286.67,1113.06,965.69,201.84
2024-11-01T00:00:00Z,6038.78,6971.01,4976.72,6291.08,1110.12,964.42,201.76
2024-11-02T00:00:00Z,6038.78,6971.01,4976.72,6291.08,1110.12,964.42,201.76
2024-11-03T00:00:00Z,6038.78,6971.01,4976.72,6291.08,1110.12,964.42,201.76
2024-11-04T00:00:00Z,6005.00,6983.18,4987.51,6305.32,1111.19,967.85,201.97
2024-11-05T00:00:00Z,6030.45,6978.69,4970.49,6297.86,1112.37,968.05,202.20
2024-11-06T00:00:00Z,5976.20,6849.33,4904.37,6231.51,1100.90,953.55,200.89
2024-11-07T00:00:00Z,5995.33,6906.97,4925.94,6253.00,1110.67,955.05,201.67
2024-11-08T00:00:00Z,5999.40,6886.53,4965.85,6239.48,1109.29,957.86,201.12
2024-11-09T00:00:00Z,5999.40,6886.53,4965.85,6239.48,1109.29,957.86,201.12
2024-11-10T00:00:00Z,5999.40,6886.53,4965.85,6239.48,1109.29,957.86,201.12
2024-11-11T00:00:00Z,5999.40,6809.17,4920.86,6210.72,1103.57,949.53,200.67
2024-11-12T00:00:00Z,5964.11,6787.44,4908.45,6185.90,1097.99,948.01,200.69
2024-11-13T00:00:00Z,5920.15,6795.11,4884.16,6205.42,1091.61,946.56,197.17
2024-11-14T00:00:00Z,5936.91,6733.74,4853.90,6178.32,1085.07,939.01,196.46
2024-11-15T00:00:00Z,6063.80,6755.13,4873.38,6189.39,1086.34,941.46,196.04
2024-11-16T00:00:00Z,6063.80,6755.13,4873.38,6189.39,1086.34,941.46,196.04
2024-11-17T00:00:00Z,6063.80,6755.13,4873.38,6189.39,1086.34,941.46,196.04
2024-11-18T00:00:00Z,6012.95,6735.34,4877.50,6175.29,1081.79,941.20,195.31
2024-11-19T00:00:00Z,6003.73,6751.93,4920.47,6179.51,1083.45,947.06,196.32
2024-11-20T00:00:00Z,5968.10,6741.72,4861.93,6174.20,1085.16,944.32,196.48
2024-11-21T00:00:00Z,5955.47,6718.74,4901.71,6179.31,1082.85,945.96,196.70
2024-11-22T00:00:00Z,5960.81,6648.14,4899.57,6172.82,1072.00,937.93,196.43
2024-11-23T00:00:00Z,5960.81,6648.14,4899.57,6172.82,1072.00,937.93,196.43
2024-11-24T00:00:00Z,5960.81,6648.14,4899.57,6172.82,1072.00,937.93,196.43
2024-11-25T00:00:00Z,5959.87,6701.14,4914.18,6176.19,1077.18,940.14,196.81
2024-11-26T00:00:00Z,5963.67,6718.38,4942.42,6172.03,1079.75,943.57,194.86
2024-11-27T00:00:00Z,5952.62,6724.12,4992.50,6170.67,1081.71,944.88,193.02
2024-11-28T00:00:00Z,5952.62,6731.15,4990.22,6172.59,1085.05,945.36,193.71
2024-11-29T00:00:00Z,5950.64,6730.91,5039.08,6177.75,1087.44,947.66,193.73
2024-11-30T00:00:00Z,5950.64,6730.91,5059.69,6265.43,1087.88,956.52,193.73
2024-12-01T00:00:00Z,5950.64,6730.91,5059.69,6265.43,1087.88,956.52,193.73
2024-12-02T00:00:00Z,5926.50,6695.86,5062.06,6237.95,1086.23,950.83,193.35
2024-12-03T00:00:00Z,5928.09,6699.05,5078.64,6227.22,1083.80,952.00,193.38
2024-12-04T00:00:00Z,5917.95,6686.30,5027.74,6240.15,1085.57,950.59,194.49
2024-12-05T00:00:00Z,5965.21,6716.89,5052.97,6244.79,1090.93,954.94,194.66
2024-12-06T00:00:00Z,5977.06,6721.04,5049.38,6246.65,1094.44,960.83,194.46
2024-12-07T00:00:00Z,5977.06,6721.04,5049.38,6246.65,1094.44,960.83,194.46
2024-12-08T00:00:00Z,5977.06,6721.04,5049.38,6246.65,1094.44,960.83,194.46
2024-12-09T00:00:00Z,5941.91,6712.78,5038.43,6245.64,1093.76,958.51,193.74
2024-12-10T00:00:00Z,5972.68,6686.74,5008.20,6255.30,1092.81,957.68,193.13
2024-12-11T00:00:00Z,6006.01,6674.03,4979.67,6246.36,1092.02,954.52,190.78
2024-12-12T00:00:00Z,6028.78,6663.87,4995.45,6240.61,1090.76,949.08,191.00
2024-12-13T00:00:00Z,6036.38,6682.30,4950.92,6237.21,1085.46,944.83,190.36
2024-12-14T00:00:00Z,6036.38,6682.30,4950.92,6237.21,1085.46,944.83,190.36
2024-12-15T00:00:00Z,6036.38,6682.30,4950.92,6237.21,1085.46,944.83,190.36
2024-12-16T00:00:00Z,5925.52,6669.59,4932.95,6229.18,1084.68,944.34,189.93
2024-12-17T00:00:00Z,5948.71,6668.96,4935.53,6228.50,1088.47,940.13,189.46
2024-12-18T00:00:00Z,5953.71,6668.32,4938.42,6227.99,1090.06,943.15,196.77
2024-12-19T00:00:00Z,5988.93,6604.15,4844.41,6217.26,1080.55,940.39,196.07
2024-12-20T00:00:00Z,6023.49,6592.25,4847.43,6216.48,1073.26,942.16,195.77
2024-12-21T00:00:00Z,6023.49,6592.25,4847.43,6216.48,1073.26,942.16,195.77
2024-12-22T00:00:00Z,6023.49,6592.25,4847.43,6216.48,1073.26,942.16,195.77
2024-12-23T00:00:00Z,5980.46,6594.15,4834.88,6215.81,1073.18,938.50,195.41
2024-12-24T00:00:00Z,5973.30,6595.42,4839.07,6218.48,1075.85,936.47,195.32
2024-12-25T00:00:00Z,5969.94,6595.42,4839.07,6218.48,1075.85,936.47,194.71
2024-12-26T00:00:00Z,6000.45,6595.42,4839.07,6218.48,1075.85,936.47,194.71
2024-12-27T00:00:00Z,5896.82,6633.79,4816.39,6215.70,1076.19,936.27,195.28
2024-12-28T00:00:00Z,5896.82,6633.79,4816.39,6215.70,1076.19,936.27,195.28
2024-12-29T00:00:00Z,5896.82,6633.79,4816.39,6215.70,1076.19,936.27,195.28
2024-12-30T00:00:00Z,5879.79,6639.51,4822.88,6215.75,1079.04,933.21,195.02
2024-12-31T00:00:00Z,5690.61,6604.54,4765.66,6034.96,1051.30,942.73,195.12
2025-01-01T00:00:00Z,5657.14,6604.54,4765.66,6034.96,1051.30,942.73,192.69
2025-01-02T00:00:00Z,5935.59,6561.31,4764.27,6034.85,1041.91,940.66,192.23
2025-01-03T00:00:00Z,5964.84,6604.37,4762.05,6019.35,1041.25,939.56,192.38
2025-01-04T00:00:00Z,5964.84,6604.37,4762.05,6019.35,1041.25,939.56,192.38
2025-01-05T00:00:00Z,5964.84,6604.37,4762.05,6019.35,1041.25,939.56,192.38
2025-01-06T00:00:00Z,5952.01,6685.81,4777.07,6020.65,1052.76,947.70,193.81
2025-01-07T00:00:00Z,5992.71,6664.65,4744.22,6012.78,1051.75,941.70,193.67
2025-01-08T00:00:00Z,6047.88,6596.04,4721.89,6008.41,1034.83,936.67,188.92
2025-01-09T00:00:00Z,6061.60,6608.22,4741.67,6007.95,1031.73,936.60,188.91
2025-01-10T00:00:00Z,6043.17,6601.96,4732.48,6008.64,1033.05,934.62,188.72
2025-01-11T00:00:00Z,6043.17,6601.96,4732.48,6008.64,1033.05,934.62,188.72
2025-01-12T00:00:00Z,6043.17,6601.96,4732.48,6008.64,1033.05,934.62,188.72
2025-01-13T00:00:00Z,6022.53,6534.05,4760.97,6008.15,1016.75,931.94,188.63
2025-01-14T00:00:00Z,6021.78,6564.16,4741.19,6008.76,1019.88,931.35,188.92
2025-01-15T00:00:00Z,6062.91,6599.40,4763.10,6008.46,1025.05,936.45,200.10
2025-01-16T00:00:00Z,6062.39,6581.46,4788.34,6008.36,1022.93,935.70,199.66
2025-01-17T00:00:00Z,6042.39,6594.19,4807.35,6010.55,1023.15,936.27,198.98
2025-01-18T00:00:00Z,6042.39,6594.19,4807.35,6010.55,1023.15,936.27,198.98
2025-01-19T00:00:00Z,6042.39,6594.19,4807.35,6010.55,1023.15,936.27,198.98
2025-01-20T00:00:00Z,6042.39,6605.71,4782.03,6024.49,1023.31,934.42,198.53
2025-01-21T00:00:00Z,6033.18,6631.97,4804.01,6047.47,1027.80,938.34,198.80
2025-01-22T00:00:00Z,6042.29,6687.04,4800.44,6061.61,1037.40,943.92,195.47
2025-01-23T00:00:00Z,5939.69,6662.06,4786.63,6043.99,1033.50,941.10,194.59
2025-01-24T00:00:00Z,5957.80,6710.54,4779.12,6078.53,1040.94,942.06,195.45
2025-01-25T00:00:00Z,5957.80,6710.54,4779.12,6078.53,1040.94,942.06,195.45
2025-01-26T00:00:00Z,5957.80,6710.54,4779.12,6078.53,1040.94,942.06,195.45
2025-01-27T00:00:00Z,5941.44,6747.70,4855.65,6078.95,1050.52,951.39,195.48
2025-01-28T00:00:00Z,5905.56,6677.85,4815.78,6078.88,1042.60,942.73,194.45
2025-01-29T00:00:00Z,5884.80,6661.83,4814.94,6074.92,1041.90,941.57,198.32
2025-01-30T00:00:00Z,5866.27,6666.32,4853.64,6074.90,1043.07,941.11,198.64
2025-01-31T00:00:00Z,5837.25,6644.95,4805.26,6434.34,1045.70,948.26,197.95
2025-02-01T00:00:00Z,5837.25,6644.95,4805.26,6434.34,1045.70,948.26,197.95
2025-02-02T00:00:00Z,5837.25,6644.95,4805.26,6434.34,1045.70,948.26,197.95
2025-02-03T00:00:00Z,5920.40,6568.87,4813.62,6434.35,1039.60,942.99,195.47
2025-02-04T00:00:00Z,5916.37,6607.87,4792.43,6434.29,1045.12,948.28,198.71
2025-02-05T00:00:00Z,5914.19,6663.49,4871.31,6415.35,1055.22,956.37,180.71
2025-02-06T00:00:00Z,5900.63,6623.85,4882.19,6401.34,1041.39,951.69,179.77
2025-02-07T00:00:00Z,5889.94,6611.19,4895.78,6401.41,1047.29,949.91,179.85
2025-02-08T00:00:00Z,5889.94,6611.19,4895.78,6401.41,1047.29,949.91,179.85
2025-02-09T00:00:00Z,5889.94,6611.19,4895.78,6401.41,1047.29,949.91,179.85
2025-02-10T00:00:00Z,5873.48,6574.88,4895.26,6386.43,1042.41,946.91,179.89
2025-02-11T00:00:00Z,5892.31,6577.42,4885.95,6385.10,1041.91,943.96,180.07
2025-02-12T00:00:00Z,5936.69,6606.73,4847.92,6383.59,1046.77,945.36,180.41
2025-02-13T00:00:00Z,5936.36,6619.47,4839.95,6393.96,1049.10,950.80,180.58
2025-02-14T00:00:00Z,5952.66,6673.29,4871.79,6420.68,1059.23,956.72,181.97
2025-02-15T00:00:00Z,5952.66,6673.29,4871.79,6420.68,1059.23,956.72,181.97
2025-02-16T00:00:00Z,5952.66,6673.29,4871.79,6420.68,1059.23,956.72,181.97
2025-02-17T00:00:00Z,5952.66,6670.11,4913.05,6423.94,1059.77,956.47,181.82
2025-02-18T00:00:00Z,5961.87,6653.55,4904.56,6408.84,1058.52,955.61,181.57
2025-02-19T00:00:00Z,5970.20,6645.27,4902.78,6404.15,1059.59,953.41,181.67
2025-02-20T00:00:00Z,5991.24,6651.00,4963.73,6427.43,1060.69,955.45,181.58
2025-02-21T00:00:00Z,5999.71,6644.85,4947.02,6430.28,1063.74,957.77,181.78
2025-02-22T00:00:00Z,5999.71,6644.85,4947.02,6430.28,1063.74,957.77,181.78
2025-02-23T00:00:00Z,5999.71,6644.85,4947.02,6430.28,1063.74,957.77,181.78
2025-02-24T00:00:00Z,5998.46,6645.49,4968.00,6435.47,1062.94,958.37,181.55
2025-02-25T00:00:00Z,6062.62,6665.17,4970.67,6425.74,1065.08,964.18,180.96
2025-02-26T00:00:00Z,6071.49,6658.82,4981.46,6427.55,1064.58,962.64,179.80
2025-02-27T00:00:00Z,6046.66,6652.47,4975.76,6421.25,1066.08,960.19,179.80
2025-02-28T00:00:00Z,5972.10,6579.26,4955.12,6459.72,1063.65,955.80,178.92
2025-03-01T00:00:00Z,5972.10,6579.26,4955.12,6459.72,1063.65,955.80,178.92
2025-03-02T00:00:00Z,5972.10,6579.26,4955.12,6459.72,1063.65,955.80,178.92
2025-03-03T00:00:00Z,6079.40,6613.39,4937.72,6450.67,1070.18,957.29,178.83
2025-03-04T00:00:00Z,6098.09,6671.53,5039.38,6479.18,1076.22,971.58,178.98
2025-03-05T00:00:00Z,6094.45,6758.11,4990.30,6473.61,1080.89,969.40,170.76
2025-03-06T00:00:00Z,6098.01,6822.57,5064.79,6487.58,1087.42,973.43,171.15
2025-03-07T00:00:00Z,6099.00,6826.64,5058.15,6498.16,1089.69,979.74,171.49
2025-03-08T00:00:00Z,6099.00,6826.64,5058.15,6498.16,1089.69,979.74,171.49
2025-03-09T00:00:00Z,6099.00,6826.64,5058.15,6498.16,1089.69,979.74,171.49
2025-03-10T00:00:00Z,6085.12,6819.10,5082.99,6478.03,1091.59,983.29,170.47
2025-03-11T00:00:00Z,6118.56,6861.23,5046.95,6500.63,1091.50,979.48,170.55
2025-03-12T00:00:00Z,6177.80,6844.88,5012.89,6491.80,1092.73,976.03,176.40
2025-03-13T00:00:00Z,6233.71,6809.67,5036.46,6487.61,1091.01,975.06,176.54
2025-03-14T00:00:00Z,6219.20,6832.30,5025.11,6495.73,1091.67,974.07,176.37
2025-03-15T00:00:00Z,6219.20,6832.30,5025.11,6495.73,1091.67,974.07,176.37
2025-03-16T00:00:00Z,6219.20,6832.30,5025.11,6495.73,1091.67,974.07,176.37
2025-03-17T00:00:00Z,6139.32,6841.08,5019.79,6500.21,1095.12,977.86,177.34
2025-03-18T00:00:00Z,6159.91,6850.49,4988.57,6506.02,1094.71,980.73,177.88
2025-03-19T00:00:00Z,6146.81,6837.32,4985.99,6503.47,1093.84,980.69,172.93
2025-03-20T00:00:00Z,6180.10,6797.16,5031.28,6490.40,1092.46,976.86,172.07
2025-03-21T00:00:00Z,6193.19,6793.15,5024.12,6487.14,1090.87,978.06,172.43
2025-03-22T00:00:00Z,6193.19,6793.15,5024.12,6487.14,1090.87,978.06,172.43
2025-03-23T00:00:00Z,6193.19,6793.15,5024.12,6487.14,1090.87,978.06,172.43
2025-03-24T00:00:00Z,6173.73,6791.27,4986.80,6482.37,1091.90,978.10,172.73
2025-03-25T00:00:00Z,6190.70,6791.90,4982.03,6478.18,1093.28,978.70,173.42
2025-03-26T00:00:00Z,6182.91,6768.68,4968.68,6471.69,1088.79,976.07,175.29
2025-03-27T00:00:00Z,6167.82,6766.80,4956.60,6471.54,1092.47,976.62,174.81
2025-03-28T00:00:00Z,6151.89,6744.88,4959.37,6471.80,1093.16,977.60,174.79
2025-03-29T00:00:00Z,6151.89,6744.88,4959.37,6471.80,1093.16,977.60,174.79
2025-03-30T00:00:00Z,6151.89,6744.88,4959.37,6471.80,1093.16,977.60,174.79
2025-03-31T00:00:00Z,5935.30,6756.13,4883.93,6277.50,1100.18,983.32,174.08
2025-04-01T00:00:00Z,6210.33,6739.26,4892.02,6262.71,1095.74,982.00,173.69
2025-04-02T00:00:00Z,6188.34,6748.63,4890.01,6263.59,1100.02,981.00,174.09
2025-04-03T00:00:00Z,6230.83,6932.29,4993.66,6244.02,1120.45,1008.22,177.03
2025-04-04T00:00:00Z,6247.56,7008.12,5025.56,6252.50,1105.62,1018.58,175.72
2025-04-05T00:00:00Z,6247.56,7008.12,5025.56,6252.50,1105.62,1018.58,175.72
2025-04-06T00:00:00Z,6247.56,7008.12,5025.56,6252.50,1105.62,1018.58,175.72
2025-04-07T00:00:00Z,6265.32,6951.08,4984.03,6229.69,1088.89,1013.52,174.72
2025-04-08T00:00:00Z,6219.91,6940.30,4974.13,6204.24,1086.49,1014.98,176.08
2025-04-09T00:00:00Z,6244.11,7000.51,5049.98,6194.85,1085.89,1031.62,175.77
2025-04-10T00:00:00Z,6283.00,7023.96,5014.43,6218.82,1098.17,1032.74,177.09
2025-04-11T00:00:00Z,6298.38,7181.81,5108.86,6237.66,1112.35,1062.71,179.82
2025-04-12T00:00:00Z,6298.38,7181.81,5108.86,6237.66,1112.35,1062.71,179.82
2025-04-13T00:00:00Z,6298.38,7181.81,5108.86,6237.66,1112.35,1062.71,179.82
2025-04-14T00:00:00Z,6208.91,7201.44,5094.53,6226.36,1119.20,1056.82,179.74
2025-04-15T00:00:00Z,6038.08,7167.89,5105.89,6224.37,1124.57,1061.80,179.76
2025-04-16T00:00:00Z,6033.56,7187.51,5112.29,6231.93,1127.02,1062.63,179.20
2025-04-17T00:00:00Z,6068.52,7190.68,5118.01,6239.26,1124.17,1059.56,179.67
2025-04-18T00:00:00Z,6056.13,7190.13,5118.01,6239.26,1124.17,1059.56,179.67
2025-04-19T00:00:00Z,6056.13,7190.13,5118.01,6239.26,1124.17,1059.56,179.67
2025-04-20T00:00:00Z,6056.13,7190.13,5118.01,6239.26,1124.17,1059.56,179.67
2025-04-21T00:00:00Z,5986.56,7190.13,5118.01,6239.26,1124.17,1059.56,179.67
2025-04-22T00:00:00Z,5982.48,7263.55,5200.13,6225.69,1135.84,1067.27,180.16
2025-04-23T00:00:00Z,5978.99,7224.94,5152.33,6246.93,1130.66,1054.36,181.46
2025-04-24T00:00:00Z,6034.17,7200.26,5119.53,6246.16,1130.66,1049.64,181.07
2025-04-25T00:00:00Z,6061.22,7188.92,5090.89,6247.18,1131.29,1044.66,180.94
2025-04-26T00:00:00Z,6061.22,7188.92,5090.89,6247.18,1131.29,1044.66,180.94
2025-04-27T00:00:00Z,6061.22,7188.92,5090.89,6247.18,1131.29,1044.66,180.94
2025-04-28T00:00:00Z,5980.28,7189.55,5091.33,6238.84,1133.65,1044.86,181.07
2025-04-29T00:00:00Z,5952.69,7199.05,5114.39,6260.37,1137.28,1049.36,181.29
2025-04-30T00:00:00Z,5781.02,7199.05,5111.86,6264.93,1084.04,1021.67,181.54
2025-05-01T00:00:00Z,5958.84,7199.05,5111.86,6264.93,1084.04,1021.67,181.54
2025-05-02T00:00:00Z,5987.05,7161.52,5059.50,6260.22,1079.28,1023.99,181.67
2025-05-03T00:00:00Z,5987.05,7161.52,5059.50,6260.22,1079.28,1023.99,181.67
2025-05-04T00:00:00Z,5987.05,7161.52,5059.50,6260.22,1079.28,1023.99,181.67
2025-05-05T00:00:00Z,5994.24,7161.52,5082.44,6260.22,1081.56,1024.76,181.85
2025-05-06T00:00:00Z,5995.67,7150.15,5123.03,6307.18,1085.71,1022.04,181.92
2025-05-07T00:00:00Z,5960.17,7172.25,5099.43,6300.16,1083.69,1023.78,182.19
2025-05-08T00:00:00Z,5994.89,7132.48,5053.78,6289.36,1082.13,1021.81,180.93
2025-05-09T00:00:00Z,5995.87,7090.16,5036.42,6286.91,1077.69,1014.69,180.63
2025-05-10T00:00:00Z,5995.87,7090.16,5036.42,6286.91,1077.69,1014.69,180.63
2025-05-11T00:00:00Z,5995.87,7090.16,5036.42,6286.91,1077.69,1014.69,180.63
2025-05-12T00:00:00Z,5980.02,6998.16,4937.82,6319.43,1069.77,999.82,179.74
2025-05-13T00:00:00Z,5976.02,7001.94,4935.99,6321.11,1073.27,1001.53,179.60
2025-05-14T00:00:00Z,5985.81,7066.22,4999.52,6318.10,1081.97,1007.28,180.36
2025-05-15T00:00:00Z,6107.19,7047.94,5008.27,6312.15,1078.01,1006.07,179.75
2025-05-16T00:00:00Z,6071.77,7042.90,5019.98,6317.39,1078.50,1006.45,179.95
2025-05-17T00:00:00Z,6071.77,7042.90,5019.98,6317.39,1078.50,1006.45,179.95
2025-05-18T00:00:00Z,6071.77,7042.90,5019.98,6317.39,1078.50,1006.45,179.95
2025-05-19T00:00:00Z,6009.65,7085.68,5043.98,6311.48,1086.08,1011.16,180.27
2025-05-20T00:00:00Z,6065.71,7072.47,5055.32,6305.22,1084.18,1012.29,180.21
2025-05-21T00:00:00Z,6050.04,7122.80,5085.98,6319.26,1088.28,1021.02,181.82
2025-05-22T00:00:00Z,6041.96,7115.25,5098.45,6318.21,1089.58,1020.92,182.10
2025-05-23T00:00:00Z,6063.24,7112.85,5128.36,6335.52,1094.65,1025.03,182.55
2025-05-24T00:00:00Z,6063.24,7112.85,5128.36,6335.52,1094.65,1025.03,182.55
2025-05-25T00:00:00Z,6063.24,7112.85,5128.36,6335.52,1094.65,1025.03,182.55
2025-05-26T00:00:00Z,6063.24,7163.20,5117.03,6333.72,1101.09,1026.00,184.03
2025-05-27T00:00:00Z,6073.18,7147.46,5071.79,6326.46,1100.11,1020.47,183.30
2025-05-28T00:00:00Z,6062.98,7122.92,5063.34,6328.51,1094.11,1019.36,182.62
2025-05-29T00:00:00Z,6107.74,7100.26,5046.00,6332.41,1093.37,1018.83,182.69
2025-05-30T00:00:00Z,6006.14,7114.70,5087.82,6327.29,1094.42,1023.85,182.90
2025-05-31T00:00:00Z,6006.14,7114.70,5104.52,6268.84,1103.30,1015.72,182.90
2025-06-01T00:00:00Z,6006.14,7114.70,5104.52,6268.84,1103.30,1015.72,182.90
2025-06-02T00:00:00Z,6098.04,7164.89,5139.91,6264.07,1108.18,1023.43,184.34
2025-06-03T00:00:00Z,6137.13,7144.19,5124.42,6274.44,1104.72,1018.08,183.81
2025-06-04T00:00:00Z,6127.84,7142.93,5087.63,6273.80,1106.49,1016.59,179.39
2025-06-05T00:00:00Z,6169.32,7167.40,5120.34,6282.01,1110.55,1020.62,179.98
2025-06-06T00:00:00Z,6178.84,7124.13,5085.14,6279.47,1108.46,1017.59,179.48
2025-06-07T00:00:00Z,6178.84,7124.13,5085.14,6279.47,1108.46,1017.59,179.48
2025-06-08T00:00:00Z,6178.84,7124.13,5085.14,6279.47,1108.46,1017.59,179.48
2025-06-09T00:00:00Z,6134.77,7123.51,5076.67,6279.84,1108.62,1019.02,179.64
2025-06-10T00:00:00Z,6180.75,7135.37,5074.35,6277.12,1105.22,1018.55,179.57
2025-06-11T00:00:00Z,6195.51,7137.87,5047.41,6274.96,1104.04,1017.17,179.68
2025-06-12T00:00:00Z,6234.93,7238.38,5104.06,6284.62,1111.46,1029.09,180.36
2025-06-13T00:00:00Z,6220.43,7180.23,5089.34,6279.35,1107.88,1029.23,180.42
2025-06-14T00:00:00Z,6220.43,7180.23,5089.34,6279.35,1107.88,1029.23,180.42
2025-06-15T00:00:00Z,6220.43,7180.23,5089.34,6279.35,1107.88,1029.23,180.42
2025-06-16T00:00:00Z,6090.09,7218.90,5087.62,6281.26,1111.50,1031.03,181.27
2025-06-17T00:00:00Z,6099.08,7215.16,5071.00,6278.83,1110.66,1029.07,181.32
2025-06-18T00:00:00Z,6092.15,7177.74,5065.28,6274.05,1101.41,1024.06,179.84
2025-06-19T00:00:00Z,6092.15,7159.03,5036.07,6274.92,1099.95,1022.91,179.13
2025-06-20T00:00:00Z,6176.25,7187.14,5038.14,6283.95,1104.02,1023.38,179.05
2025-06-21T00:00:00Z,6176.25,7187.14,5038.14,6283.95,1104.02,1023.38,179.05
2025-06-22T00:00:00Z,6176.25,7187.14,5038.14,6283.95,1104.02,1023.38,179.05
2025-06-23T00:00:00Z,6141.17,7160.30,4971.88,6275.74,1096.04,1022.60,178.10
2025-06-24T00:00:00Z,6135.62,7244.56,5060.28,6287.06,1114.14,1034.63,179.09
2025-06-25T00:00:00Z,6116.74,7238.95,5032.43,6286.11,1113.41,1036.70,178.65
2025-06-26T00:00:00Z,6104.93,7299.49,5079.03,6289.41,1121.54,1043.36,179.25
2025-06-27T00:00:00Z,6038.11,7294.13,5073.33,6288.47,1123.19,1046.40,179.73
2025-06-28T00:00:00Z,6038.11,7294.13,5073.33,6288.47,1123.19,1046.40,179.73
2025-06-29T00:00:00Z,6038.11,7294.13,5073.33,6288.47,1123.19,1046.40,179.73
2025-06-30T00:00:00Z,5744.49,7304.10,4970.76,6390.01,1135.78,1068.54,179.42
2025-07-01T00:00:00Z,6049.16,7360.19,5022.88,6392.34,1140.11,1079.40,180.24
2025-07-02T00:00:00Z,6050.06,7325.91,4977.36,6385.90,1132.55,1073.69,180.12
2025-07-03T00:00:00Z,6131.77,7342.74,4984.97,6392.83,1132.00,1073.74,180.88
2025-07-04T00:00:00Z,6131.77,7226.48,4968.66,6391.66,1131.08,1072.94,180.82
2025-07-05T00:00:00Z,6131.77,7226.48,4968.66,6391.66,1131.08,1072.94,180.82
2025-07-06T00:00:00Z,6131.77,7226.48,4968.66,6391.66,1131.08,1072.94,180.82
2025-07-07T00:00:00Z,6109.09,7202.53,4929.28,6382.37,1129.16,1068.47,179.98
2025-07-08T00:00:00Z,6097.14,7196.39,4896.68,6381.63,1125.46,1067.90,179.94
2025-07-09T00:00:00Z,6123.59,7184.11,4890.31,6376.27,1126.02,1069.05,179.41
2025-07-10T00:00:00Z,6190.18,7190.86,4903.48,6380.98,1125.24,1070.63,179.60
2025-07-11T00:00:00Z,6197.91,7169.97,4878.93,6387.26,1118.86,1069.40,179.44
2025-07-12T00:00:00Z,6197.91,7169.97,4878.93,6387.26,1118.86,1069.40,179.44
2025-07-13T00:00:00Z,6197.91,7169.97,4878.93,6387.26,1118.86,1069.40,179.44
2025-07-14T00:00:00Z,6145.85,7174.27,4868.81,6387.73,1118.23,1070.39,179.81
2025-07-15T00:00:00Z,6135.70,7158.92,4849.68,6382.60,1114.30,1069.02,179.55
2025-07-16T00:00:00Z,6150.10,7120.26,4824.04,6375.87,1110.84,1060.17,179.70
2025-07-17T00:00:00Z,6148.59,7106.15,4822.30,6374.86,1110.56,1058.41,179.20
2025-07-18T00:00:00Z,6144.32,7128.50,4833.36,6378.21,1115.82,1064.78,179.77
2025-07-19T00:00:00Z,6144.32,7128.50,4833.36,6378.21,1115.82,1064.78,179.77
2025-07-20T00:00:00Z,6144.32,7128.50,4833.36,6378.21,1115.82,1064.78,179.77
2025-07-21T00:00:00Z,6126.25,7138.90,4866.30,6379.65,1117.45,1066.22,179.97
2025-07-22T00:00:00Z,6117.56,7158.48,4875.39,6380.84,1118.06,1069.03,180.43
2025-07-23T00:00:00Z,6134.55,7175.00,4904.88,6393.97,1121.94,1073.80,181.62
2025-07-24T00:00:00Z,6176.12,7193.36,4897.72,6396.54,1123.51,1072.51,181.17
2025-07-25T00:00:00Z,6159.11,7177.17,4859.28,6386.41,1115.31,1069.37,180.38
2025-07-26T00:00:00Z,6159.11,7177.17,4859.28,6386.41,1115.31,1069.37,180.38
2025-07-27T00:00:00Z,6159.11,7177.17,4859.28,6386.41,1115.31,1069.37,180.38
2025-07-28T00:00:00Z,6124.68,7134.32,4843.14,6381.77,1113.25,1064.01,179.79
2025-07-29T00:00:00Z,6068.86,7060.25,4822.74,6378.60,1105.38,1056.24,179.10
2025-07-30T00:00:00Z,6067.65,7056.57,4837.71,6374.90,1108.40,1056.14,178.25
2025-07-31T00:00:00Z,5930.54,7006.99,4814.17,6386.60,1055.87,1053.23,177.69
2025-08-01T00:00:00Z,6167.37,6966.58,4793.98,6371.45,1050.06,1047.68,177.21
2025-08-02T00:00:00Z,6167.37,6966.58,4793.98,6371.45,1050.06,1047.68,177.21
2025-08-03T00:00:00Z,6167.37,6966.58,4793.98,6371.45,1050.06,1047.68,177.21
2025-08-04T00:00:00Z,6124.04,7064.93,4894.75,6403.01,1060.11,1058.83,178.45
2025-08-05T00:00:00Z,6098.98,7053.32,4887.57,6393.03,1059.71,1056.75,178.23
2025-08-06T00:00:00Z,6084.56,7088.75,4889.17,6394.55,1062.10,1059.57,178.71
2025-08-07T00:00:00Z,6071.19,7112.58,4894.74,6400.38,1071.07,1058.16,178.93
2025-08-08T00:00:00Z,6069.48,7105.84,4880.35,6396.24,1071.78,1058.95,178.98
2025-08-09T00:00:00Z,6069.48,7105.84,4880.35,6396.24,1071.78,1058.95,178.98
2025-08-10T00:00:00Z,6069.48,7105.84,4880.35,6396.24,1071.78,1058.95,178.98
2025-08-11T00:00:00Z,6054.35,7089.98,4878.52,6395.49,1071.24,1054.35,178.39
2025-08-12T00:00:00Z,6037.85,7080.22,4859.36,6393.12,1074.11,1054.24,178.20
2025-08-13T00:00:00Z,6070.94,7144.28,4898.49,6404.59,1082.57,1064.79,178.32
2025-08-14T00:00:00Z,6065.72,7131.47,4923.11,6408.05,1083.27,1062.20,178.01
2025-08-15T00:00:00Z,6116.75,7105.05,4907.65,6400.46,1081.57,1061.68,177.90
2025-08-16T00:00:00Z,6116.75,7105.05,4907.65,6400.46,1081.57,1061.68,177.90
2025-08-17T00:00:00Z,6116.75,7105.05,4907.65,6400.46,1081.57,1061.68,177.90
2025-08-18T00:00:00Z,6085.89,7095.93,4888.27,6400.72,1080.31,1059.76,177.92
2025-08-19T00:00:00Z,6058.49,7101.40,4880.70,6400.46,1078.77,1062.15,177.67
2025-08-20T00:00:00Z,6057.35,7082.56,4893.26,6403.09,1075.28,1060.01,176.94
2025-08-21T00:00:00Z,6031.81,7075.26,4879.13,6401.25,1073.06,1060.50,176.67
2025-08-22T00:00:00Z,6000.63,7062.49,4851.75,6400.59,1070.32,1058.35,176.35
2025-08-23T00:00:00Z,6000.63,7062.49,4851.75,6400.59,1070.32,1058.35,176.35
2025-08-24T00:00:00Z,6000.63,7062.49,4851.75,6400.59,1070.32,1058.35,176.35
2025-08-25T00:00:00Z,5975.33,7116.64,4895.76,6420.70,1077.78,1066.24,177.48
2025-08-26T00:00:00Z,5956.95,7091.70,4895.36,6419.82,1076.12,1063.52,177.23
2025-08-27T00:00:00Z,5972.84,7053.37,4872.87,6415.88,1072.28,1060.71,177.93
2025-08-28T00:00:00Z,5961.76,7103.86,4912.05,6443.27,1078.59,1067.97,179.13
2025-08-29T00:00:00Z,5970.26,7099.01,4897.62,6441.92,1073.07,1065.07,179.20
2025-08-30T00:00:00Z,5970.26,7099.01,4897.62,6441.92,1073.07,1065.07,179.20
2025-08-31T00:00:00Z,5970.26,7099.01,4915.41,6494.64,1073.24,1061.14,179.20
2025-09-01T00:00:00Z,5970.26,7133.72,4917.96,6493.13,1079.23,1064.17,179.25
2025-09-02T00:00:00Z,5892.22,7091.71,4871.20,6484.29,1067.95,1059.83,178.74
2025-09-03T00:00:00Z,5922.21,7095.97,4872.16,6483.04,1070.43,1059.56,159.58
2025-09-04T00:00:00Z,5912.67,7092.32,4881.21,6487.50,1072.85,1058.00,159.35
2025-09-05T00:00:00Z,5914.94,7114.13,4892.82,6490.30,1075.59,1061.75,159.60
2025-09-06T00:00:00Z,5914.94,7114.13,4892.82,6490.30,1075.59,1061.75,159.60
2025-09-07T00:00:00Z,5914.94,7114.13,4892.82,6490.30,1075.59,1061.75,159.60
2025-09-08T00:00:00Z,5902.29,7132.98,4897.30,6497.38,1079.56,1071.64,159.51
2025-09-09T00:00:00Z,5888.88,7142.71,4933.29,6505.00,1081.78,1072.75,159.43
2025-09-10T00:00:00Z,5908.98,7120.21,4908.91,6503.79,1079.99,1068.57,160.98
2025-09-11T00:00:00Z,5896.33,7106.83,4893.74,6502.10,1078.34,1065.65,160.70
2025-09-12T00:00:00Z,5880.86,7128.63,4894.82,6504.13,1080.63,1068.55,161.10
2025-09-13T00:00:00Z,5880.86,7128.63,4894.82,6504.13,1080.63,1068.55,161.10
2025-09-14T00:00:00Z,5880.86,7128.63,4894.82,6504.13,1080.63,1068.55,161.10
2025-09-15T00:00:00Z,5731.30,7157.83,4913.45,6504.74,1086.57,1072.23,161.42
2025-09-16T00:00:00Z,5763.40,7182.77,4925.74,6510.70,1088.46,1077.93,162.27
2025-09-17T00:00:00Z,5787.49,7201.02,4945.95,6520.88,1088.84,1082.87,162.23
2025-09-18T00:00:00Z,5778.44,7189.46,4910.81,6519.64,1086.46,1079.51,161.90
2025-09-19T00:00:00Z,5778.70,7124.39,4889.36,6510.30,1075.46,1070.53,161.51
2025-09-20T00:00:00Z,5778.70,7124.39,4889.36,6510.30,1075.46,1070.53,161.51
2025-09-21T00:00:00Z,5778.70,7124.39,4889.36,6510.30,1075.46,1070.53,161.51
2025-09-22T00:00:00Z,5771.95,7151.71,4897.40,6513.58,1076.98,1074.18,161.55
2025-09-23T00:00:00Z,5812.68,7158.99,4898.73,6513.92,1078.08,1075.73,161.37
2025-09-24T00:00:00Z,5821.25,7136.53,4877.48,6499.91,1074.45,1073.39,162.21
2025-09-25T00:00:00Z,5821.94,7126.21,4865.13,6502.62,1070.81,1070.80,161.90
2025-09-26T00:00:00Z,5773.99,7085.88,4834.88,6490.50,1065.68,1066.06,161.27
2025-09-27T00:00:00Z,5773.99,7085.88,4834.88,6490.50,1065.68,1066.06,161.27
2025-09-28T00:00:00Z,5773.99,7085.88,4834.88,6490.50,1065.68,1066.06,161.27
2025-09-29T00:00:00Z,5746.50,7116.84,4867.42,6505.27,1072.42,1067.86,161.45
2025-09-30T00:00:00Z,5668.50,7127.77,4701.41,6621.06,1089.11,1111.63,161.57
2025-10-01T00:00:00Z,5757.56,7117.45,4729.72,6621.05,1091.29,1109.90,161.52
2025-10-02T00:00:00Z,5754.84,7135.66,4740.17,6621.10,1091.95,1114.53,161.43
2025-10-03T00:00:00Z,5763.36,7285.90,4721.98,6621.07,1089.46,1113.47,161.16
2025-10-04T00:00:00Z,5763.36,7285.90,4721.98,6621.07,1089.46,1113.47,161.16
2025-10-05T00:00:00Z,5763.36,7285.90,4721.98,6621.07,1089.46,1113.47,161.16
2025-10-06T00:00:00Z,5750.08,7251.12,4637.22,6621.09,1088.13,1111.60,161.21
2025-10-07T00:00:00Z,5758.76,7243.67,4610.62,6621.06,1086.01,1110.46,161.28
2025-10-08T00:00:00Z,5791.53,7219.46,4556.90,6621.08,1086.38,1107.82,164.32
2025-10-09T00:00:00Z,5790.30,7209.52,4553.96,6618.45,1083.38,1105.82,164.21
2025-10-10T00:00:00Z,5792.24,7171.31,4561.26,6618.03,1076.15,1099.95,163.40
2025-10-11T00:00:00Z,5792.24,7171.31,4561.26,6618.03,1076.15,1099.95,163.40
2025-10-12T00:00:00Z,5792.24,7171.31,4561.26,6618.03,1076.15,1099.95,163.40
2025-10-13T00:00:00Z,5792.24,7171.93,4574.10,6609.45,1080.21,1102.41,163.53
2025-10-14T00:00:00Z,5745.93,7162.01,4574.53,6602.15,1074.38,1101.83,162.88
2025-10-15T00:00:00Z,5739.02,7204.79,4591.14,6614.72,1081.67,1107.34,163.15
2025-10-16T00:00:00Z,5689.81,7221.53,4599.20,6615.23,1087.80,1110.27,163.06
2025-10-17T00:00:00Z,5686.96,7233.30,4625.74,6618.49,1088.41,1118.73,163.28
2025-10-18T00:00:00Z,5686.96,7233.30,4625.74,6618.49,1088.41,1118.73,163.28
2025-10-19T00:00:00Z,5686.96,7233.30,4625.74,6618.49,1088.41,1118.73,163.28
2025-10-20T00:00:00Z,5684.77,7217.20,4615.18,6617.44,1086.49,1118.42,163.16
2025-10-21T00:00:00Z,5662.44,7187.48,4576.90,6621.93,1083.63,1114.90,163.16
2025-10-22T00:00:00Z,5680.45,7175.09,4582.78,6614.53,1080.40,1113.22,164.74
2025-10-23T00:00:00Z,5637.63,7178.81,4558.72,6616.59,1080.71,1111.27,165.16
2025-10-24T00:00:00Z,5644.60,7194.07,4550.50,6618.38,1078.14,1113.21,164.77
2025-10-25T00:00:00Z,5644.60,7194.07,4550.50,6618.38,1078.14,1113.21,164.77
2025-10-26T00:00:00Z,5644.60,7194.07,4550.50,6618.38,1078.14,1113.21,164.77
2025-10-27T00:00:00Z,5614.13,7211.42,4551.73,6632.33,1081.35,1113.97,165.27
2025-10-28T00:00:00Z,5590.58,7205.23,4568.88,6638.03,1075.62,1113.25,165.04
2025-10-29T00:00:00Z,5583.67,7208.94,4572.27,6639.85,1070.43,1111.90,168.83
2025-10-30T00:00:00Z,5567.24,7155.66,4505.40,6625.98,1063.24,1103.33,167.87
2025-10-31T00:00:00Z,5608.90,7129.91,4516.45,6613.51,1000.49,1107.88,167.64
2025-11-01T00:00:00Z,5608.90,7129.91,4516.45,6613.51,1000.49,1107.88,167.64
2025-11-02T00:00:00Z,5608.90,7129.91,4516.45,6613.51,1000.49,1107.88,167.64
2025-11-03T00:00:00Z,5638.28,7105.22,4515.27,6609.34,1002.83,1102.73,167.44
2025-11-04T00:00:00Z,5630.47,7091.03,4536.39,6605.00,997.41,1100.89,167.03
2025-11-05T00:00:00Z,5617.22,7091.65,4529.60,6603.32,995.80,1099.56,165.46
2025-11-06T00:00:00Z,5608.42,7116.95,4533.44,6610.41,999.70,1102.42,165.90
2025-11-07T00:00:00Z,5618.02,7117.72,4548.55,6609.15,1001.67,1105.57,165.70
2025-11-08T00:00:00Z,5618.02,7117.72,4548.55,6609.15,1001.67,1105.57,165.70
2025-11-09T00:00:00Z,5618.02,7117.72,4548.55,6609.15,1001.67,1105.57,165.70
2025-11-10T00:00:00Z,5600.28,7123.88,4518.79,6610.61,1006.30,1105.81,166.85
2025-11-11T00:00:00Z,5600.28,7126.34,4516.55,6611.29,1003.68,1110.97,166.69
2025-11-12T00:00:00Z,5631.43,7126.96,4498.54,6613.15,1001.60,1114.42,167.30
2025-11-13T00:00:00Z,5614.77,7153.43,4505.69,6632.16,1005.78,1119.29,167.34
2025-11-14T00:00:00Z,5619.79,7172.45,4525.76,6632.22,1005.21,1129.29,167.16
2025-11-15T00:00:00Z,5619.79,7172.45,4525.76,6632.22,1005.21,1129.29,167.16
2025-11-16T00:00:00Z,5619.79,7172.45,4525.76,6632.22,1005.21,1129.29,167.16
2025-11-17T00:00:00Z,5652.33,7138.58,4495.61,6621.49,1006.27,1119.09,166.99
2025-11-18T00:00:00Z,5651.14,7136.74,4485.21,6618.82,1003.04,1117.83,167.08
2025-11-19T00:00:00Z,5653.32,7132.43,4459.94,6618.92,1001.76,1111.01,170.51
2025-11-20T00:00:00Z,5639.19,7089.94,4418.23,6615.71,997.14,1103.21,169.87
2025-11-21T00:00:00Z,5660.71,7087.60,4442.81,6619.40,999.02,1104.38,169.62
2025-11-22T00:00:00Z,5660.71,7087.60,4442.81,6619.40,999.02,1104.38,169.62
2025-11-23T00:00:00Z,5660.71,7087.60,4442.81,6619.40,999.02,1104.38,169.62
2025-11-24T00:00:00Z,5647.66,7102.36,4435.85,6639.03,1000.99,1102.52,169.42
2025-11-25T00:00:00Z,5621.23,7106.67,4458.22,6642.08,1003.42,1100.71,169.29
2025-11-26T00:00:00Z,5650.52,7122.66,4451.73,6647.77,1007.06,1103.66,170.70
2025-11-27T00:00:00Z,5650.52,7128.20,4454.69,6644.11,1010.37,1104.99,171.22
2025-11-28T00:00:00Z,5588.84,7105.82,4460.30,6651.44,1008.86,1105.34,171.58
2025-11-29T00:00:00Z,5588.84,7105.82,4460.30,6651.44,1008.86,1105.34,171.58
2025-11-30T00:00:00Z,5588.84,7105.82,4470.55,6684.55,1045.06,1113.06,171.58
2025-12-01T00:00:00Z,5601.10,7154.97,4508.72,6688.13,1049.17,1120.16,172.25
2025-12-02T00:00:00Z,5610.95,7135.31,4472.02,6688.84,1044.15,1114.33,171.72
2025-12-03T00:00:00Z,5624.74,7168.49,4492.32,6695.64,1052.59,1120.71,169.55
2025-12-04T00:00:00Z,5654.88,7167.26,4509.71,6688.24,1054.94,1120.04,169.22
2025-12-05T00:00:00Z,5664.06,7139.99,4496.36,6689.58,1055.21,1115.04,169.64
2025-12-06T00:00:00Z,5664.06,7139.99,4496.36,6689.58,1055.21,1115.04,169.64
2025-12-07T00:00:00Z,5664.06,7139.99,4496.36,6689.58,1055.21,1115.04,169.64
2025-12-08T00:00:00Z,5653.95,7146.13,4487.06,6691.67,1053.82,1113.26,171.26
2025-12-09T00:00:00Z,5695.26,7135.09,4463.64,6695.24,1053.52,1111.90,170.74
2025-12-10T00:00:00Z,5728.43,7133.25,4453.67,6696.93,1052.53,1115.06,170.08
2025-12-11T00:00:00Z,5743.76,7182.30,4486.02,6701.14,1058.55,1125.49,170.65
2025-12-12T00:00:00Z,5746.00,7190.18,4474.36,6704.30,1058.16,1127.12,171.17
2025-12-13T00:00:00Z,5746.00,7190.18,4474.36,6704.30,1058.16,1127.12,171.17
2025-12-14T00:00:00Z,5746.00,7190.18,4474.36,6704.30,1058.16,1127.12,171.17
2025-12-15T00:00:00Z,5623.71,7203.67,4499.23,6711.60,1058.69,1126.58,171.17
2025-12-16T00:00:00Z,5650.57,7217.76,4514.22,6716.14,1062.58,1129.27,171.11
2025-12-17T00:00:00Z,5685.08,7184.66,4485.89,6714.57,1055.18,1126.38,170.42
2025-12-18T00:00:00Z,5702.73,7182.83,4480.56,6717.08,1059.61,1128.02,170.42
2025-12-19T00:00:00Z,5714.02,7185.08,4438.98,6717.30,1057.29,1127.11,170.38
2025-12-20T00:00:00Z,5714.02,7185.08,4438.98,6717.30,1057.29,1127.11,170.38
2025-12-21T00:00:00Z,5714.02,7185.08,4438.98,6717.30,1057.29,1127.11,170.38
2025-12-22T00:00:00Z,5683.29,7205.33,4436.55,6721.15,1062.45,1130.53,170.72
2025-12-23T00:00:00Z,5726.53,7230.48,4473.34,6729.71,1067.74,1138.02,171.53
2025-12-24T00:00:00Z,5774.89,7231.09,4475.18,6742.82,1067.84,1138.48,183.77
2025-12-25T00:00:00Z,5774.89,7231.09,4475.18,6742.82,1067.84,1138.48,183.77
2025-12-26T00:00:00Z,5727.11,7265.21,4475.18,6742.82,1067.84,1138.48,183.77
2025-12-27T00:00:00Z,5727.11,7265.21,4475.18,6742.82,1067.84,1138.48,183.77
2025-12-28T00:00:00Z,5727.11,7265.21,4475.18,6742.82,1067.84,1138.48,183.77
2025-12-29T00:00:00Z,5711.69,7252.27,4463.81,6750.49,1066.30,1135.35,183.69
2025-12-30T00:00:00Z,5742.22,7246.72,4472.31,6763.54,1067.20,1134.48,183.57
2025-12-31T00:00:00Z,5661.77,7242.41,4326.07,6878.87,1065.17,1127.64,175.67
2026-01-01T00:00:00Z,5661.77,7242.41,4326.07,6878.87,1065.17,1127.64,175.67
2026-01-02T00:00:00Z,5853.75,7409.58,4318.92,6886.08,1063.40,1127.03,175.14
2026-01-03T00:00:00Z,5853.75,7409.58,4318.92,6886.08,1063.40,1127.03,175.14
2026-01-04T00:00:00Z,5853.75,7409.58,4318.92,6886.08,1063.40,1127.03,175.14
2026-01-05T00:00:00Z,5833.07,7373.54,4321.64,6894.23,1063.47,1122.40,174.39
2026-01-06T00:00:00Z,5866.10,7400.73,4332.60,6895.27,1068.99,1126.78,174.58
2026-01-07T00:00:00Z,5785.45,7386.19,4329.53,6888.55,1066.77,1122.51,174.21
2026-01-08T00:00:00Z,5796.81,7380.50,4324.77,6897.76,1063.13,1120.68,173.56
2026-01-09T00:00:00Z,5795.21,7324.17,4299.62,6897.31,1061.34,1117.27,173.29
2026-01-10T00:00:00Z,5795.21,7324.17,4299.62,6897.31,1061.34,1117.27,173.29
2026-01-11T00:00:00Z,5795.21,7324.17,4299.62,6897.31,1061.34,1117.27,173.29
2026-01-12T00:00:00Z,5772.88,7355.63,4297.02,6906.45,1066.27,1122.19,173.43
2026-01-13T00:00:00Z,5789.53,7331.72,4266.86,6903.91,1064.52,1118.79,173.37
2026-01-14T00:00:00Z,5801.42,7329.83,4272.68,6906.12,1063.27,1115.86,171.72
2026-01-15T00:00:00Z,5738.81,7312.85,4274.58,6912.15,1060.07,1115.55,171.40
2026-01-16T00:00:00Z,5712.25,7296.29,4286.89,6909.78,1059.92,1114.99,171.58
2026-01-17T00:00:00Z,5712.25,7296.29,4286.89,6909.78,1059.92,1114.99,171.58
2026-01-18T00:00:00Z,5712.25,7296.29,4286.89,6909.78,1059.92,1114.99,171.58
2026-01-19T00:00:00Z,5712.25,7305.08,4291.59,6916.06,1061.07,1120.07,171.64
2026-01-20T00:00:00Z,5678.32,7366.00,4292.56,6920.50,1063.67,1131.11,172.37
2026-01-21T00:00:00Z,5710.07,7372.91,4295.42,6915.55,1061.99,1132.17,171.00
2026-01-22T00:00:00Z,5694.07,7352.18,4268.37,6903.80,1061.67,1127.17,170.74
2026-01-23T00:00:00Z,5683.11,7372.14,4285.42,6914.87,1069.97,1131.37,171.38
2026-01-24T00:00:00Z,5683.11,7372.14,4285.42,6914.87,1069.97,1131.37,171.38
2026-01-25T00:00:00Z,5683.11,7372.14,4285.42,6914.87,1069.97,1131.37,171.38
2026-01-26T00:00:00Z,5639.43,7431.16,4395.22,6925.01,1079.28,1147.10,172.01
2026-01-27T00:00:00Z,5608.48,7489.55,4420.07,6924.57,1086.76,1159.38,172.45
2026-01-28T00:00:00Z,5633.76,7517.80,4440.63,6932.97,1090.60,1164.89,171.11
2026-01-29T00:00:00Z,5616.65,7514.03,4420.99,6933.17,1092.95,1165.07,171.62
2026-01-30T00:00:00Z,5684.69,7497.05,4400.25,6929.62,1088.48,1163.47,171.62
2026-01-31T00:00:00Z,5684.69,7497.05,4433.30,7096.52,1089.85,1153.93,171.62
2026-02-01T00:00:00Z,5684.69,7497.05,4433.30,7096.52,1089.85,1153.93,171.62
2026-02-02T00:00:00Z,5679.17,7447.36,4403.92,7102.99,1083.13,1141.05,170.09
2026-02-03T00:00:00Z,5677.89,7422.83,4381.54,7108.39,1083.94,1140.51,169.96
2026-02-04T00:00:00Z,5695.76,7434.78,4359.44,7104.73,1086.57,1142.97,169.66
2026-02-05T00:00:00Z,5689.60,7420.94,4352.26,7107.27,1075.19,1141.72,169.28
2026-02-06T00:00:00Z,5697.52,7378.27,4347.03,7107.56,1076.31,1139.59,169.49
2026-02-07T00:00:00Z,5697.52,7378.27,4347.03,7107.56,1076.31,1139.59,169.49
2026-02-08T00:00:00Z,5697.52,7378.27,4347.03,7107.56,1076.31,1139.59,169.49
2026-02-09T00:00:00Z,5687.03,7435.83,4371.97,7124.43,1081.96,1151.62,170.22
2026-02-10T00:00:00Z,5655.83,7440.83,4401.95,7132.35,1083.44,1155.80,170.69
2026-02-11T00:00:00Z,5710.80,7444.58,4445.61,7135.95,1083.49,1154.74,171.53
2026-02-12T00:00:00Z,5698.54,7428.32,4442.46,7146.51,1079.63,1151.46,171.26
2026-02-13T00:00:00Z,5708.36,7405.33,4454.81,7138.77,1077.92,1152.95,170.74
2026-02-14T00:00:00Z,5708.36,7405.33,4454.81,7138.77,1077.92,1152.95,170.74
2026-02-15T00:00:00Z,5708.36,7405.33,4454.81,7138.77,1077.92,1152.95,170.74
2026-02-16T00:00:00Z,5708.36,7400.96,4453.16,7138.73,1080.51,1151.25,170.70
2026-02-17T00:00:00Z,5697.28,7382.85,4460.18,7138.70,1072.56,1150.08,170.34
2026-02-18T00:00:00Z,5723.69,7394.72,4444.51,7138.73,1075.39,1150.91,170.50
2026-02-19T00:00:00Z,5707.91,7337.28,4408.54,7138.76,1065.33,1142.60,169.78
2026-02-20T00:00:00Z,5719.53,7336.08,4399.77,7138.74,1067.82,1142.33,169.93
2026-02-21T00:00:00Z,5719.53,7336.08,4399.77,7138.74,1067.82,1142.33,169.93
2026-02-22T00:00:00Z,5719.53,7336.08,4399.77,7138.74,1067.82,1142.33,169.93
2026-02-23T00:00:00Z,5724.35,7346.68,4410.72,7138.69,1068.62,1142.36,169.96
2026-02-24T00:00:00Z,5711.31,7342.32,4381.92,7166.67,1068.36,1144.81,169.69
2026-02-25T00:00:00Z,5773.66,7346.68,4356.75,7179.43,1071.08,1144.23,170.93
2026-02-26T00:00:00Z,5760.55,7365.39,4375.66,7209.02,1073.19,1145.89,171.14
2026-02-27T00:00:00Z,5798.54,7350.72,4378.02,7191.25,1066.99,1149.55,171.18
2026-02-28T00:00:00Z,5798.54,7350.72,4383.81,7288.55,1072.27,1138.06,171.18
2026-03-01T00:00:00Z,5798.54,7350.72,4383.81,7288.55,1072.27,1138.06,171.18
2026-03-02T00:00:00Z,5741.79,7284.09,4342.66,7262.76,1065.47,1126.14,171.19
2026-03-03T00:00:00Z,5752.86,7226.80,4337.00,7236.38,1059.76,1118.51,171.00
2026-03-04T00:00:00Z,5781.04,7253.58,4352.12,7247.19,1065.15,1125.74,166.50
2026-03-05T00:00:00Z,5785.25,7234.28,4340.30,7243.23,1063.54,1124.97,166.92
2026-03-06T00:00:00Z,5794.30,7140.61,4329.88,7239.48,1061.46,1121.81,166.59
2026-03-07T00:00:00Z,5794.30,7140.61,4329.88,7239.48,1061.46,1121.81,166.59
2026-03-08T00:00:00Z,5794.30,7140.61,4329.88,7239.48,1061.46,1121.81,166.59
2026-03-09T00:00:00Z,5770.01,7136.90,4313.93,7226.31,1062.91,1125.83,167.58
2026-03-10T00:00:00Z,5765.77,7190.02,4333.74,7268.45,1070.63,1131.82,167.79
2026-03-11T00:00:00Z,5839.99,7152.96,4312.34,7280.00,1067.36,1125.49,160.86
2026-03-12T00:00:00Z,5836.92,7131.96,4304.37,7277.11,1065.70,1122.56,160.76
2026-03-13T00:00:00Z,5839.58,7078.70,4291.47,7247.99,1055.97,1114.91,159.56
2026-03-14T00:00:00Z,5839.58,7078.70,4291.47,7247.99,1055.97,1114.91,159.56
2026-03-15T00:00:00Z,5839.58,7078.70,4291.47,7247.99,1055.97,1114.91,159.56
2026-03-16T00:00:00Z,5708.18,7079.93,4296.68,7248.43,1057.31,1114.25,159.83
2026-03-17T00:00:00Z,5715.88,7112.62,4301.68,7258.25,1061.92,1116.06,159.54
2026-03-18T00:00:00Z,5779.41,7093.50,4285.44,7256.83,1059.52,1112.44,159.44
2026-03-19T00:00:00Z,5772.48,7086.72,4305.51,7243.94,1058.57,1105.53,159.33
2026-03-20T00:00:00Z,5784.25,7112.46,4306.64,7250.34,1064.04,1114.94,159.45
2026-03-21T00:00:00Z,5784.25,7112.46,4306.64,7250.34,1064.04,1114.94,159.45
2026-03-22T00:00:00Z,5784.25,7112.46,4306.64,7250.34,1064.04,1114.94,159.45
2026-03-23T00:00:00Z,5745.57,7137.69,4312.52,7253.13,1068.03,1115.46,159.54
2026-03-24T00:00:00Z,5778.61,7122.92,4302.43,7251.36,1064.33,1110.60,159.07
2026-03-25T00:00:00Z,5818.97,7135.23,4301.44,7244.91,1065.96,1111.54,167.86
2026-03-26T00:00:00Z,5833.24,7102.61,4283.64,7233.68,1061.62,1106.70,167.23
2026-03-27T00:00:00Z,5807.51,7096.92,4276.16,7229.95,1057.09,1101.34,166.81
2026-03-28T00:00:00Z,5807.51,7096.92,4276.16,7229.95,1057.09,1101.34,166.81
2026-03-29T00:00:00Z,5807.51,7096.92,4276.16,7229.95,1057.09,1101.34,166.81
2026-03-30T00:00:00Z,5787.93,7076.58,4288.13,7232.49,1053.05,1097.11,166.20
2026-03-31T00:00:00Z,5748.38,7085.21,4156.97,7121.29,1056.37,1113.29,166.03
2026-04-01T00:00:00Z,5869.68,7151.14,4187.89,7148.82,1062.78,1124.02,168.16
2026-04-02T00:00:00Z,5898.94,7101.85,4154.27,7124.18,1053.76,1113.61,167.98
2026-04-03T00:00:00Z,5921.08,7207.08,4154.27,7124.18,1053.76,1113.61,167.98
2026-04-04T00:00:00Z,5921.08,7207.08,4154.27,7124.18,1053.76,1113.61,167.98
2026-04-05T00:00:00Z,5921.08,7207.08,4154.27,7124.18,1053.76,1113.61,167.98
2026-04-06T00:00:00Z,5899.68,7207.08,4154.27,7124.18,1053.76,1113.61,167.98
2026-04-07T00:00:00Z,5931.77,7227.09,4147.99,7165.96,1056.62,1113.19,167.94
2026-04-08T00:00:00Z,5996.62,7320.27,4192.39,7195.07,1074.74,1129.87,158.49
2026-04-09T00:00:00Z,6006.50,7307.14,4172.02,7189.80,1070.84,1125.77,158.69
2026-04-10T00:00:00Z,5990.15,7315.78,4164.93,7196.43,1072.58,1128.15,158.93
2026-04-11T00:00:00Z,5990.15,7315.78,4164.93,7196.43,1072.58,1128.15,158.93
2026-04-12T00:00:00Z,5990.15,7315.78,4164.93,7196.43,1072.58,1128.15,158.93
2026-04-13T00:00:00Z,5934.73,7298.91,4148.21,7192.43,1070.69,1125.43,158.66
2026-04-14T00:00:00Z,5914.06,7367.00,4173.95,7209.68,1082.48,1139.87,159.67
2026-04-15T00:00:00Z,5781.04,7358.88,4167.57,7204.06,1081.01,1137.38,164.15
2026-04-16T00:00:00Z,5734.38,7360.13,4170.50,7203.94,1080.47,1136.34,164.80
2026-04-17T00:00:00Z,5706.92,7335.73,4166.69,7202.80,1079.68,1137.66,165.47
2026-04-18T00:00:00Z,5706.92,7335.73,4166.69,7202.80,1079.68,1137.66,165.47
2026-04-19T00:00:00Z,5706.92,7335.73,4166.69,7202.80,1079.68,1137.66,165.47
2026-04-20T00:00:00Z,5667.16,7312.72,4172.29,7207.70,1077.81,1139.28,165.20
2026-04-21T00:00:00Z,5675.38,7317.08,4168.97,7209.66,1078.58,1142.07,165.66
2026-04-22T00:00:00Z,5699.71,7295.93,4164.27,7200.59,1077.10,1138.40,155.84
2026-04-23T00:00:00Z,5737.46,7271.68,4157.33,7189.49,1077.58,1134.37,155.79
2026-04-24T00:00:00Z,5733.09,7279.77,4159.04,7188.06,1076.41,1133.40,155.67
2026-04-25T00:00:00Z,5733.09,7279.77,4159.04,7188.06,1076.41,1133.40,155.67
2026-04-26T00:00:00Z,5733.09,7279.77,4159.04,7188.06,1076.41,1133.40,155.67
2026-04-27T00:00:00Z,5704.67,7302.77,4164.38,7201.95,1082.59,1135.62,156.59
2026-04-28T00:00:00Z,5716.35,7259.88,4150.57,7185.47,1074.55,1125.53,155.72
2026-04-29T00:00:00Z,5711.10,7276.04,4149.36,7191.02,1077.84,1128.28,167.30
2026-04-30T00:00:00Z,5722.31,7273.55,4236.34,7121.77,1038.89,1132.68,167.38
2026-05-01T00:00:00Z,5842.03,7250.56,4236.34,7121.77,1038.89,1132.68,167.38
2026-05-02T00:00:00Z,5842.03,7250.56,4236.34,7121.77,1038.89,1132.68,167.38
2026-05-03T00:00:00Z,5842.03,7250.56,4236.34,7121.77,1038.89,1132.68,167.38
2026-05-04T00:00:00Z,5819.36,7249.32,4221.33,7120.19,1041.92,1134.59,168.02
2026-05-05T00:00:00Z,5838.54,7240.65,4202.79,7120.23,1040.86,1134.22,168.03
2026-05-06T00:00:00Z,5845.12,7287.74,4245.77,7140.14,1047.30,1141.59,161.04
2026-05-07T00:00:00Z,5862.17,7292.69,4241.04,7149.91,1047.53,1143.37,160.73
2026-05-08T00:00:00Z,5869.56,7274.45,4230.91,7150.61,1046.73,1142.62,160.38
2026-05-09T00:00:00Z,5869.56,7274.45,4230.91,7150.61,1046.73,1142.62,160.38
2026-05-10T00:00:00Z,5869.56,7274.45,4230.91,7150.61,1046.73,1142.62,160.38
2026-05-11T00:00:00Z,5853.78,7276.93,4220.90,7155.54,1046.14,1142.14,160.28
2026-05-12T00:00:00Z,5864.27,7260.23,4208.71,7160.16,1039.95,1138.40,159.82
2026-05-13T00:00:00Z,5917.36,7246.00,4203.87,7161.40,1038.99,1138.27,164.10
2026-05-14T00:00:00Z,5924.06,7237.96,4199.20,7167.51,1038.97,1137.63,163.70
2026-05-15T00:00:00Z,5969.04,7185.16,4183.29,7140.71,1027.28,1131.18,163.33
2026-05-16T00:00:00Z,5969.04,7185.16,4183.29,7140.71,1027.28,1131.18,163.33
2026-05-17T00:00:00Z,5969.04,7185.16,4183.29,7140.71,1027.28,1131.18,163.33
2026-05-18T00:00:00Z,5935.38,7197.51,4177.57,7151.64,1029.40,1133.13,163.49
2026-05-19T00:00:00Z,5893.32,7180.21,4168.43,7145.45,1031.06,1129.66,163.32
2026-05-20T00:00:00Z,5906.80,7167.85,4170.50,7148.97,1030.67,1125.87,162.46
2026-05-21T00:00:00Z,5924.48,7167.24,4167.66,7149.54,1032.03,1128.24,162.31
2026-05-22T00:00:00Z,5887.13,7173.26,4167.57,7156.87,1031.86,1131.06,161.95
2026-05-23T00:00:00Z,5887.13,7173.26,4167.57,7156.87,1031.86,1131.06,161.95
2026-05-24T00:00:00Z,5887.13,7173.26,4167.57,7156.87,1031.86,1131.06,161.95
2026-05-25T00:00:00Z,5887.13,7202.95,4173.29,7168.39,1038.09,1138.24,161.81
2026-05-26T00:00:00Z,5830.53,7197.38,4166.01,7167.48,1035.84,1132.76,161.82
2026-05-27T00:00:00Z,5859.87,7199.24,4160.35,7170.78,1033.20,1130.94,163.77
2026-05-28T00:00:00Z,5853.51,7186.87,4159.48,7173.09,1030.87,1127.28,163.54
2026-05-29T00:00:00Z,5788.82,7175.05,4164.42,7186.93,1032.57,1136.84,164.13
2026-05-30T00:00:00Z,5788.82,7175.05,4164.42,7186.93,1032.57,1136.84,164.13
2026-05-31T00:00:00Z,5788.82,7175.05,4171.39,7149.68,1046.53,1119.63,164.13
2026-06-01T00:00:00Z,5846.24,7176.28,4165.59,7151.54,1049.49,1117.74,163.83
2026-06-02T00:00:00Z,5835.81,7178.13,4158.83,7154.11,1050.10,1115.46,163.74
2026-06-03T00:00:00Z,5863.71,7156.57,4155.94,7146.95,1048.10,1109.93,158.73
2026-06-04T00:00:00Z,5865.85,7172.59,4157.40,7142.24,1048.99,1112.29,158.28
2026-06-05T00:00:00Z,5885.19,7142.67,4155.84,7150.95,1049.68,1111.44,158.44
2026-06-06T00:00:00Z,5885.19,7142.67,4155.84,7150.95,1049.68,1111.44,158.44
2026-06-07T00:00:00Z,5885.19,7142.67,4155.84,7150.95,1049.68,1111.44,158.44
2026-06-08T00:00:00Z,5865.43,7081.31,4153.17,7133.81,1041.54,1100.45,157.83
2026-06-09T00:00:00Z,5880.52,7101.56,4148.19,7144.71,1044.76,1101.32,158.00
2026-06-10T00:00:00Z,5923.93,7080.70,4139.58,7135.01,1043.05,1096.18,155.87
2026-06-11T00:00:00Z,5925.42,7079.47,4138.41,7138.52,1041.63,1096.11,155.32
2026-06-12T00:00:00Z,5908.92,7097.09,4147.16,7154.43,1044.64,1099.44,155.21
2026-06-13T00:00:00Z,5908.92,7097.09,4147.16,7154.43,1044.64,1099.44,155.21
2026-06-14T00:00:00Z,5908.92,7097.09,4147.16,7154.43,1044.64,1099.44,155.21
2026-06-15T00:00:00Z,5745.02,7121.63,4147.40,7160.04,1046.10,1103.84,155.29
2026-06-16T00:00:00Z,5733.56,7113.65,4142.53,7160.69,1045.07,1101.17,154.92
2026-06-17T00:00:00Z,5773.09,7111.81,4144.13,7157.47,1044.90,1104.59,161.13
2026-06-18T00:00:00Z,5821.09,7032.05,4128.32,7144.68,1031.09,1089.24,159.84
2026-06-19T00:00:00Z,5821.09,7017.74,4120.65,7147.03,1031.45,1086.28,159.54
2026-06-20T00:00:00Z,5821.09,7017.74,4120.65,7147.03,1031.45,1086.28,159.54
2026-06-21T00:00:00Z,5821.09,7017.74,4120.65,7147.03,1031.45,1086.28,159.54
2026-06-22T00:00:00Z,5789.68,7011.00,4106.70,7141.28,1032.67,1084.18,159.43
2026-06-23T00:00:00Z,5804.06,6971.84,4112.83,7129.77,1030.09,1081.86,159.14
2026-06-24T00:00:00Z,5829.27,6940.01,4109.01,7103.39,1025.81,1077.98,152.98
2026-06-25T00:00:00Z,5858.46,6941.24,4104.81,7116.71,1025.77,1077.35,152.90
2026-06-26T00:00:00Z,5833.64,6974.29,4109.82,7116.72,1030.27,1083.54,153.52
2026-06-27T00:00:00Z,5833.64,6974.29,4109.82,7116.72,1030.27,1083.54,153.52
2026-06-28T00:00:00Z,5833.64,6974.29,4109.82,7116.72,1030.27,1083.54,153.52
2026-06-29T00:00:00Z,5855.14,6977.35,4104.50,7121.12,1031.18,1083.55,153.29
2026-06-30T00:00:00Z,5789.60,6970.01,3937.24,7285.17,1056.64,1128.57,152.95
2026-07-01T00:00:00Z,5916.20,6963.28,3930.68,7275.50,1058.14,1126.26,162.56
2026-07-02T00:00:00Z,5951.80,6973.06,3958.00,7281.39,1063.44,1132.01,162.67
2026-07-03T00:00:00Z,5945.55,6849.36,3968.77,7289.52,1067.32,1138.11,162.81
2026-07-04T00:00:00Z,5945.55,6849.36,3968.77,7289.52,1067.32,1138.11,162.81
2026-07-05T00:00:00Z,5945.55,6849.36,3968.77,7289.52,1067.32,1138.11,162.81
2026-07-06T00:00:00Z,5938.74,6829.61,3939.60,7274.22,1066.51,1133.47,162.56
2026-07-07T00:00:00Z,5935.12,6840.38,3950.50,7276.60,1069.78,1133.17,162.63
2026-07-08T00:00:00Z,5983.02,6823.03,3936.02,7269.37,1066.77,1129.80,157.81
2026-07-09T00:00:00Z,5985.20,6841.58,3937.79,7273.94,1070.57,1132.26,157.99
2026-07-10T00:00:00Z,5996.79,6824.30,3950.96,7296.95,1072.72,1132.26,158.16
2026-07-11T00:00:00Z,5996.79,6824.30,3950.96,7296.95,1072.72,1132.26,158.16
2026-07-12T00:00:00Z,5996.79,6824.30,3950.96,7296.95,1072.72,1132.26,158.16
2026-07-13T00:00:00Z,5984.53,6820.72,3944.41,7293.69,1069.95,1127.99,158.36
2026-07-14T00:00:00Z,5947.52,6809.37,3942.53,7290.97,1069.62,1125.63,158.62
2026-07-15T00:00:00Z,5946.90,6809.97,3938.41,7297.18,1071.24,1125.85,164.66
2026-07-16T00:00:00Z,5920.39,6846.39,3943.08,7305.20,1079.76,1132.61,165.24
2026-07-17T00:00:00Z,5927.51,6802.77,3939.28,7293.74,1073.90,1132.14,165.27
2026-07-18T00:00:00Z,5927.51,6802.77,3939.28,7293.74,1073.90,1132.14,165.27
2026-07-19T00:00:00Z,5927.51,6802.77,3939.28,7293.74,1073.90,1132.14,165.27
2026-07-20T00:00:00Z,5914.80,6797.42,3938.51,7305.15,1075.71,1130.27,165.17
2026-07-21T00:00:00Z,5867.77,6792.66,3929.82,7306.09,1070.96,1126.67,164.67
2026-07-22T00:00:00Z,5911.58,6786.71,3921.95,7298.65,1068.33,1124.59,159.01
2026-07-23T00:00:00Z,5869.27,6777.19,3912.24,7301.55,1067.11,1119.75,159.15
2026-07-24T00:00:00Z,5860.40,6762.51,3903.94,7299.50,1064.83,1117.43,159.02
2026-07-25T00:00:00Z,5860.40,6762.51,3903.94,7299.50,1064.83,1117.43,159.02
2026-07-26T00:00:00Z,5860.40,6762.51,3903.94,7299.50,1064.83,1117.43,159.02
2026-07-27T00:00:00Z,5843.25,6769.64,3908.27,7306.07,1064.26,1120.78,158.81
2026-07-28T00:00:00Z,5780.12,6756.56,3901.77,7300.48,1061.88,1114.42,158.78
2026-07-29T00:00:00Z,5765.17,6764.29,3907.28,7305.89,1062.04,1114.14,159.26
2026-07-30T00:00:00Z,5739.17,6821.35,3925.07,7318.00,1070.00,1124.50,159.92
2026-07-31T00:00:00Z,5859.47,6823.52,4020.94,7436.59,1080.80,1148.00,159.98
2026-08-01T00:00:00Z,5859.47,6823.52,4020.94,7436.59,1080.80,1148.00,159.98
2026-08-02T00:00:00Z,5859.47,6823.52,4020.94,7436.59,1080.80,1148.00,159.98
2026-08-03T00:00:00Z,5865.98,6853.23,4112.18,7435.21,1084.75,1151.02,160.13
2026-08-04T00:00:00Z,5811.72,6841.35,4093.05,7434.15,1082.79,1149.15,159.75
2026-08-05T00:00:00Z,5817.59,6864.52,4088.42,7438.10,1085.43,1149.83,164.06
2026-08-06T00:00:00Z,5785.41,6857.39,4082.15,7439.05,1084.49,1148.51,164.64
2026-08-07T00:00:00Z,5793.00,6832.21,4069.18,7440.66,1083.08,1147.69,164.50
2026-08-08T00:00:00Z,5793.00,6832.21,4069.18,7440.66,1083.08,1147.69,164.50
2026-08-09T00:00:00Z,5793.00,6832.21,4069.18,7440.66,1083.08,1147.69,164.50
2026-08-10T00:00:00Z,5780.74,6844.05,4061.34,7444.28,1087.49,1150.54,165.32
2026-08-11T00:00:00Z,5749.99,6835.17,4047.01,7443.21,1087.12,1147.70,165.35
2026-08-12T00:00:00Z,5799.82,6838.13,4049.87,7445.58,1089.19,1146.36,163.37
2026-08-13T00:00:00Z,5792.92,6831.61,4043.81,7445.75,1086.47,1144.41,163.09
2026-08-14T00:00:00Z,5800.52,6856.12,4051.85,7447.61,1090.09,1145.61,163.96
2026-08-15T00:00:00Z,5800.52,6856.12,4051.85,7447.61,1090.09,1145.61,163.96
2026-08-16T00:00:00Z,5800.52,6856.12,4051.85,7447.61,1090.09,1145.61,163.96
2026-08-17T00:00:00Z,5826.91,6871.53,4046.44,7449.74,1091.90,1148.30,164.15
2026-08-18T00:00:00Z,5797.85,6861.45,4034.38,7446.53,1089.21,1144.55,163.98
2026-08-19T00:00:00Z,5808.98,6878.64,4049.97,7451.06,1091.65,1147.90,165.59
2026-08-20T00:00:00Z,5810.40,6923.69,4058.25,7467.29,1097.30,1163.96,166.81
2026-08-21T00:00:00Z,5812.28,6917.67,4059.90,7470.62,1099.70,1163.26,167.18
2026-08-22T00:00:00Z,5812.28,6917.67,4059.90,7470.62,1099.70,1163.26,167.18
2026-08-23T00:00:00Z,5812.28,6917.67,4059.90,7470.62,1099.70,1163.26,167.18
2026-08-24T00:00:00Z,5778.47,6896.97,4049.07,7468.22,1097.94,1158.67,165.85
2026-08-25T00:00:00Z,5751.16,6895.79,4046.19,7471.51,1097.75,1158.59,165.73
2026-08-26T00:00:00Z,5770.77,6899.93,4050.36,7470.65,1097.61,1156.94,167.28
2026-08-27T00:00:00Z,5779.65,6885.74,4042.25,7470.91,1093.73,1155.05,167.19
2026-08-28T00:00:00Z,5759.39,6887.23,4034.82,7470.30,1093.79,1156.34,167.38
2026-08-29T00:00:00Z,5759.39,6887.23,4034.82,7470.30,1093.79,1156.34,167.38
2026-08-30T00:00:00Z,5759.39,6887.23,4034.82,7470.30,1093.79,1156.34,167.38
2026-08-31T00:00:00Z,5700.63,6859.43,4036.01,7419.45,1090.29,1150.19,167.00
2026-09-01T00:00:00Z,5787.39,6855.88,4025.01,7416.66,1089.64,1147.40,166.97
2026-09-02T00:00:00Z,5792.32,6848.78,4039.34,7417.46,1085.79,1142.56,160.30
2026-09-03T00:00:00Z,5832.57,6870.67,4132.08,7420.18,1086.91,1150.36,161.85
2026-09-04T00:00:00Z,5847.61,6871.13,4125.92,7429.22,1089.56,1149.22,161.76
2026-09-05T00:00:00Z,5847.61,6871.13,4125.92,7429.22,1089.56,1149.22,161.76
2026-09-06T00:00:00Z,5847.61,6871.13,4125.92,7429.22,1089.56,1149.22,161.76
2026-09-07T00:00:00Z,5847.61,6871.13,4165.84,7429.13,1089.61,1149.22,161.51
2026-09-08T00:00:00Z,5856.56,6866.40,4178.07,7429.64,1090.81,1145.99,161.69
2026-09-09T00:00:00Z,5896.48,6888.87,4206.06,7432.68,1092.37,1152.31,162.16
2026-09-10T00:00:00Z,5917.77,6867.59,4181.36,7434.35,1088.78,1145.34,161.60
2026-09-11T00:00:00Z,5913.16,6852.31,4185.10,7432.15,1087.80,1140.67,161.11
2026-09-12T00:00:00Z,5913.16,6852.31,4185.10,7432.15,1087.80,1140.67,161.11
2026-09-13T00:00:00Z,5913.16,6852.31,4185.10,7432.15,1087.80,1140.67,161.11
2026-09-14T00:00:00Z,5867.97,6828.07,4171.24,7431.96,1086.70,1139.05,160.77
2026-09-15T00:00:00Z,5748.36,6820.98,4158.98,7428.55,1085.80,1136.66,160.40
2026-09-16T00:00:00Z,5749.47,6819.79,4157.80,7433.41,1083.58,1135.50,160.70
2026-09-17T00:00:00Z,5773.60,6786.69,4140.62,7432.96,1077.19,1127.96,160.05
2026-09-18T00:00:00Z,5760.04,6759.65,4083.03,7443.92,1074.60,1126.37,159.88
2026-09-19T00:00:00Z,5760.04,6759.65,4083.03,7443.92,1074.60,1126.37,159.88
2026-09-20T00:00:00Z,5760.04,6759.65,4083.03,7443.92,1074.60,1126.37,159.88
2026-09-21T00:00:00Z,5741.57,6777.35,4099.15,7446.43,1078.66,1132.19,159.95
2026-09-22T00:00:00Z,5741.70,6761.42,4101.55,7441.22,1076.13,1134.94,159.50
2026-09-23T00:00:00Z,5741.70,6730.75,4082.26,7433.11,1069.13,1130.16,158.99
